step,episode,ep_reward_mean,ep_len_mean,policy_loss,value_loss,entropy,approx_kl,learning_rate,entropy_coef,collision_rate,offroad_rate,success_rate,fps,clipfrac,explained_variance,grad_norm,avg_speed,lane_deviation,lane_change_count,min_ttc,path_completion
2048,1,0,0,0.028944775578565896,116.78808994293213,2.2779074758291245,0.1642995154310523,0.0002,0.02,0,0,0,253.94950186051207,0.3939453125,-0.0006560087203979492,12.451541376113891,0,0,0,0,0
4096,2,-301.96534976900284,804.6,0.017557020694948734,109.24840850830078,2.048155090212822,0.06334152589552716,0.0002,0.01997952,1.0,0.0,0.0,262.3067890277609,0.28408203125,0.010329902172088623,15.71691889166832,0.2822703253055174,0.4761667500162689,0.0,0,0.06591265263977222
6144,3,0,0,0.007670479314401746,85.09919757843018,1.9363500654697419,0.044150965404701474,0.0002,0.01995904,0,0,0,300.883461938933,0.252978515625,0.020624756813049316,10.858398908376694,0,0,0,0,0
8192,4,-311.93761719946167,800.7,0.046731925755739215,282.0660816192627,1.9967621654272079,0.13399121927796426,0.0002,0.01993856,1.0,0.0,0.0,243.67980388817776,0.363818359375,0.019645333290100098,92.14528322219849,0.29003786196142756,0.5365730015150765,0.0,0,0.06733289437925258
10240,5,0,0,-0.0015809275559149683,291.42974891662595,2.0231138169765472,0.008835712444855683,0.0002,0.01991808,0,0,0,267.356372262004,0.04365234375,0.0010589957237243652,118.22508335113525,0,0,0,0,0
12288,6,-317.69700238100523,669.8,0.03313893438316882,115.09417610168457,1.9790477454662323,0.15219849433197444,0.0002,0.0198976,1.0,0.0,0.0,295.2171905007389,0.428125,0.0003083944320678711,8.163688027858734,0.2579210731832352,0.49545891691002825,0.0,0,0.04671142438990804
14336,7,0,0,0.04375929799862206,213.933345413208,2.4673810958862306,0.10872731048148496,0.0002,0.01987712,0,0,0,280.44538958634024,0.41083984375,0.00047069787979125977,69.36896266937256,0,0,0,0,0
16384,8,-290.82423640736585,546.5,-0.0004763069533510134,170.87876052856444,2.3035490691661833,0.006704847283256507,0.0002,0.019856640000000002,1.0,0.0,0.0,248.5186797348948,0.030224609375,0.0006226301193237305,34.01518864631653,0.24794950245427935,0.5442425750069206,0.0,0,0.04487068412788599
18432,9,0,0,0.0018190254922956228,313.68773193359374,2.217554157972336,0.010110788772004628,0.0002,0.019836160000000002,0,0,0,273.3170696877925,0.043408203125,0.00014525651931762695,136.33268127441406,0,0,0,0,0
20480,10,-261.7770846501632,455.6,-0.0004622844746336341,240.63618698120118,2.293282520771027,0.0023158070848274476,0.0002,0.01981568,1.0,0.0,0.0,222.6609269997093,0.01142578125,0.0002899169921875,75.34719648361207,0.2608238381131988,0.5336779984451376,0.0,0,0.03528388022544466
22528,11,0,0,-0.0015460698632523417,232.26947135925292,2.279325783252716,0.005169511272383359,0.0002,0.0197952,0,0,0,254.6155523979825,0.020458984375,0.0002573728561401367,64.70411562919617,0,0,0,0,0
24576,12,-100.92749731613623,915.1,0.01618634124752134,132.17045154571534,2.308452707529068,0.0707405334113022,0.0002,0.01977472,0.2,0.0,0.0,307.147073329151,0.28984375,0.0002142190933227539,9.194801303744317,0.16696199290074668,0.49783356539221135,0.0,0,0.03555205678002278
26624,13,0,0,0.04182896791025996,32.491234350204465,2.914263790845871,0.3228286726400303,0.0002,0.01975424,0,0,0,315.5022839013275,0.75498046875,-0.0003961324691772461,82.2608491897583,0,0,0,0,0
28672,14,-58.41105727984598,1000.0,-0.0002095227362588048,24.32108328342438,2.791644787788391,0.017292019470190902,0.0002,0.01973376,0.1,0.0,0.0,309.903341241641,0.07919921875,2.9742717742919922e-05,68.91191453933716,0.14278480697174434,0.37710472651406163,0.0,0,0.025865450966259574
30720,15,0,0,0.0025851147482171656,12.494466489553451,2.734071063995361,0.08002766722775348,0.0002,0.01971328,0,0,0,300.4467839287798,0.185498046875,0.001985490322113037,36.84018279537558,0,0,0,0,0
32768,16,-92.29400471249504,1000.0,0.027283969870768487,5.93159219622612,2.9268004655838014,0.47909853276796976,0.0002,0.0196928,0.1,0.0,0.0,287.6793527640838,0.562451171875,0.003043234348297119,22.75216542184353,0.18331403732363302,0.5933784665850148,0.0,0,0.04044367144912717
34816,17,0,0,0.022517887689173222,3.3310359463095667,3.0516443133354185,0.5181156664621117,0.0002,0.01967232,0,0,0,269.16475791156137,0.423095703125,-0.0023956298828125,13.211322043836116,0,0,0,0,0
36864,18,-124.96685345045066,1000.0,0.030741850030608475,148.09532012939454,3.0816802620887755,0.12063270946964937,0.0002,0.01965184,0.3,0.0,0.0,275.6414646729882,0.3193359375,0.014001309871673584,24.213268625736237,0.20172183093123794,0.4125395761348635,0.0,0,0.0481730242196799
38912,19,0,0,0.0021503113559447227,49.282659721374515,3.0840124666690825,0.017133664508588563,0.0002,0.01963136,0,0,0,252.76772740661573,0.078076171875,0.08378738164901733,22.317826080322266,0,0,0,0,0
40960,20,-317.13140148895195,999.9,0.0064370579435490075,80.97969722747803,3.08241121172905,0.020407160714970504,0.0002,0.01961088,0.5,0.0,0.0,243.6150834222105,0.099560546875,0.26818615198135376,48.080402839183805,0.18825297382480471,0.6109908812385136,0.0,0,0.042461091139522636
43008,21,0,0,0.002726376859936863,185.17852172851562,2.9699695885181425,0.0132540963881217,0.0002,0.0195904,0,0,0,241.02249851323901,0.057177734375,0.23779547214508057,134.13139610290528,0,0,0,0,0
45056,22,-122.45239223106651,994.3,-0.0021963381790556014,7.5110527098178865,3.0219190955162047,0.013861590028411783,0.0002,0.01956992,0.2,0.0,0.0,264.69023802027203,0.065234375,0.6589633226394653,82.27685188055038,0.14903079415548753,0.6945406790308173,0.0,0,0.02933825120881344
47104,23,0,0,0.005487203795928508,2.765866157412529,2.936554306745529,0.04467111767590103,0.0002,0.01954944,0,0,0,290.7407305040017,0.22373046875,0.7822447419166565,55.404712331295016,0,0,0,0,0
49152,24,17.8049750431933,1000.0,0.03948409205768257,2.8427833765745163,2.511539840698242,0.6621171685867048,0.0002,0.01952896,0.0,0.0,0.0,307.510729020055,0.51474609375,0.7511547803878784,46.16274198293686,0.17939545725854647,0.41293370371121485,0.0,0,0.04192111979173404
51200,25,0,0,0.00645125585142523,1.5323988750576973,2.7863734483718874,0.03328888629330682,0.0002,0.01950848,0,0,0,283.5051734972461,0.162548828125,0.604697585105896,24.612052893638612,0,0,0,0,0
53248,26,18.155164887872214,1000.0,0.03853067639283836,0.8812609698623419,3.224109387397766,0.2445567067246909,0.0002,0.019488000000000002,0.0,0.0,0.0,309.3567736558265,0.578857421875,0.6221249103546143,21.501793509721757,0.17228555797396927,0.5739754297358629,0.0,0,0.046123646422601104
55296,27,0,0,-0.001068707648664713,0.33123292215168476,2.8714434027671816,0.030030163930498777,0.0002,0.019467520000000002,0,0,0,272.462209045256,0.14541015625,0.8450508713722229,12.120088332891465,0,0,0,0,0
57344,28,-8.372765165928426,981.1,-0.002241447288542986,0.46057300716638566,2.799676901102066,0.03447549663542548,0.0002,0.01944704,0.2,0.0,0.0,249.85443736133556,0.192578125,0.6038256287574768,9.63732098042965,0.46261431874114534,1.0148970918418896,0.0,0,0.14209676709900207
59392,29,0,0,0.018096909136511387,56.52290678024292,2.818945360183716,0.0742013323586461,0.0002,0.01942656,0,0,0,291.1090778431263,0.33251953125,-0.08402490615844727,7.8447670340538025,0,0,0,0,0
61440,30,-56.04356770844407,835.5,0.002785191033035517,61.711141395568845,2.7671005725860596,0.036788688122763924,0.0002,0.01940608,0.5,0.0,0.0,296.72179649938846,0.17001953125,0.0029373764991760254,9.418878284096717,0.4454775743592953,0.8434629289427535,0.0,0,0.09275614386937062
63488,31,0,0,-0.00017998756375163792,42.645831966400145,2.645916849374771,0.017069472867300144,0.0002,0.0193856,0,0,0,270.36431103488536,0.095263671875,0.023668229579925537,17.5713771045208,0,0,0,0,0
65536,32,-56.85508325500024,867.3,0.006782109977211803,0.9905813246965408,2.612667292356491,0.04790865190734892,0.0002,0.01936512,0.5,0.0,0.0,264.7981962512366,0.20439453125,0.619985818862915,18.921223717927933,0.5550734846793028,0.7204107403606852,0.0,0,0.13944075889263846
67584,33,0,0,0.0023666270542889835,63.91063451766968,2.7946088135242464,0.02496538729174324,0.0002,0.01934464,0,0,0,245.21599902986216,0.149951171875,0.2638435363769531,98.18235278129578,0,0,0,0,0
69632,34,-74.54505373449913,717.1,-0.0007726033218204975,24.418886041641237,2.832491987943649,0.01556029698258779,0.0002,0.01932416,0.9,0.0,0.0,303.30562186370685,0.0802734375,-0.28248703479766846,27.797981929779052,0.5001428279647879,1.0669304049540402,0.0,0,0.09693563723643182
71680,35,0,0,-0.0006064961431548,47.30414237976074,2.972364014387131,0.028989239437217817,0.0002,0.01930368,0,0,0,284.15888155271153,0.141064453125,-0.08675503730773926,9.489583298563957,0,0,0,0,0
73728,36,-34.322286339676445,288.6,0.008505106251686812,35.93690061569214,2.899628829956055,0.03814447418554019,0.0002,0.0192832,1.0,0.0,0.0,283.98962077806874,0.15673828125,-0.003975629806518555,4.098006442189217,0.718553891475151,0.9614927017614429,0.0,0,0.04914836790979917
75776,37,0,0,0.007615346764214337,37.116618967056276,2.6884405434131624,0.043914118781688924,0.0002,0.01926272,0,0,0,239.24673391602843,0.215185546875,0.0029253363609313965,4.374510523676872,0,0,0,0,0
77824,38,-40.634528341348314,428.4,0.004834692401345819,54.550405216217044,2.5240247309207917,0.040646639862100556,0.0002,0.01924224,0.9,0.0,0.0,257.0241692228897,0.159521484375,0.010194122791290283,8.148533034324647,0.8393640233569567,1.2144252404242875,0.0,0,0.08985649395194366
79872,39,0,0,-0.0033433635020628572,49.420049571990965,2.5668621957302094,0.015276666733555608,0.0002,0.01922176,0,0,0,243.75862060060936,0.091845703125,0.046154916286468506,8.98228103518486,0,0,0,0,0
81920,40,-39.35125062942775,425.6,-0.0007027521962299943,289.45242233276366,2.3803116917610168,0.007606076967206716,0.0002,0.01920128,1.0,0.0,0.0,256.82698848240284,0.03330078125,-0.050788283348083496,99.45293531417846,1.355583179282227,1.0072456726423153,0.0,0,0.16601653342677414
83968,41,0,0,-0.0024289880180731415,312.33870086669924,2.5413919568061827,0.006453703364061171,0.0002,0.0191808,0,0,0,257.7536610000438,0.03310546875,-0.00040328502655029297,110.788818359375,0,0,0,0,0
86016,42,0.7834485276025369,305.5,0.0001797363627701998,73.50599336624146,2.5204384088516236,0.020271985619004666,0.0002,0.01916032,0.8,0.1,0.0,271.92366731142715,0.10341796875,1.3709068298339844e-06,14.9484423071146,1.5825329238703858,0.673903187980029,0.0,0,0.1292510405132153
88064,43,0,0,0.006097094062715769,36.451549196243285,2.529928821325302,0.03815913572907977,0.0002,0.01913984,0,0,0,232.53467464902832,0.202197265625,-4.6372413635253906e-05,23.836723226308823,0,0,0,0,0
90112,44,-15.511174231875406,423.3,0.0038930670358240604,20.815705013275146,2.4306360363960264,0.05781241720542694,0.0002,0.019119360000000002,0.7,0.2,0.0,253.0054892889502,0.202734375,-0.00044143199920654297,21.760599744319915,1.5852246471405542,0.911554000359267,0.0,0,0.17025034021490107
92160,45,0,0,0.020026772655546664,51.55475902557373,2.4370808362960816,0.09902397649130182,0.0002,0.01909888,0,0,0,258.39277065066534,0.3650390625,-0.0003218650817871094,6.452083396911621,0,0,0,0,0
94208,46,-51.71305923017469,331.4,0.014114863658323883,44.1899227142334,2.4340788543224336,0.055593476502693986,0.0002,0.0190784,1.0,0.0,0.0,226.78421109435752,0.2796875,-0.0001627206802368164,11.814648818969726,1.918349568546906,1.0983855108180838,0.0,0,0.16733264670254785
96256,47,0,0,0.011449049273505808,53.454228496551515,2.5453165888786318,0.06576613462530387,0.0002,0.01905792,0,0,0,264.3561433080949,0.275634765625,-0.00040984153747558594,4.713221684098244,0,0,0,0,0
98304,48,-51.96204162428309,257.1,-0.0016408074647188188,75.01615562438965,2.4144808650016785,0.01627580064232752,0.0002,0.01903744,1.0,0.0,0.0,251.50171947676938,0.08837890625,0.0021789073944091797,6.130192536115646,1.2830903517883407,1.5479781715396919,0.0,0,0.07405845485382609
100352,49,0,0,0.00038930031005293133,63.39572820663452,2.7003659069538117,0.01144083794206648,0.0002,0.01901696,0,0,0,222.0512932053002,0.053955078125,0.02024441957473755,11.548070871829987,0,0,0,0,0
102400,50,-28.580903461040087,329.8,-1.2022675946354866e-05,59.182639598846436,2.677477687597275,0.00873775566579111,0.0002,0.01899648,1.0,0.0,0.0,226.75865391131165,0.041015625,0.0656815767288208,16.75217468738556,1.5051400673456397,1.4375134677964208,0.0,0,0.1214577420383343
104448,51,0,0,-0.004365218640305102,52.39591016769409,2.5405157923698427,0.013664515214625944,0.0002,0.018976,0,0,0,252.16702637681308,0.059619140625,0.2400989532470703,18.70676383972168,0,0,0,0,0
106496,52,8.691341740257963,456.9,-0.003833598759956658,29.4009868144989,2.5516111254692078,0.01262165256339608,0.0002,0.01895552,0.9,0.1,0.0,265.73864062296786,0.068701171875,0.49587464332580566,26.306242454051972,1.8039602657015972,0.9190906323338315,0.0,0,0.20210691064458888
108544,53,0,0,-0.0016994219738990068,43.19268445968628,2.510796010494232,0.010896894143664163,0.0002,0.01893504,0,0,0,268.2132999526486,0.05478515625,0.4868985414505005,28.172165155410767,0,0,0,0,0
110592,54,-17.062115481514013,107.9,0.0025615520076826214,73.09852685928345,2.1950707614421843,0.023249286577632748,0.0002,0.01891456,1.0,0.0,0.0,207.73080281916305,0.101220703125,-0.13026726245880127,20.005021703243255,1.8477207213335654,0.49378959047361093,0.0,0,0.067597798878784
112640,55,0,0,0.0015721564996056259,60.19772348403931,2.24552920460701,0.013261908141433918,0.0002,0.01889408,0,0,0,226.5998604039264,0.0708984375,0.06969571113586426,33.620854353904726,0,0,0,0,0
114688,56,25.480385676933597,370.4,-0.005867542559280991,44.7352089881897,2.410729080438614,0.01813614531929862,0.0002,0.0188736,0.8,0.1,0.0,216.08384942297374,0.1037109375,0.3451451063156128,36.98115017414093,1.8465120305677527,0.6704113785928822,0.0,0,0.1609171532300691
116736,57,0,0,0.007953188382089138,5.878471648693084,2.563786143064499,0.037706440917102166,0.0002,0.01885312,0,0,0,254.434430222633,0.186669921875,0.721868634223938,20.562141025066374,0,0,0,0,0
118784,58,-57.8662100492661,431.4,0.06590158559847623,39.25961365699768,3.1773881375789643,0.2111774565884872,0.0002,0.01883264,1.0,0.0,0.0,239.77379562296443,0.610498046875,0.13363295793533325,52.49229089021683,0.6614237507039576,1.2834681149134375,0.0,0,0.05962411999065056
120832,59,0,0,0.0010055893333628773,47.77539644241333,3.266666454076767,0.011549201176970364,0.0002,0.01881216,0,0,0,327.97746979987954,0.05546875,0.5171356201171875,47.006114912033084,0,0,0,0,0
122880,60,-127.58726648440525,633.3,-0.0022658832604065537,67.43196048736573,3.3288461029529572,0.010142640508641434,0.0002,0.01879168,1.0,0.0,0.0,256.4546098903085,0.055810546875,0.5402659773826599,51.07851891517639,0.614812226575835,1.350041333809082,0.0,0,0.08644214317665648
124928,61,0,0,-0.0031241848831996323,42.836817264556885,3.367421638965607,0.016830354057597276,0.0002,0.018771200000000002,0,0,0,262.8962887055375,0.102880859375,0.6518034934997559,30.610572361946105,0,0,0,0,0
126976,62,-54.52275733099698,919.9,-0.00010813309345394372,58.668021011352536,3.425588971376419,0.00402833351145421,0.0002,0.01875072,0.6,0.0,0.0,249.43590734758988,0.021044921875,0.2331821322441101,62.47584376335144,0.4918127498320257,1.0810669591865627,0.0,0,0.11922536366797483
129024,63,0,0,-0.001219656050670892,36.0692982673645,3.494696336984634,0.008811309794421168,0.0002,0.01873024,0,0,0,300.9998805802789,0.049755859375,0.5368940234184265,29.50517177581787,0,0,0,0,0
131072,64,-76.1665155111522,792.1,0.0038649616064503787,1.7773089945316314,3.3253250300884245,0.031543612130919996,0.0002,0.01870976,0.7,0.0,0.0,333.98689734929803,0.134326171875,0.8967742919921875,12.79870159626007,0.6590433402115964,1.2900040555178187,0.0,0,0.12448912645587498
133120,65,0,0,0.008202076726593076,28.520167970657347,3.420186150074005,0.04492448735982489,0.0002,0.01868928,0,0,0,242.73832024877166,0.210986328125,0.6122772693634033,60.79506943225861,0,0,0,0,0
135168,66,-75.60048700940126,390.1,0.00019349636277183891,34.39597668647766,3.4170975983142853,0.0164645740449513,0.0002,0.0186688,1.0,0.0,0.0,286.9401452663084,0.074658203125,0.6494824886322021,53.36784839630127,0.8172375976456792,0.5787256415377536,0.0,0,0.10278781823642487
137216,67,0,0,-0.00044416086748242376,46.194966316223145,3.2932289361953737,0.0025756247212744645,0.0002,0.01864832,0,0,0,295.563858657878,0.0095703125,0.20673120021820068,60.212428379058835,0,0,0,0,0
139264,68,-40.04991603347459,560.1,-0.003728342754766345,0.8939748987555504,3.368611377477646,0.016938551629394998,0.0002,0.01862784,0.8,0.1,0.0,352.88605029588837,0.083251953125,0.92905592918396,28.150253415107727,0.7722209010664814,0.4869828915972881,0.0,0,0.10298881556285952
141312,69,0,0,-0.0005724379792809486,74.27461738586426,3.2832489788532255,0.01288443647790935,0.0002,0.01860736,0,0,0,312.7475636815686,0.069091796875,0.24881082773208618,77.14731082916259,0,0,0,0,0
143360,70,-33.6070211336933,694.3,-0.0019049305701628327,77.04243021011352,3.247443848848343,0.006408687763953513,0.0002,0.01858688,0.7,0.0,0.0,249.4442662345024,0.03203125,0.49388033151626587,82.06978425979614,0.8520972751790005,0.7322672113964808,0.0,0,0.15311858469385503
145408,71,0,0,-0.0025263876188546417,45.7392541885376,3.3393936455249786,0.01324360748713221,0.0002,0.0185664,0,0,0,242.1205192670632,0.07568359375,0.5060619115829468,64.34262897968293,0,0,0,0,0
147456,72,-35.365971877231225,587.9,-0.0015044797910377383,62.7020037651062,3.5268650114536286,0.007182080758414089,0.0002,0.01854592,0.7,0.1,0.0,281.5167751683403,0.0341796875,0.6101829409599304,40.51175343990326,0.8541813814868583,1.297964041378274,0.0,0,0.14309896050916865
149504,73,0,0,-0.0030985318357124926,21.920014715194704,3.667219614982605,0.05074593243771515,0.0002,0.01852544,0,0,0,253.12327002629908,0.266748046875,0.6916464567184448,40.66302132606506,0,0,0,0,0
151552,74,-41.940556672878486,686.0,0.0009425317868590355,22.805722022056578,3.613442873954773,0.012918549487952685,0.0002,0.01850496,0.5,0.0,0.0,290.96551602195694,0.060791015625,0.46222662925720215,53.64356470108032,0.9067346100415064,0.900282596591605,0.0,0,0.1745394294648517
153600,75,0,0,-0.0022999440785497426,48.08072204589844,3.5644129395484923,0.005425956237743637,0.0002,0.01848448,0,0,0,274.1448217590306,0.017724609375,0.3664938807487488,104.86123909950257,0,0,0,0,0
155648,76,-31.273426628865053,717.7,-0.004202549997717142,49.855164241790774,3.641217601299286,0.011139823562464438,0.0002,0.018464,0.5,0.1,0.0,295.68602820212163,0.066748046875,0.6131948828697205,43.27229969501495,0.9560256358482804,0.7970322771443387,0.0,0,0.17032083315913227
157696,77,0,0,-0.002505585993640125,27.39838638305664,3.516033172607422,0.010148190781186062,0.0002,0.01844352,0,0,0,247.92809880301482,0.051953125,0.6771144866943359,41.9515502333641,0,0,0,0,0
159744,78,-87.45237595443015,624.5,-8.553121006116271e-05,77.39481534957886,3.642671275138855,0.004167607986531046,0.0002,0.01842304,0.9,0.0,0.0,374.76511415436664,0.011962890625,0.6327790021896362,71.24407978057862,0.7934948135193328,1.1650788447120468,0.0,0,0.13654439468703616
161792,79,0,0,-0.000901573128066957,122.90169658660889,3.650387334823608,0.005666482487189484,0.0002,0.018402560000000002,0,0,0,289.35674434736114,0.02353515625,0.5063271522521973,85.35845096111298,0,0,0,0,0
163840,80,-51.8861580839943,527.7,-0.0003509070724248886,50.254880046844484,3.6114719986915587,0.010230111858985416,0.0002,0.018382080000000002,0.8,0.0,0.0,258.8527592106178,0.045947265625,0.7283720374107361,40.01841814517975,0.851149854124802,0.7603763109160541,0.0,0,0.11222712835872492
165888,81,0,0,0.002757997554726899,121.64638442993164,3.520345515012741,0.007784835762871025,0.0002,0.0183616,0,0,0,246.77744957499658,0.036474609375,0.1856400966644287,244.523978805542,0,0,0,0,0
167936,82,-8.317489666889381,817.1,-0.0011862427345477045,62.25138263702392,3.5101779878139494,0.007479106548728204,0.0002,0.01834112,0.5,0.0,0.0,305.97870892030903,0.03876953125,0.5310356020927429,65.58674898147584,0.6728133027852483,1.0783979716061294,0.0,0,0.14617092890702751
169984,83,0,0,0.00020501534454524516,29.67104721069336,3.5521087825298308,0.008363604468789473,0.0002,0.01832064,0,0,0,296.0866862935604,0.036328125,0.7245922088623047,42.165915620327,0,0,0,0,0
172032,84,-41.43828535053341,833.2,-3.963143099099398e-05,159.5849895477295,3.7658589720726012,0.0039567683779774595,0.0002,0.01830016,0.5,0.0,0.0,256.08082079566196,0.017822265625,0.6413977742195129,82.14468240737915,0.6479235654727107,1.0641806975044723,0.0,0,0.14503520284352292
174080,85,0,0,-0.00019847475923597812,20.103406596183778,3.638728839159012,0.009945826664104226,0.0002,0.01827968,0,0,0,303.1694254941523,0.04951171875,0.8011624813079834,20.310111701488495,0,0,0,0,0
176128,86,-84.0341136808467,699.3,-0.0006012286175973713,35.798780632019046,3.844146156311035,0.018558349277011887,0.0002,0.0182592,0.7,0.0,0.0,319.5788830487894,0.07607421875,0.3466668725013733,90.93765859603882,0.6401549085576365,0.5541180874785844,0.0,0,0.10767188903635261
178176,87,0,0,-0.0005531744798645377,92.74197731018066,3.572386157512665,0.0037187290950930233,0.0002,0.01823872,0,0,0,250.3059304337118,0.013671875,0.5356928110122681,75.69270401000976,0,0,0,0,0
180224,88,19.864130094496186,952.4,-0.00023508237209171056,15.585536670684814,3.7818796038627625,0.012861558464649892,0.0002,0.01821824,0.1,0.0,0.0,262.0282031735182,0.066455078125,0.6152620315551758,30.8656059384346,0.5622547112993481,0.9647686374041363,0.0,0,0.15046629022353386
182272,89,0,0,-0.000709771504625678,44.69208097457886,3.929177814722061,0.015971227127013085,0.0002,0.01819776,0,0,0,303.7420310249211,0.08740234375,0.635901689529419,40.99277606010437,0,0,0,0,0
184320,90,25.24847280945376,925.7,0.00040583551162853837,76.69701719284058,3.841910403966904,0.0054702635417953225,0.0002,0.01817728,0.2,0.0,0.0,296.4630546584709,0.02275390625,0.47205233573913574,118.54287939071655,0.5909131668479286,0.7348213103359902,0.0,0,0.1497338805968074
186368,91,0,0,-0.0022501680301502346,3.2701022565364837,3.7167098343372347,0.026277721856061486,0.0002,0.0181568,0,0,0,286.3899202783078,0.11689453125,0.748253345489502,26.612517219781875,0,0,0,0,0
188416,92,47.80764812368343,1000.0,-0.008585667004808784,2.5363518476486204,3.679653012752533,0.03313004014199036,0.0002,0.01813632,0.0,0.0,0.0,290.9071910603912,0.167333984375,0.644854724407196,20.007630896568298,0.6464161066233243,0.9739719621671352,0.0,0,0.16902078156694725
190464,93,0,0,0.012610828957986087,0.5780175641179085,3.8998004496097565,0.08388984320336455,0.0002,0.01811584,0,0,0,327.8165568848107,0.294677734375,0.9358432292938232,14.16734858751297,0,0,0,0,0
192512,94,-28.69780395509581,745.9,0.006447955896146595,3.7732437312602998,3.6989633798599244,0.06311636590399175,0.0002,0.01809536,0.5,0.0,0.0,276.07188915311076,0.27412109375,0.7135342359542847,22.87768647670746,0.9437283549248157,0.6285393243904818,0.0,0,0.1536664571512782
194560,95,0,0,0.006970608956180513,6.7707193970680235,3.444072109460831,0.08139688781230128,0.0002,0.01807488,0,0,0,307.3353085949067,0.2111328125,0.7270300388336182,35.3414441883564,0,0,0,0,0
196608,96,34.52631179311312,937.7,-0.0002832076628692448,3.6442345440387727,3.6085591197013853,0.01171350474178555,0.0002,0.0180544,0.2,0.0,0.0,250.48920394974618,0.054931640625,0.7942111492156982,21.048981428146362,0.7234833071721489,0.6284956887729711,0.0,0,0.1559973432249865
198656,97,0,0,0.014856102596968412,1.081799778342247,3.70892254114151,0.09985225412529258,0.0002,0.018033920000000002,0,0,0,271.59709228911015,0.314453125,0.7507911920547485,4.090747404098511,0,0,0,0,0
200704,98,64.60420762227564,750.2,0.05129188394639641,11.918583154678345,3.6346053779125214,0.41655657631345333,0.0002,0.01801344,0.3,0.2,0.0,267.94046947520326,0.499169921875,0.4965893626213074,52.7705739736557,1.1398024289335607,0.6778241863563964,0.0,0,0.21179122009296938
202752,99,0,0,0.005818108608946204,45.38462028503418,3.7025919020175935,0.06335425798315802,0.0002,0.01799296,0,0,0,251.7817532110259,0.193603515625,0.5611273050308228,47.85291581153869,0,0,0,0,0
204800,100,36.25531365280203,824.7,0.010012825555168092,1.6505895733833313,3.7752283096313475,0.0836872536456238,0.0002,0.01797248,0.3,0.0,0.0,210.91095077882838,0.26181640625,0.7802472114562988,9.978001910448075,1.0837440425494074,0.7467431321024458,0.0,0,0.24871974054918974
206848,101,0,0,0.02073735682060942,6.063801097869873,3.714152067899704,0.1110404166742256,0.0002,0.017952,0,0,0,237.93313451869625,0.310205078125,0.42716437578201294,14.840937542915345,0,0,0,0,0
208896,102,39.032042712264946,800.4,0.0010006115306168794,2.6228931307792664,3.709155762195587,0.03137393571669515,0.0002,0.01793152,0.3,0.2,0.0,291.3500164313842,0.143408203125,0.6234197616577148,14.540427362918853,1.2412370794637757,0.8085186542896926,0.0,0,0.2570169129073186
210944,103,0,0,0.002768042031675577,11.58264684677124,3.637919360399246,0.030184312781787397,0.0002,0.01791104,0,0,0,318.3054678181087,0.132275390625,0.3919655680656433,18.019465017318726,0,0,0,0,0
212992,104,70.87318750443077,1000.0,-0.005689845979213714,3.8144871473312376,3.5309691607952116,0.04059833086212512,0.0002,0.01789056,0.1,0.0,0.0,297.57868502823123,0.2009765625,0.7425220012664795,11.545306313037873,1.6903542462410468,0.4305429405290345,0.0,0,0.5431072827297448
215040,105,0,0,0.0011900778161361813,42.75512847900391,3.330107271671295,0.033002916892294135,0.0002,0.01787008,0,0,0,307.57568225836604,0.15419921875,0.14000481367111206,77.01705691814422,0,0,0,0,0
217088,106,120.45326205291488,899.7,-0.004787399538327008,11.760246896743775,3.4074464976787566,0.013882226527860465,0.0002,0.0178496,0.2,0.0,0.0,246.70034602930758,0.091357421875,0.6108576059341431,34.388420379161836,1.8427493654052873,0.5419362488415629,0.0,0,0.5197111302363551
219136,107,0,0,-0.0018399657274130732,35.437358045578,3.506357288360596,0.01792894186365104,0.0002,0.01782912,0,0,0,270.3512834733789,0.099169921875,0.5066221356391907,75.49112181663513,0,0,0,0,0
221184,108,17.56978761984073,691.0,-0.0023138722870498897,5.812815475463867,3.621292006969452,0.010272338982034229,0.0002,0.01780864,0.4,0.0,0.0,274.394586124843,0.05556640625,0.3087228536605835,24.41045872569084,1.5780490139051815,0.48742786179843584,0.0,0,0.2796405980987613
223232,109,0,0,-0.00703142115380615,13.87421793937683,3.5232419431209565,0.027280443935891373,0.0002,0.01778816,0,0,0,249.39434577776078,0.151513671875,0.38639938831329346,31.090357959270477,0,0,0,0,0
225280,110,27.296818111452502,451.9,-0.004070315335411578,7.084015333652497,3.494460266828537,0.02222407943191236,0.0002,0.01776768,0.8,0.0,0.0,353.81245885714657,0.116796875,0.1269911527633667,21.331068348884582,1.9938387861529776,0.419111543014197,0.0,0,0.21712382855591783
227328,111,0,0,0.012110895989462734,121.77632846832276,3.505238926410675,0.031875054968990506,0.0002,0.0177472,0,0,0,253.50712639338863,0.197216796875,0.6328558921813965,335.8207583427429,0,0,0,0,0
229376,112,200.43534491763523,905.0,-0.003995932429097593,11.841478061676025,3.5006509482860566,0.021951977230859225,0.0002,0.01772672,0.2,0.0,0.0,328.2952279421954,0.1265625,0.2529147267341614,32.12341905832291,1.8997942065873432,0.4507391402751881,0.0,0,0.42088676911033585
231424,113,0,0,-0.008023674110881984,25.360940074920656,3.7005892395973206,0.024166659143525455,0.0002,0.01770624,0,0,0,225.15671818504794,0.172607421875,0.5821202993392944,81.90935294628143,0,0,0,0,0
233472,114,209.98803899426784,1000.0,0.0022394519532099367,3.6862150847911836,3.6127238810062408,0.07615489792079053,0.0002,0.017685760000000002,0.0,0.0,0.0,252.23114215036173,0.310205078125,0.28670746088027954,10.584824019670487,1.9841677680241663,0.6533690436733358,0.0,0,0.553908890500669
235520,115,0,0,-0.0004327524919062853,6.193126285076142,3.607742488384247,0.05164645409677475,0.0002,0.01766528,0,0,0,304.5612126606528,0.246240234375,0.4450252056121826,18.387579250335694,0,0,0,0,0
237568,116,218.42873383954935,972.7,0.014200091315433382,4.837439388036728,3.4670471251010895,0.1300949480733871,0.0002,0.0176448,0.1,0.0,0.0,236.03416800578378,0.362109375,0.4307439923286438,13.913871693611146,1.9829488150468595,0.5604004346492305,0.0,0,0.4620021958456988
239616,117,0,0,0.0012343721464276314,4.142991590499878,3.4871223092079164,0.0704269727924926,0.0002,0.01762432,0,0,0,274.23384791040996,0.320068359375,0.7582687139511108,13.431710731983184,0,0,0,0,0
241664,118,243.20627893509885,879.3,0.006781690882053226,7.7415285348892215,3.2705811858177185,0.05970340284403099,0.0002,0.01760384,0.3,0.0,0.0,307.26665386319576,0.23974609375,0.33032381534576416,25.050039196014403,2.430245908790251,0.5975778687330041,0.0,0,0.5691184337894919
243712,119,0,0,0.03496750146150589,9.583993232250213,3.3072893738746645,0.20397576238029003,0.0002,0.01758336,0,0,0,283.56183150779526,0.398388671875,0.22133415937423706,20.233996522426605,0,0,0,0,0
245760,120,356.7034782135984,901.5,0.009019392298068852,7.932946598529815,3.0901476979255675,0.07128264389466829,0.0002,0.01756288,0.0,0.1,0.1,184.21029126613757,0.283056640625,0.23744440078735352,15.396536076068879,3.3564553616033392,0.4093287121541337,0.0,0,0.7438208300735855
247808,121,0,0,0.0014005130622535944,12.031740427017212,2.940413862466812,0.041893293615433744,0.0002,0.0175424,0,0,0,271.8084373208926,0.1681640625,0.6006840467453003,49.928466469049454,0,0,0,0,0
249856,122,370.14591906574725,826.9,0.02861256035976112,8.361692523956298,2.8267271757125854,0.10265309896786275,0.0002,0.01752192,0.1,0.0,0.7,292.2150094269824,0.362890625,0.5867707133293152,39.98013598918915,3.8067182877982546,0.37888935407554386,0.0,0,0.8725826752481283
251904,123,0,0,0.03882022199686617,19.778690528869628,2.8385838091373445,0.1883793089306032,0.0002,0.01750144,0,0,0,271.6273661564144,0.365966796875,0.3708198070526123,42.23860523700714,0,0,0,0,0
253952,124,342.77168881173003,704.9,-3.718829248100519e-05,9.696446776390076,2.7920269131660462,0.019543534371775046,0.0002,0.01748096,0.1,0.3,0.5,248.1882435772063,0.10927734375,0.3844512701034546,38.02097315788269,4.02146192061206,0.5243963555779398,0.0,0,0.7763981306809931
256000,125,0,0,0.003557321988046169,14.210244369506835,2.7891709566116334,0.06886718916940006,0.0002,0.01746048,0,0,0,259.66628221254285,0.225732421875,0.4839589595794678,46.647698926925656,0,0,0,0,0
258048,126,28.99143895603428,147.4,0.028222823236137628,91.64409790039062,2.8284896075725556,0.0731922351056748,0.0002,0.01744,0.9,0.1,0.0,271.8071386147856,0.319189453125,0.2961201071739197,278.3506073951721,3.567476219884051,0.4944941951501134,0.0,0,0.16102522841221273
260096,127,0,0,-0.006875638442579657,82.80484628677368,2.71357381939888,0.016709465545139975,0.0002,0.01741952,0,0,0,209.127977217488,0.08115234375,0.5953054428100586,161.22171082496644,0,0,0,0,0
262144,128,174.78329306932105,442.4,-0.005877522216178477,99.64606456756592,2.713357651233673,0.022524388704009902,0.0002,0.01739904,0.7,0.1,0.2,248.70430561388378,0.1455078125,0.6662893295288086,230.5950204372406,4.1127783742682595,0.37292304222871414,0.0,0,0.5581466998121085
264192,129,0,0,-0.004566187283489853,41.89478797912598,2.7620913982391357,0.017650169935226896,0.0002,0.01737856,0,0,0,230.62267097183496,0.12216796875,0.744304895401001,186.05453205108643,0,0,0,0,0
266240,130,387.5830062037024,683.5,-0.004794572968967259,39.257369709014895,2.8857207238674163,0.009650941096340038,0.0002,0.01735808,0.2,0.0,0.8,242.05198617424597,0.048779296875,0.7191359996795654,243.64095392227173,4.887133362600434,0.34542386355890553,0.0,0,0.931653891063009
268288,131,0,0,-0.0016968073439784348,17.44223372936249,2.7778795659542084,0.014217874410683595,0.0002,0.0173376,0,0,0,282.09321961288566,0.083349609375,0.7489699721336365,137.1043956756592,0,0,0,0,0
270336,132,358.4420953968473,669.6,0.006494962866418064,25.844008588790892,2.8500422716140745,0.043846146360741925,0.0002,0.01731712,0.2,0.0,0.7,251.32835925658318,0.18505859375,0.4841858744621277,88.51229891777038,4.439666984676653,0.3099730101524538,0.0,0,0.8210410176779478
272384,133,0,0,0.040533824439626186,27.415486669540407,2.87618567943573,0.11442265800433767,0.0002,0.01729664,0,0,0,270.7510629266509,0.39189453125,0.5515459775924683,98.75270714759827,0,0,0,0,0
274432,134,385.5512092138362,714.7,0.02546278720255941,15.696860337257386,2.7718700170516968,0.08659960870864342,0.0002,0.01727616,0.2,0.0,0.7,286.2559727063682,0.26025390625,0.6349842548370361,89.11582138538361,4.642373553715229,0.4421359263119392,0.0,0,0.8959973754523409
276480,135,0,0,-0.0020194313605315984,35.302674531936646,2.880107069015503,0.012684400498988816,0.0002,0.01725568,0,0,0,194.42245029197994,0.076806640625,0.5248288512229919,77.27641000747681,0,0,0,0,0
278528,136,280.9167677482627,509.2,-0.002052282087970525,45.287442970275876,2.746496373414993,0.051548437465684514,0.0002,0.0172352,0.3,0.1,0.6,246.9933390363638,0.221923828125,0.31725937128067017,49.51909229755402,4.636542041584081,0.4530607088036261,0.0,0,0.8341893503583876
280576,137,0,0,0.0009699911111965776,14.695196866989136,2.8074150562286375,0.040828897652684715,0.0002,0.01721472,0,0,0,253.80158196705642,0.208251953125,0.44424498081207275,29.672263276576995,0,0,0,0,0
282624,138,363.24358901883954,540.9,-0.004373656341340393,27.497109794616698,2.709045433998108,0.016289018583487247,0.0002,0.01719424,0.1,0.1,0.8,200.37478048414087,0.091650390625,0.3245842456817627,43.54090957641601,5.5018462235360115,0.4357913189608709,0.0,0,0.8512107404428733
284672,139,0,0,-0.003085800400003791,24.59412717819214,2.7135921478271485,0.013034981809328505,0.0002,0.01717376,0,0,0,246.36741083288908,0.073876953125,0.44549262523651123,61.91755139827728,0,0,0,0,0
286720,140,349.66805652419066,558.0,-0.00420385308098048,51.614002799987794,2.580309212207794,0.01688635871978964,0.0002,0.01715328,0.2,0.2,0.5,256.0682631317888,0.085107421875,0.42350447177886963,103.45915977954864,5.701070081900077,0.4238474878652626,0.0,0,0.8066927940941024
288768,141,0,0,-0.001352458936162293,27.12004885673523,2.5949168741703033,0.021043257560823085,0.0002,0.0171328,0,0,0,225.70903240822756,0.127197265625,0.338689923286438,72.7382140159607,0,0,0,0,0
290816,142,369.6109072522766,548.3,0.0015010352828539908,46.35006055831909,2.6957113802433015,0.03487929212279126,0.0002,0.01711232,0.3,0.0,0.6,216.53665441414466,0.17734375,0.3022996187210083,117.86764469146729,5.934274676590401,0.3982748521116081,0.0,0,0.8076113228896034
292864,143,0,0,-0.004430882167071104,45.792392063140866,2.6673172414302826,0.014505915041813939,0.0002,0.01709184,0,0,0,220.10393935498396,0.078564453125,0.42988574504852295,67.36383891105652,0,0,0,0,0
294912,144,343.068131848566,498.9,-0.005051638511940837,36.467491722106935,2.7039107203483583,0.012381693185311928,0.0002,0.01707136,0.4,0.1,0.5,250.51822793546822,0.0689453125,0.5588806867599487,71.0966169834137,5.830713914274063,0.4202173320113153,0.0,0,0.6824535366014162
296960,145,0,0,0.0012203405960462988,46.008803367614746,2.6535083174705507,0.032049283923705,0.0002,0.01705088,0,0,0,224.05918921986952,0.152490234375,0.39329010248184204,90.3940199136734,0,0,0,0,0
299008,146,312.9653226324434,404.4,-0.004877075715921819,33.86167998313904,2.5499621093273164,0.025281206209915186,0.0002,0.0170304,0.7,0.1,0.2,285.5791280295223,0.100634765625,0.33664649724960327,62.73922777175903,6.376614533452856,0.48756736506251314,0.0,0,0.7386569697616883
301056,147,0,0,-0.006333607592387125,73.64865264892578,2.5556935727596284,0.011208494487804602,0.0002,0.01700992,0,0,0,211.49123586201713,0.059130859375,0.1951935887336731,63.065467834472656,0,0,0,0,0
303104,148,321.69284121514704,396.8,-0.004131288337521255,114.63484401702881,2.5590135157108307,0.00783234804694583,0.0002,0.01698944,0.5,0.1,0.4,208.01727423469947,0.036376953125,0.27973246574401855,102.19378371238709,6.901215744282901,0.395138384322001,0.0,0,0.6685859290141425
305152,149,0,0,-0.0016677071573212743,89.53938646316529,2.5029693245887756,0.008102586560387547,0.0002,0.01696896,0,0,0,254.17037409577608,0.0384765625,0.4023684859275818,278.037965965271,0,0,0,0,0
307200,150,330.02748025521294,429.6,-0.0029158225283026696,80.2102767944336,2.478856033086777,0.007796048087776899,0.0002,0.016948480000000002,0.5,0.1,0.4,231.89278383845627,0.036572265625,0.5150387287139893,121.55113229751586,6.642398463595805,0.38052522004159617,0.0,0,0.7817726347647285
309248,151,0,0,-0.003907047980464995,83.87878189086913,2.5291215538978578,0.013162567425757657,0.0002,0.016928,0,0,0,212.87509061200072,0.078173828125,0.6016721129417419,97.93890590667725,0,0,0,0,0
311296,152,369.0004752026048,463.3,-0.003647373174317181,82.61332635879516,2.513064044713974,0.011946329569041517,0.0002,0.01690752,0.6,0.1,0.3,234.07044718477596,0.070849609375,0.5960853695869446,150.69282398223876,6.905013399101368,0.4966043998737633,0.0,0,0.8006225853524043
313344,153,0,0,-0.0009764996124431491,59.35411443710327,2.5030292212963103,0.02586286004516809,0.0002,0.01688704,0,0,0,227.18627371869866,0.12919921875,0.5583300590515137,135.82497520446776,0,0,0,0,0
315392,154,344.0413499238197,399.1,0.010440681409090758,89.81112394332885,2.4319160342216493,0.06993702668407495,0.0002,0.01686656,0.4,0.2,0.4,205.10395141382287,0.303466796875,0.34130531549453735,88.53671822547912,7.28771377612882,0.34692632077851754,0.0,0,0.7180005764689973
317440,155,0,0,0.006339705735445023,44.292944240570066,2.4698840975761414,0.02987991868286366,0.0002,0.01684608,0,0,0,194.94521128647412,0.195166015625,0.6517260074615479,94.87454965114594,0,0,0,0,0
319488,156,295.4476536781375,380.8,0.013633217103779316,65.80527410507202,2.4712346613407137,0.05592427190859338,0.0002,0.0168256,0.3,0.1,0.6,242.41424162624565,0.2685546875,0.3091186285018921,73.69791584014892,6.683176277789157,0.37659155032176256,0.0,0,0.7769436297758449
321536,157,0,0,-0.0021316767670214176,105.83131790161133,2.508467382192612,0.018224198324611154,0.0002,0.01680512,0,0,0,233.77391457319035,0.088818359375,0.423569917678833,212.19986333847046,0,0,0,0,0
323584,158,353.0074038444905,472.5,-0.0032186524127610027,77.39623107910157,2.5984748005867004,0.009470568384862913,0.0002,0.01678464,0.3,0.1,0.6,217.42742398303497,0.058642578125,0.6042136549949646,153.9700553894043,6.574609351337729,0.36602236798826776,0.0,0,0.8933561901542678
325632,159,0,0,-0.003895706171169877,55.72440376281738,2.5592524290084837,0.010904441174358317,0.0002,0.01676416,0,0,0,272.61305512922195,0.053173828125,0.49849849939346313,74.4917456150055,0,0,0,0,0
327680,160,399.3038677087146,547.9,-0.003852690616622567,148.9151517868042,2.5850487768650057,0.012600971426585728,0.0002,0.01674368,0.2,0.1,0.7,221.62271353407843,0.06474609375,0.3842468857765198,262.1432191848755,6.394209771539722,0.3580546777862591,0.0,0,0.8652095187065111
329728,161,0,0,-0.004258140327874571,73.88401699066162,2.580757051706314,0.009191818966069226,0.0002,0.0167232,0,0,0,222.75448972353624,0.042041015625,0.6210591793060303,150.2506136894226,0,0,0,0,0
331776,162,408.46871868098117,584.7,0.0293160397966858,61.92887859344482,2.6474153220653536,0.10896019220236217,0.0002,0.01670272,0.2,0.0,0.8,226.4191035285116,0.364501953125,0.5289469957351685,98.98456301689149,6.149681019180406,0.3059100428672192,0.0,0,0.9595316986805542
333824,163,0,0,0.028599810355808587,65.31163997650147,2.8681049227714537,0.10910791093484093,0.0002,0.01668224,0,0,0,272.82906109626157,0.424658203125,0.24607032537460327,135.40484948158263,0,0,0,0,0
335872,164,425.531541826069,600.0,-0.003970654646400363,72.98133792877198,2.700192779302597,0.014105497904990627,0.0002,0.01666176,0.3,0.1,0.6,249.7818562544777,0.074267578125,0.4855484962463379,199.8751661300659,6.46116129938022,0.36394243857114955,0.0,0,0.913440251832149
337920,165,0,0,-0.005628203682135791,85.65560989379883,2.698995167016983,0.012862046067316649,0.0002,0.01664128,0,0,0,190.51687159510877,0.0759765625,0.6279675960540771,223.91747007369995,0,0,0,0,0
339968,166,328.9279825407222,451.3,-0.0027650724281556905,64.22955703735352,2.6626251459121706,0.007075630827971535,0.0002,0.016620799999999998,0.4,0.1,0.5,265.0747799546271,0.02978515625,0.3755531311035156,233.30395665168763,6.431241836269142,0.46320268473262577,0.0,0,0.8593060385163003
342016,167,0,0,-0.006514701177366078,82.27764778137207,2.6769006550312042,0.01691812848330696,0.0002,0.016600320000000002,0,0,0,239.8811976390372,0.08349609375,0.4686815142631531,337.49229583740237,0,0,0,0,0
344064,168,329.11547572775964,401.7,-0.0043459022650495175,93.61474103927613,2.6599991381168366,0.010084594655388218,0.0002,0.016579840000000002,0.3,0.1,0.6,212.86655526978464,0.05,0.48730921745300293,187.39923133850098,6.5907062705572645,0.32888533862908215,0.0,0,0.760092285132026
346112,169,0,0,-0.0011786660412326454,70.97908191680908,2.602839934825897,0.018292940204269616,0.0002,0.016559360000000002,0,0,0,240.8968034265153,0.10966796875,0.3252796530723572,117.53446731567382,0,0,0,0,0
348160,170,228.53348768787117,346.4,-0.0014551296597346663,58.26473016738892,2.672873264551163,0.0139645772840639,0.0002,0.01653888,0.5,0.2,0.3,246.0551908573559,0.08798828125,-0.04036426544189453,74.88634552955628,6.083161996888717,0.3820968249125951,0.0,0,0.6184750722872077
350208,171,0,0,-0.002925488562323153,129.1417932510376,2.6320266008377073,0.023951225553177316,0.0002,0.0165184,0,0,0,237.8609769813894,0.113720703125,0.38431793451309204,290.3116986274719,0,0,0,0,0
352256,172,336.66505880151016,433.1,-0.005831966910045594,93.10653266906738,2.539038586616516,0.018388019438141622,0.0002,0.01649792,0.3,0.2,0.5,214.7738316070828,0.095849609375,0.5770198106765747,181.37004346847533,6.846168365619971,0.3383960156264996,0.0,0,0.828819013861515
354304,173,0,0,0.018370748637244104,72.83445978164673,2.5661299586296082,0.11540344822279307,0.0002,0.01647744,0,0,0,240.08974762853668,0.2521484375,0.624156653881073,178.84061155319213,0,0,0,0,0
356352,174,295.77617293666793,426.4,0.0017393329180777073,82.12649879455566,2.5599163472652435,0.0192499187309365,0.0002,0.01645696,0.6,0.1,0.3,231.8561677543701,0.1154296875,0.492722749710083,148.34270610809327,6.681345020315743,0.7157348495310651,0.0,0,0.7503804884140327
358400,175,0,0,-0.0029871555045247076,83.59401054382325,2.53015359044075,0.020637470622028236,0.0002,0.01643648,0,0,0,258.6034575997135,0.108447265625,0.2660496234893799,182.90389947891236,0,0,0,0,0
360448,176,321.1720812704217,393.1,-0.0031152212293818595,108.89057922363281,2.5158534169197084,0.010422144277262482,0.0002,0.016416,0.7,0.0,0.3,235.48480335635566,0.06201171875,0.5237062573432922,241.92573661804198,7.451446799886606,0.6401396256338125,0.0,0,0.7097489435342835
362496,177,0,0,0.009551958623342216,101.26385478973388,2.5011888802051545,0.050170103689030944,0.0002,0.01639552,0,0,0,242.64488988936805,0.23359375,0.5362540483474731,266.62326526641846,0,0,0,0,0
364544,178,271.9017837939637,361.3,-0.006053909519687295,98.81507720947266,2.5169438064098357,0.0275531940744305,0.0002,0.01637504,0.4,0.1,0.5,246.25386937580475,0.144140625,0.5968749523162842,224.31158990859984,7.235705867163423,0.7381741991326993,0.0,0,0.7798282760129648
366592,179,0,0,0.0003278140909969807,71.40180644989013,2.5535735130310058,0.02395935970999318,0.0002,0.01635456,0,0,0,197.98224346197844,0.14814453125,0.6982709765434265,173.59570937156678,0,0,0,0,0
368640,180,208.4528984036787,338.6,-0.002312327129766345,85.86995868682861,2.470609241724014,0.024080162923205105,0.0002,0.01633408,0.7,0.0,0.3,225.77857975781055,0.123095703125,0.644448459148407,216.65983853340148,6.714003065358701,0.7991935508737429,0.0,0,0.664987365026531
370688,181,0,0,-0.0034295029239729048,94.81201267242432,2.540539783239365,0.010576316003431202,0.0002,0.0163136,0,0,0,208.40140113768624,0.052880859375,0.7031580209732056,406.9565059661865,0,0,0,0,0
372736,182,183.64927435525078,305.0,-0.003060601488687098,117.09933738708496,2.528974264860153,0.008121070114803142,0.0002,0.01629312,0.8,0.2,0.0,213.42287005211085,0.039501953125,0.7618333697319031,860.0489316940308,6.741327187008276,0.7900715693650324,0.0,0,0.5391395514548879
374784,183,0,0,-0.001952567248372361,101.4264539718628,2.546286481618881,0.012401049471744191,0.0002,0.016272639999999998,0,0,0,229.7205694621056,0.083984375,0.7334557771682739,295.19753818511964,0,0,0,0,0
376832,184,207.04250374537287,320.4,0.0014650934375822545,84.27314977645874,2.555474931001663,0.01710775923712099,0.0002,0.01625216,0.6,0.2,0.2,253.43320050362487,0.10029296875,0.6100653409957886,168.16231355667114,6.759120826353491,0.7884730765407469,0.0,0,0.5838385137712787
378880,185,0,0,0.03549809801625088,68.96197052001953,2.543301522731781,0.3124944043345822,0.0002,0.016231680000000002,0,0,0,248.74412484490296,0.35322265625,0.7215957045555115,341.67326221466067,0,0,0,0,0
380928,186,224.61976506281871,323.8,0.01999682412715629,134.49443912506104,2.6442316710948943,0.08624843135476537,0.0002,0.016211200000000002,0.8,0.0,0.2,228.16129421083718,0.307958984375,0.731673002243042,303.64474687576296,6.979135086801314,0.4150355225231726,0.0,0,0.6451890375077933
382976,187,0,0,0.0019635854638181626,92.58453178405762,2.6067157626152038,0.019287619017999847,0.0002,0.01619072,0,0,0,236.5662489546873,0.116796875,0.7395666241645813,393.773529624939,0,0,0,0,0
385024,188,243.61123937565793,269.4,0.01152984198415652,112.43736362457275,2.574759912490845,0.06541854629759589,0.0002,0.016170240000000002,0.7,0.3,0.0,247.0735253265523,0.28388671875,0.5301311612129211,290.2473421096802,7.910325907759249,0.4032714563234923,0.0,0,0.599141318972361
387072,189,0,0,-0.003345969959627837,144.36677951812743,2.591961312294006,0.009991879527303108,0.0002,0.01614976,0,0,0,236.04723750632854,0.059521484375,0.6486506462097168,329.7453412055969,0,0,0,0,0
389120,190,250.1738466061548,303.3,-0.002079969353508204,125.17457523345948,2.6092280387878417,0.01023910105687628,0.0002,0.01612928,0.6,0.1,0.3,216.10831823855133,0.0638671875,0.5330011248588562,381.9477415084839,7.703795050080248,0.3492257842852434,0.0,0,0.6674951869432644
391168,191,0,0,-0.001999538904055953,108.865793800354,2.5808038890361784,0.006292684949590985,0.0002,0.0161088,0,0,0,214.14625512811267,0.02529296875,0.553135871887207,449.645717048645,0,0,0,0,0
393216,192,297.52268627577035,365.5,-0.002417063992470503,89.1261833190918,2.634895086288452,0.006774136311838852,0.0002,0.01608832,0.5,0.1,0.4,243.13143077624673,0.038623046875,0.5963907241821289,316.4886699676514,7.668746812033524,0.3630689334768822,0.0,0,0.7657874342341124
395264,193,0,0,0.00011581890285015107,104.01337623596191,2.5629610896110533,0.019625385807021924,0.0002,0.01606784,0,0,0,246.7707642732622,0.076171875,0.5438569784164429,252.98390665054322,0,0,0,0,0
397312,194,277.48430804234386,316.7,-0.00016200871905311943,90.58885173797607,2.5440161883831025,0.012482556700713174,0.0002,0.01604736,0.4,0.3,0.3,248.28162206306834,0.066455078125,0.6609863042831421,250.238987159729,7.522041701756171,0.37328542535807385,0.0,0,0.6592944338690656
399360,195,0,0,-0.0027393176220357417,93.22615756988526,2.579861718416214,0.013061050926093883,0.0002,0.01602688,0,0,0,247.48005168828777,0.07578125,0.6840898990631104,268.3407353401184,0,0,0,0,0
401408,196,402.48362433100516,462.8,0.003211371973156929,111.40156440734863,2.5990409731864927,0.03881947529736139,0.0002,0.0160064,0.2,0.0,0.8,214.87378125427358,0.17880859375,0.583548903465271,168.2066601753235,7.2249894049217644,0.43607250997812946,0.0,0,0.9409590840471289
403456,197,0,0,0.0025961375853512437,98.06636123657226,2.7292083144187926,0.03173501286438435,0.0002,0.01598592,0,0,0,225.6915914843891,0.177978515625,0.705089807510376,234.83671326637267,0,0,0,0,0
405504,198,371.8257535913806,424.9,0.0008228434482589364,78.70519542694092,2.613870066404343,0.03203818590846532,0.0002,0.01596544,0.3,0.0,0.7,179.77149282923935,0.17861328125,0.7814149260520935,246.0642116546631,7.438874592727364,0.34801293781718823,0.0,0,0.8037960501446226
407552,199,0,0,0.001775744091719389,92.52365779876709,2.6058435082435607,0.01732452665748143,0.0002,0.01594496,0,0,0,259.61042158514795,0.1103515625,0.7144787907600403,259.4450084686279,0,0,0,0,0
409600,200,323.10670145443436,387.5,0.012969398172572255,79.22724075317383,2.6416797399520875,0.05694375723251708,0.0002,0.01592448,0.7,0.0,0.3,216.9242780015642,0.17900390625,0.7691839933395386,179.46022005081176,7.296826466520157,0.3291121987221717,0.0,0,0.6719531330147283
411648,201,0,0,0.017176380823366345,79.03334159851075,2.6195673823356627,0.07015364712570274,0.0002,0.015904,0,0,0,224.00575545316696,0.265771484375,0.6831862926483154,211.4829969406128,0,0,0,0,0
413696,202,366.48463887667924,437.3,0.006731442257296294,78.09307384490967,2.68512943983078,0.033124921697896964,0.0002,0.015883519999999998,0.4,0.0,0.6,191.5396619783094,0.19521484375,0.8029706478118896,205.62369871139526,7.000919826924225,0.33479434326782903,0.0,0,0.8979137637770286
415744,203,0,0,0.00045292613795027136,64.36790399551391,2.7182462751865386,0.019098474583013236,0.0002,0.015863040000000002,0,0,0,221.6437117548799,0.110595703125,0.6633358001708984,317.60575408935546,0,0,0,0,0
417792,204,313.02976744721104,401.5,-0.006699512177146971,57.17829475402832,2.649653297662735,0.039955384036879885,0.0002,0.01584256,0.7,0.0,0.3,209.70391100772042,0.170068359375,0.8095970153808594,192.70431833267213,7.40312300487826,0.3472261227359924,0.0,0,0.8133334817193372
419840,205,0,0,0.06278511718846858,80.4432297706604,2.7274403989315035,0.2627622829750237,0.0002,0.015822080000000002,0,0,0,228.87509649996423,0.47919921875,0.5614200830459595,156.3309760093689,0,0,0,0,0
421888,206,-23.234300514983683,102.7,0.0011151461279951037,361.01142807006835,2.907688707113266,0.029975934997496234,0.0002,0.0158016,1.0,0.0,0.0,239.82204097481505,0.158740234375,0.24191290140151978,1317.050228881836,4.114050609205907,0.5907070647113943,0.0,0,0.14277180717374155
423936,207,0,0,-0.002797358063980937,259.7660774230957,2.7640652775764467,0.02446671790822642,0.0002,0.015781120000000003,0,0,0,210.4992738209862,0.131884765625,0.4464614987373352,1031.8278146743774,0,0,0,0,0
425984,208,-43.119621377697214,73.0,-0.009735314967110753,198.0192611694336,2.8187578678131104,0.026728626479615724,0.0002,0.01576064,0.9,0.1,0.0,248.42195452536427,0.16142578125,0.5670175552368164,1197.9701734542846,3.3945209070551385,0.5336723661916742,0.0,0,0.08080177080912102
428032,209,0,0,0.009438343008514493,173.61947212219238,2.8042812943458557,0.03941364793281992,0.0002,0.01574016,0,0,0,236.3880476669808,0.192041015625,0.46036291122436523,1022.8146697998047,0,0,0,0,0
430080,210,273.86915333099176,433.3,0.034982614021282644,120.19610748291015,2.897037661075592,0.1388993081636773,0.0002,0.01571968,0.7,0.0,0.3,209.46775598532457,0.472705078125,0.46858030557632446,484.7411255836487,5.728121594350896,0.371881514402318,0.0,0,0.7100230682973457
432128,211,0,0,-0.004208514862693846,44.073402643203735,2.956859755516052,0.012428095920771735,0.0002,0.0156992,0,0,0,278.94077529175104,0.07314453125,0.4830271601676941,511.74483308792117,0,0,0,0,0
434176,212,347.82272167265864,453.0,0.0240065406775102,35.13428311347961,2.991666543483734,0.07489362689594073,0.0002,0.01567872,0.4,0.0,0.6,221.78657318132204,0.25244140625,0.5183437466621399,317.3231918334961,6.5093076463964525,0.37050750353114703,0.0,0,0.7930601541337616
436224,213,0,0,0.0037294646725058557,56.72536087036133,2.906671589612961,0.021496971085439,0.0002,0.01565824,0,0,0,206.72503044043236,0.126025390625,0.522901713848114,242.87103767395018,0,0,0,0,0
438272,214,159.07625484736417,307.4,0.006383699807338416,48.69257516860962,2.901618707180023,0.04013818033272731,0.0002,0.01563776,0.6,0.3,0.1,255.7424621047223,0.1890625,0.35284024477005005,179.69587316513062,5.4865007533852586,0.3866551916837709,0.0,0,0.5239159389557492
440320,215,0,0,-0.008346775523386895,75.0003818511963,2.9064428985118864,0.0214086970430832,0.0002,0.01561728,0,0,0,225.74980759872807,0.120263671875,0.4711218476295471,176.6662109375,0,0,0,0,0
442368,216,235.3932292610478,292.9,-0.004043750301934779,75.3053053855896,2.8796150624752044,0.023904133655020116,0.0002,0.015596800000000001,0.9,0.0,0.1,198.37278099649112,0.153759765625,0.5062063336372375,272.69769616127013,7.23846582894069,0.44804111111714223,0.0,0,0.593098942828538
444416,217,0,0,-0.002943558222614229,114.02703628540038,2.8456514358520506,0.01007659321185878,0.0002,0.015576320000000001,0,0,0,202.96933381743895,0.039501953125,0.5425411462783813,408.9840211868286,0,0,0,0,0
446464,218,179.67093998695586,241.7,-0.00418125840369612,76.23655643463135,2.854552763700485,0.009141122820440994,0.0002,0.015555840000000001,0.8,0.2,0.0,224.12227327674293,0.041259765625,0.5753263235092163,252.04950256347655,7.131338855389347,0.5536278398060361,0.0,0,0.5065333331191211
448512,219,0,0,0.005949741660151631,117.60574951171876,2.7846916258335113,0.03217649249127642,0.0002,0.01553536,0,0,0,218.67366644960362,0.18115234375,0.353834867477417,273.1193325996399,0,0,0,0,0
450560,220,298.34643923456844,403.5,0.020289075654000045,73.27750310897827,2.8734439492225645,0.09122632751241702,0.0002,0.01551488,0.5,0.1,0.4,238.10232806809034,0.40517578125,0.5033972263336182,152.10361003875732,6.880178891926353,0.4856357300709349,0.0,0,0.7099398798747183
452608,221,0,0,0.0070068835048004985,56.134329319000244,2.8674727499485018,0.0385140502592603,0.0002,0.0154944,0,0,0,245.5151301637384,0.20576171875,0.621789813041687,150.2688642501831,0,0,0,0,0
454656,222,278.51130351766517,327.0,-0.007373744016513228,51.35731973648071,2.8581507980823515,0.022180138024854402,0.0002,0.015473919999999999,0.6,0.1,0.3,229.73422708740677,0.116748046875,0.8089895248413086,186.46929922103882,7.261034011873166,0.5044319730432552,0.0,0,0.710388094091933
456704,223,0,0,-0.00295835102442652,60.10536031723022,2.8113649904727938,0.01967499460879959,0.0002,0.01545344,0,0,0,212.83282151894466,0.10146484375,0.5955033898353577,238.89781613349913,0,0,0,0,0
458752,224,289.6295989061916,316.7,-0.0011682707234285771,75.03622541427612,2.7769101679325106,0.007290007253329034,0.0002,0.015432959999999999,0.4,0.2,0.4,219.64290374016358,0.036572265625,0.7032395601272583,288.44739656448365,7.389719627095225,0.39887308679991,0.0,0,0.662628717845532
460800,225,0,0,0.017210274282842875,82.75890159606934,2.9032557249069213,0.0649046871338251,0.0002,0.01541248,0,0,0,207.95021241828087,0.252880859375,0.615523099899292,321.31120862960813,0,0,0,0,0
462848,226,364.211934667445,454.5,0.020177507842890918,71.48111753463745,2.931646329164505,0.0757481469074297,0.0002,0.015392,0.3,0.0,0.7,217.08084968669232,0.3306640625,0.6206046938896179,135.93872032165527,6.874890289191446,0.38135813773373356,0.0,0,0.8055109913271765
464896,227,0,0,0.0069358856184408065,89.04053058624268,2.995372325181961,0.04579141085269336,0.0002,0.01537152,0,0,0,205.3730835365562,0.214111328125,0.6236820816993713,300.42555656433103,0,0,0,0,0
466944,228,336.77953975283157,398.8,-0.00022111539728939534,73.33908081054688,2.9522020399570463,0.009860996753563158,0.0002,0.01535104,0.5,0.0,0.5,255.13635395493318,0.05224609375,0.49104487895965576,240.33394241333008,7.10459492455429,0.33797326452861565,0.0,0,0.8011252510292287
468992,229,0,0,-0.003866733534960076,71.20561656951904,2.8317896366119384,0.01657630795253163,0.0002,0.01533056,0,0,0,213.40371333735416,0.06708984375,0.6765789985656738,248.20747966766356,0,0,0,0,0
471040,230,287.4651094107377,324.1,-0.0022635037545114755,120.21450233459473,2.8448947846889494,0.007241474340486051,0.0002,0.01531008,0.7,0.0,0.3,225.8059702606804,0.034228515625,0.5705711841583252,387.1149536132813,7.6915829953752475,0.3548543776811872,0.0,0,0.7392788464246933
473088,231,0,0,0.0005060670897364617,114.4011739730835,2.7442852675914766,0.01668775336293541,0.0002,0.0152896,0,0,0,238.2816635537709,0.101806640625,0.7063370943069458,227.4101029396057,0,0,0,0,0
475136,232,255.37363365806874,323.6,0.0007973425672389567,113.639621925354,2.7467638552188873,0.01930679111392643,0.0002,0.01526912,0.7,0.1,0.2,229.49760193217614,0.105078125,0.6670752763748169,431.7512216567993,7.69643404987537,0.3520206025270416,0.0,0,0.723595759165174
477184,233,0,0,-0.004232293460518122,96.3311882019043,2.7301295816898348,0.011193221334546425,0.0002,0.01524864,0,0,0,209.60421620505235,0.05556640625,0.7363847494125366,393.36833305358886,0,0,0,0,0
479232,234,275.57923245354,290.2,-0.0041669239988550546,116.80416069030761,2.707495188713074,0.009042624822184944,0.0002,0.015228160000000001,0.7,0.1,0.2,226.95274287424388,0.04814453125,0.6210447549819946,452.89565963745116,8.189310539900163,0.3398676021408939,0.0,0,0.6658651251461709
481280,235,0,0,-0.004013195971492678,141.11956214904785,2.6033718645572663,0.034004050533990936,0.0002,0.01520768,0,0,0,215.4710168831983,0.1337890625,0.6224607229232788,296.03012828826905,0,0,0,0,0
483328,236,312.1424042834964,345.2,-0.0043523340835236015,163.8855167388916,2.6356209099292753,0.018541955739790915,0.0002,0.015187200000000001,0.5,0.0,0.5,251.97980461824125,0.108544921875,0.5655083656311035,302.8300018310547,7.76264787695594,0.34904318510022775,0.0,0,0.7796680734155107
485376,237,0,0,-0.005814505938906223,113.6717903137207,2.747958689928055,0.024907999896100257,0.0002,0.015166720000000002,0,0,0,201.00812289603851,0.15029296875,0.7863004803657532,303.25400552749636,0,0,0,0,0
487424,238,281.2973076118564,289.9,0.01724839862436056,160.08147792816163,2.692475754022598,0.06647102592979356,0.0002,0.01514624,0.8,0.1,0.1,200.08298713549766,0.2677734375,0.5834037065505981,335.626681137085,8.615475853584558,0.3537226484470914,0.0,0,0.6124861748505643
489472,239,0,0,0.00435992768034339,149.5990852355957,2.695939075946808,0.029327390434633248,0.0002,0.01512576,0,0,0,251.4457830464771,0.169873046875,0.6610332131385803,540.6321588516236,0,0,0,0,0
491520,240,235.88257555745517,225.5,-0.004932764137629419,155.20117435455322,2.593827283382416,0.012161221040884636,0.0002,0.015105279999999999,0.9,0.0,0.1,241.90398619689287,0.069921875,0.6302248239517212,276.93601303100587,8.753845663393644,0.3565554389868447,0.0,0,0.5706457913316065
493568,241,0,0,0.005444298102520406,161.80588874816894,2.6120535671710967,0.040776454430313976,0.0002,0.015084799999999999,0,0,0,223.69236279552584,0.170361328125,0.6925677061080933,374.4871748924255,0,0,0,0,0
495616,242,274.88082164882167,303.5,0.015300363628193736,123.33534488677978,2.59763822555542,0.06584918154404149,0.0002,0.015064319999999999,0.6,0.0,0.4,214.75612823403566,0.327294921875,0.7671676278114319,353.3938556671143,8.261310960144609,0.4107781695526037,0.0,0,0.67994894181902
497664,243,0,0,0.003255614067893475,94.56219596862793,2.692479783296585,0.04029656679340875,0.0002,0.01504384,0,0,0,207.38399329104053,0.18671875,0.7950952053070068,283.26384391784666,0,0,0,0,0
499712,244,266.0026884949011,293.8,0.02797637104522437,110.34901447296143,2.792662262916565,0.11134323794395569,0.0002,0.01502336,0.8,0.0,0.2,220.7329992796186,0.379833984375,0.6947612762451172,307.1659530639648,7.737681130371321,0.37748271247044174,0.0,0,0.6893052825461278
501760,245,0,0,-0.0010844211326912045,96.65373592376709,2.9052134573459627,0.012692389677983673,0.0002,0.01500288,0,0,0,225.68131558863917,0.07041015625,0.45965462923049927,265.4778480529785,0,0,0,0,0
503808,246,269.4415901026915,342.0,0.04527240400202572,53.770635509490965,2.956548345088959,0.15278426698642317,0.0002,0.0149824,0.6,0.1,0.3,205.8539409395514,0.445166015625,0.5733059644699097,246.39244813919066,7.266492966332083,0.38227777181508066,0.0,0,0.6585309059603808
505856,247,0,0,-0.0023455379297956823,87.66920223236085,2.866283971071243,0.013016925347623876,0.0002,0.01496192,0,0,0,219.73114198750812,0.07890625,0.6238833665847778,205.4441598892212,0,0,0,0,0
507904,248,365.9441709680415,398.1,-0.006456810247618705,93.22314128875732,2.7815109193325043,0.014085923116367544,0.0002,0.01494144,0.6,0.1,0.3,198.95590647259448,0.068798828125,0.6211166977882385,239.9427276611328,7.960465405675092,0.3378172974275173,0.0,0,0.8087505719149636
509952,249,0,0,0.0221075595356524,86.20011863708496,2.756711173057556,0.16588611062616576,0.0002,0.01492096,0,0,0,204.04110868183952,0.348095703125,0.8012472987174988,144.00525417327881,0,0,0,0,0
512000,250,258.8849873480641,296.8,0.017132122244220227,107.11108894348145,2.8654056072235106,0.05688250544481617,0.0002,0.01490048,0.7,0.1,0.2,207.04477231469744,0.2685546875,0.7483454942703247,321.6417869567871,8.048285222840082,0.43864009585640795,0.0,0,0.7215902502851517
514048,251,0,0,-0.0013360032578930258,115.88648548126221,2.790570843219757,0.023295225657062265,0.0002,0.014879999999999999,0,0,0,217.00954457686618,0.105322265625,0.6126739978790283,241.05979681015015,0,0,0,0,0
516096,252,218.43751513031452,239.3,0.0034478208050131797,96.39364585876464,2.8382198333740236,0.03714811659884147,0.0002,0.014859520000000001,0.6,0.3,0.1,248.21862314999865,0.173193359375,0.7063342332839966,321.8615158081055,7.64971447126217,0.33946024935578545,0.0,0,0.49003610993622626
518144,253,0,0,-0.0022987414733506737,166.88108596801757,2.76944420337677,0.009547876776200599,0.0002,0.014839040000000001,0,0,0,235.87930576374785,0.04306640625,0.6205798387527466,588.5364488601684,0,0,0,0,0
520192,254,305.4366258270108,383.5,-0.0025782700860872863,127.30281620025634,2.811221194267273,0.009283721263642287,0.0002,0.01481856,0.5,0.1,0.4,220.1532086293026,0.039697265625,0.6554961204528809,291.20405712127683,7.101255510516874,0.36829059657645724,0.0,0,0.7589691602014647
522240,255,0,0,-0.004910604446195066,129.1554904937744,2.834622299671173,0.010897265633872787,0.0002,0.014798080000000002,0,0,0,213.23184393355626,0.064501953125,0.6882175207138062,443.17756748199463,0,0,0,0,0
524288,256,254.61311117397707,311.5,-0.0010540868388488889,130.2673593521118,2.846330451965332,0.012925749709401278,0.0002,0.014777599999999998,0.5,0.1,0.4,234.21334396926312,0.0759765625,0.4938051700592041,302.9518301963806,6.780404688181465,0.37640721733789856,0.0,0,0.6618570392902019
526336,257,0,0,-0.006746783247217536,161.04918937683107,2.819942957162857,0.015792682371106377,0.0002,0.01475712,0,0,0,233.88924679873568,0.067724609375,0.45527541637420654,315.4743295669556,0,0,0,0,0
528384,258,278.9695378370931,330.7,0.000579818629194051,83.33508625030518,2.9329692900180815,0.018523852917137006,0.0002,0.014736639999999999,0.5,0.2,0.3,221.27059209009568,0.10380859375,0.6964921951293945,569.0624433517456,7.290222810115085,0.31741975142835427,0.0,0,0.6189641251529461
530432,259,0,0,0.017225313221570105,80.42140979766846,2.8329989314079285,0.09692057867651473,0.0002,0.01471616,0,0,0,246.57471929665675,0.22890625,0.6312419176101685,254.2790641784668,0,0,0,0,0
532480,260,56.44485733760705,167.5,0.07730352932121605,409.5586769104004,2.8070017099380493,0.24153706971556507,0.0002,0.01469568,0.8,0.2,0.0,244.41426193970628,0.497119140625,0.027327120304107666,1384.3901859283446,6.441021297669006,0.6416058305872563,0.0,0,0.3490581728453373
534528,261,0,0,-0.006385142193175852,182.48889541625977,2.869425129890442,0.040346015902473685,0.0002,0.0146752,0,0,0,227.34002397383648,0.1650390625,0.4226539731025696,552.1159690856933,0,0,0,0,0
536576,262,310.7428794112766,369.2,0.0024662163923494518,180.9430305480957,2.86470143198967,0.056901698739244624,0.0002,0.01465472,0.6,0.0,0.4,226.9635966378588,0.242529296875,0.371185839176178,313.76212844848635,7.922040923005414,0.44288943080927784,0.0,0,0.7320701220055723
538624,263,0,0,0.005875135515816509,85.58693342208862,2.9133018970489504,0.04265632673632942,0.0002,0.01463424,0,0,0,217.48819407366236,0.2216796875,0.6736035346984863,298.50073728561404,0,0,0,0,0
540672,264,54.34689200352525,149.1,0.02862252132035792,198.7622100830078,2.9177405059337618,0.08248005515197904,0.0002,0.01461376,0.9,0.1,0.0,207.19607811259965,0.353564453125,0.5287965536117554,664.220687675476,6.019591669353574,0.543358025497645,0.0,0,0.32963419792035376
542720,265,0,0,0.009153627976775169,201.3551067352295,2.824483722448349,0.09595707315020778,0.0002,0.01459328,0,0,0,240.07200627579275,0.312646484375,0.5518288016319275,963.1937015533447,0,0,0,0,0
544768,266,119.25319942306865,213.9,0.012775120208971202,106.79192447662354,2.975709134340286,0.05646986356441992,0.0002,0.0145728,0.5,0.5,0.0,211.4757615296466,0.25859375,0.7258822917938232,523.2646934509278,6.3208653910861115,0.5256536866900333,0.0,0,0.4144569254694379
546816,267,0,0,0.0015547740156762301,119.46456356048584,2.9496410369873045,0.0946234426286581,0.0002,0.01455232,0,0,0,200.32032354473873,0.268505859375,0.6451398134231567,533.6512966156006,0,0,0,0,0
548864,268,249.4995682260625,367.8,-1.558968797326088e-05,72.51013622283935,2.971110850572586,0.025756764365364705,0.0002,0.01453184,0.5,0.1,0.4,246.01386039469173,0.152978515625,0.7560803890228271,270.4065382003784,6.506978050660152,0.3216678268263878,0.0,0,0.6499689802048353
550912,269,0,0,-0.00332304744515568,69.68079109191895,3.1692104399204255,0.01215925200377158,0.0002,0.014511360000000001,0,0,0,225.54369222876858,0.07060546875,0.7807440161705017,276.51180896759035,0,0,0,0,0
552960,270,371.75607999394776,409.8,-0.0016658438253216445,111.70497608184814,3.0476485013961794,0.02821515925461974,0.0002,0.014490880000000001,0.3,0.1,0.6,215.00684603029762,0.1578125,0.514466404914856,337.3611872673035,7.221301362079572,0.329093936224338,0.0,0,0.8347782304338699
555008,271,0,0,0.021564709744416176,77.38866176605225,3.025596630573273,0.10301814681261572,0.0002,0.014470400000000001,0,0,0,249.94657946228895,0.310888671875,0.702110767364502,223.0206911087036,0,0,0,0,0
557056,272,287.69443085787714,389.1,0.03344461646629497,60.99573793411255,3.201230192184448,0.09232229458284975,0.0002,0.014449920000000002,0.6,0.0,0.4,226.7207926958292,0.39189453125,0.6846880912780762,304.8911803722382,6.141296267505846,0.387051212938219,0.0,0,0.7039151551779328
559104,273,0,0,0.017358822631649673,44.57359504699707,3.2269724130630495,0.07230243070517237,0.0002,0.01442944,0,0,0,222.63989718157256,0.25478515625,0.6753636598587036,161.04706916809081,0,0,0,0,0
561152,274,273.5028523411859,425.8,0.007763017318211496,70.57973623275757,3.200277787446976,0.04249542008038034,0.0002,0.014408959999999998,0.5,0.2,0.3,223.74448154388307,0.209033203125,0.689376175403595,213.56294136047364,5.964059128824464,0.4160872386294904,0.0,0,0.658371791884069
563200,275,0,0,-0.0002789499703794718,83.3817548751831,3.268402063846588,0.02068080580211803,0.0002,0.01438848,0,0,0,238.02924340374102,0.102734375,0.3827418088912964,257.96695880889894,0,0,0,0,0
565248,276,235.7776390643156,291.5,-0.0031561468495056033,36.494997930526736,3.115784728527069,0.021199939493093848,0.0002,0.014367999999999999,0.5,0.2,0.3,207.51319922032422,0.1197265625,0.8545107841491699,175.06779193878174,7.114868062315404,0.3734095200341915,0.0,0,0.6547425499357308
567296,277,0,0,0.005112076993100345,81.76065006256104,2.963901513814926,0.06732559340344277,0.0002,0.014347519999999999,0,0,0,178.6730777578883,0.249267578125,0.73783278465271,172.69435620307922,0,0,0,0,0
569344,278,205.4587979246906,253.9,-0.0028716309694573282,109.69453620910645,2.943600445985794,0.02186514277710074,0.0002,0.01432704,0.7,0.2,0.1,224.69680458830706,0.0935546875,0.43352675437927246,206.30044412612915,8.124937396756916,0.5532988956072898,0.0,0,0.6093530250362401
571392,279,0,0,-0.0032100049313157795,92.24435214996338,2.941155904531479,0.02276551632385683,0.0002,0.01430656,0,0,0,229.83051548005926,0.13759765625,0.5802617073059082,193.7828558921814,0,0,0,0,0
573440,280,267.9043513775802,340.1,-0.004205224779434502,87.13772392272949,3.083588719367981,0.014128489256841893,0.0002,0.01428608,0.8,0.0,0.2,221.91065318231858,0.08671875,0.743820071220398,215.27426700592042,7.681522367912256,0.5087593403894155,0.0,0,0.6775217444922447
575488,281,0,0,-0.0006231467938050628,105.9789306640625,3.003983622789383,0.009192237921527896,0.0002,0.0142656,0,0,0,250.04044171508556,0.039208984375,0.51825350522995,234.42988767623902,0,0,0,0,0
577536,282,176.4369473470852,206.2,-0.0015134563436731696,77.77498474121094,2.875255101919174,0.028841718289191482,0.0002,0.01424512,0.6,0.3,0.1,255.0013172298726,0.1125,0.6673570871353149,220.77700576782226,7.324094277294231,0.4866597427782328,0.0,0,0.44976646301144074
579584,283,0,0,0.0006433657603338361,108.63207321166992,2.9032838523387907,0.015032175090170435,0.0002,0.01422464,0,0,0,220.51715985700727,0.085302734375,0.673503041267395,490.53765869140625,0,0,0,0,0
581632,284,268.97218679865125,303.1,-0.00196127078961581,110.61564502716064,2.970524138212204,0.014113585428280612,0.0002,0.01420416,0.5,0.2,0.3,208.12800042178344,0.077734375,0.4969397783279419,382.7849750518799,7.461261555157433,0.3401291626210391,0.0,0,0.6487916881824052
583680,285,0,0,0.002222431031987071,83.18143558502197,2.903037798404694,0.04142221733346012,0.0002,0.01418368,0,0,0,240.00276360117752,0.183251953125,0.7724541425704956,396.6190972328186,0,0,0,0,0
585728,286,299.78252823294605,318.2,0.020263582677580418,106.39273834228516,2.863945925235748,0.0768167631584259,0.0002,0.0141632,0.6,0.2,0.2,186.34072985121827,0.34853515625,0.6769610047340393,358.6826784133911,7.9688394130887,0.3689562967386361,0.0,0,0.7000127421867997
587776,287,0,0,-0.004464217694476247,110.4730806350708,2.8496647834777833,0.026012005354282282,0.0002,0.014142720000000001,0,0,0,204.02518369234954,0.16376953125,0.6469655632972717,520.8993787765503,0,0,0,0,0
589824,288,170.3230235561012,202.4,-0.0010707884444855153,89.92700576782227,2.8957803547382355,0.010683238029020051,0.0002,0.014122240000000001,0.8,0.2,0.0,207.86728219081684,0.06201171875,0.6330096125602722,407.6297452926636,8.073924731893579,0.43935189625477217,0.0,0,0.47171317905632915
591872,289,0,0,-0.001439307676628232,88.03262557983399,2.7946553766727447,0.017922720994106127,0.0002,0.01410176,0,0,0,224.06478823994698,0.103759765625,0.6945885419845581,260.585471534729,0,0,0,0,0
593920,290,287.6365344301686,344.7,-0.0023792574647814035,85.86767921447753,2.827687978744507,0.019769326114338313,0.0002,0.01408128,0.7,0.0,0.3,224.86402473596405,0.1060546875,0.7965644598007202,324.99742851257326,8.012147024869261,0.5375824625724739,0.0,0,0.7478910910289125
595968,291,0,0,-0.000514799077063799,151.80472412109376,2.771632355451584,0.030402432818669195,0.0002,0.0140608,0,0,0,233.4681948667047,0.142333984375,0.7450234889984131,404.2232326507568,0,0,0,0,0
598016,292,215.39645259551952,257.7,0.010624154267134145,107.28945560455323,2.905701148509979,0.06573034308677021,0.0002,0.014040319999999998,0.5,0.3,0.2,220.40655368354243,0.245556640625,0.6792666912078857,310.4319103240967,7.675315802800936,0.36974136705329036,0.0,0,0.6243914624369754
600064,293,0,0,-0.003399141365662217,107.68339519500732,2.8185973346233366,0.01345194197495376,0.0002,0.01401984,0,0,0,232.81733568371317,0.080615234375,0.534954845905304,410.75900650024414,0,0,0,0,0
602112,294,302.93028707677945,319.9,0.0056543242884799835,157.74371719360352,2.6890660881996156,0.06205066887196796,0.0002,0.013999359999999999,0.6,0.0,0.4,232.45220356624986,0.208837890625,0.5433628559112549,414.8005847930908,8.289526516473455,0.30894708209495414,0.0,0,0.7351220903112248
604160,295,0,0,0.03780572370160371,92.88475685119629,2.9785772383213045,0.17165360162035262,0.0002,0.013978879999999999,0,0,0,211.84621987999793,0.43974609375,0.6793521046638489,227.74062452316284,0,0,0,0,0
606208,296,277.4762179180484,318.9,-0.0006539077847264707,114.59209270477295,2.9551373898983,0.013184159598319627,0.0002,0.0139584,0.5,0.1,0.4,208.52797529689366,0.080322265625,0.5860738158226013,470.9716087341309,7.166139636486244,0.4329818829406754,0.0,0,0.663401411473192
608256,297,0,0,0.011510286410339177,77.76076488494873,2.924367082118988,0.05809862234164946,0.0002,0.01393792,0,0,0,207.0931159940027,0.247412109375,0.7374269962310791,284.1203879356384,0,0,0,0,0
610304,298,333.89680416708813,359.8,0.003369946382008493,104.97102355957031,2.891689342260361,0.027807975723414858,0.0002,0.01391744,0.4,0.0,0.6,233.27586281156584,0.12041015625,0.6816924810409546,502.32317981719973,7.810394691211888,0.3266764152891498,0.0,0,0.7741491962851985
612352,299,0,0,0.009633747022598982,156.20640468597412,2.7402447164058685,0.05197940309299844,0.0002,0.01389696,0,0,0,233.4719387695473,0.22265625,0.6476889848709106,614.3924880027771,0,0,0,0,0
614400,300,210.04474482748833,220.9,0.007425042800605297,101.18302764892579,2.9560012400150297,0.03793083699420734,0.0002,0.01387648,0.7,0.2,0.1,238.0662716694961,0.17451171875,0.6939214468002319,364.35754013061523,8.84033032382457,0.4031217296524313,0.0,0,0.5246960986269426
616448,301,0,0,0.009790796728339046,116.79691429138184,2.757790356874466,0.07356124045328014,0.0002,0.013856,0,0,0,231.87924392861822,0.27705078125,0.7208733558654785,430.5497707366943,0,0,0,0,0
618496,302,327.7597242789106,367.1,0.01892390267457813,130.15735569000245,2.887749606370926,0.07478267269908037,0.0002,0.01383552,0.5,0.0,0.5,224.62158406543793,0.295166015625,0.6366531252861023,797.7142461776733,7.597813096432967,0.33091326792073145,0.0,0,0.7628638604317469
620544,303,0,0,0.02339548876043409,165.71753997802733,2.814073884487152,0.09652166450396858,0.0002,0.01381504,0,0,0,208.8494537487571,0.332177734375,0.5963722467422485,919.1038537979126,0,0,0,0,0
622592,304,329.7410242632862,355.3,-2.9816047754138707e-05,111.55526504516601,2.8802521944046022,0.02358458567178378,0.0002,0.01379456,0.6,0.0,0.4,209.91586029281996,0.130908203125,0.7678739428520203,312.4699256896973,7.495175500015866,0.3700727505834562,0.0,0,0.6242840111374933
624640,305,0,0,0.042766996449790894,100.80361003875733,3.0019928336143495,0.15543472192949245,0.0002,0.01377408,0,0,0,217.9921202481099,0.4181640625,0.5977568626403809,389.6560384750366,0,0,0,0,0
626688,306,270.72619451038133,344.6,0.016097404051106424,52.92050867080688,3.1098889112472534,0.07357229925692617,0.0002,0.0137536,0.5,0.1,0.4,212.7063677169398,0.293798828125,0.7286208868026733,421.11199254989623,6.99003700620319,0.3931400995074097,0.0,0,0.7088851254182545
628736,307,0,0,-0.00016012886771932244,150.79679679870605,3.0972245812416075,0.0353927290998448,0.0002,0.01373312,0,0,0,236.24512364624874,0.12734375,0.6017100811004639,461.4890657424927,0,0,0,0,0
630784,308,383.85671673275755,442.3,-0.006306502711959183,131.656400680542,3.11279137134552,0.014334166327903564,0.0002,0.01371264,0.4,0.0,0.6,188.16581753730603,0.077490234375,0.7448096871376038,366.08805027008054,6.97361227471184,0.3313931110728794,0.0,0,0.8054995189203169
632832,309,0,0,0.001232270523905754,94.11217632293702,3.042685794830322,0.018888191290178262,0.0002,0.01369216,0,0,0,226.35802454398458,0.09794921875,0.7171332836151123,323.1292362213135,0,0,0,0,0
634880,310,338.820685371218,385.5,0.00616577984765172,46.193704509735106,3.1288633346557617,0.037323486292740626,0.0002,0.01367168,0.3,0.1,0.6,230.76516325376093,0.185595703125,0.7642810344696045,321.5139287948608,7.603523508347325,0.4985460240295789,0.0,0,0.8143418989788849
636928,311,0,0,-0.0010223313234746455,99.34321155548096,3.039424854516983,0.014932459936249948,0.0002,0.013651199999999999,0,0,0,186.84865600413255,0.093310546875,0.7523102760314941,499.3424910545349,0,0,0,0,0
638976,312,293.63532221570955,372.6,0.014744502259418368,56.37538423538208,2.9733018577098846,0.05625827529002604,0.0002,0.013630719999999999,0.5,0.0,0.5,217.13710639270917,0.2908203125,0.8327276706695557,265.5888123512268,7.219502403683745,0.5372786133572574,0.0,0,0.7504860201470789
641024,313,0,0,0.002160682971589267,62.31313753128052,3.1199960589408873,0.031121873628586223,0.0002,0.01361024,0,0,0,193.9400868226032,0.154248046875,0.7519437074661255,235.10220956802368,0,0,0,0,0
643072,314,125.5149599348013,350.9,0.11794904522830621,127.71729621887206,3.418708008527756,0.3377819998189843,0.0002,0.01358976,0.6,0.4,0.0,210.06413930601175,0.592919921875,0.7340182662010193,665.7614032745362,5.581682599795843,0.9533522404549595,0.0,0,0.5282512342558832
645120,315,0,0,0.006032536178827286,62.46748676300049,3.2528337836265564,0.046152029884983126,0.0002,0.01356928,0,0,0,266.3918062838615,0.218017578125,0.776054322719574,281.59413986206056,0,0,0,0,0
647168,316,186.20970870848095,391.0,0.0308028198312968,56.489867210388184,3.425971728563309,0.11016223695260578,0.0002,0.0135488,0.4,0.3,0.3,223.08350055633656,0.35849609375,0.786949634552002,222.7448139667511,4.838016062485902,0.7424333684705408,0.0,0,0.6079717115758851
649216,317,0,0,0.04012920749373734,51.45530519485474,3.3092103481292723,0.29054959979840067,0.0002,0.01352832,0,0,0,242.87421948848885,0.398388671875,0.743242621421814,282.5752437591553,0,0,0,0,0
651264,318,263.6469133875433,579.3,-0.00041740742744877934,34.112858867645265,3.4265629231929777,0.024966631660940257,0.0002,0.01350784,0.3,0.3,0.3,260.15893051392806,0.114404296875,0.8023685812950134,142.71677794456483,3.8173164115445126,0.6000240502440259,0.0,0,0.7198241101957408
653312,319,0,0,0.06073500099591911,17.69764561653137,3.6136551201343536,0.38777977571590333,0.0002,0.01348736,0,0,0,276.73792229513685,0.456787109375,0.8120359182357788,182.63575563430786,0,0,0,0,0
655360,320,-20.379283275306076,372.2,-0.004601427121087909,134.1106065750122,3.504769665002823,0.029282325319948864,0.0002,0.01346688,0.8,0.1,0.0,230.7544635613631,0.165380859375,0.2210475206375122,1087.5214128494263,3.0237757115738346,0.47330296141778866,0.0,0,0.34368636742998665
657408,321,0,0,-0.010922278114594518,96.13565521240234,3.569080024957657,0.02890365392823115,0.0002,0.0134464,0,0,0,247.11449462687298,0.1677734375,0.5679894685745239,474.95878953933715,0,0,0,0,0
659456,322,304.52484825002387,835.6,-0.008287732151802629,47.13133239746094,3.588464242219925,0.03019956019707327,0.0002,0.013425920000000001,0.1,0.2,0.0,230.65438953011207,0.18173828125,0.3189850449562073,216.26414437294005,3.1891962418069446,0.402922901391892,0.0,0,0.7141404522548579
661504,323,0,0,0.00357916250359267,15.155959391593933,3.63796928524971,0.05943213611026754,0.0002,0.01340544,0,0,0,275.04339945727986,0.258740234375,0.566448450088501,92.47221784591675,0,0,0,0,0
663552,324,234.9796437844153,941.0,0.000319353595841676,21.661300349235535,3.8108010470867155,0.03127620059531537,0.0002,0.01338496,0.2,0.0,0.0,308.14036241169777,0.15908203125,0.18471074104309082,132.24418647289275,1.9430911929488404,0.3326057513375141,0.0,0,0.49947621661541286
665600,325,0,0,0.048560687829740344,16.622987151145935,3.890133559703827,0.5998007881920815,0.0002,0.01336448,0,0,0,296.7082778267594,0.5298828125,0.5393182635307312,79.37893328666686,0,0,0,0,0
667648,326,-146.7722639690275,231.5,0.017765755532309413,152.64511337280274,4.782970356941223,0.04167558900080903,0.0002,0.013344,1.0,0.0,0.0,300.94964145728846,0.235302734375,0.3624357581138611,1339.9551414489747,0.6798137340754196,0.6721075407729609,0.0,0,0.051186772910692714
669696,327,0,0,-0.002167058689519763,156.78086433410644,4.64160418510437,0.006397307165391747,0.0002,0.013323519999999998,0,0,0,286.61685274548336,0.0228515625,0.7266424298286438,1097.1987739562987,0,0,0,0,0
671744,328,-67.62787177324176,780.3,-0.0038595354300923644,112.56957550048828,4.592716896533966,0.012924184124907817,0.0002,0.01330304,0.4,0.1,0.0,299.6333872828692,0.069677734375,0.7890288829803467,940.1633686065674,0.8359948101329348,0.47019732428217714,0.0,0,0.15940438920375022
673792,329,0,0,-0.006663637608289719,114.58035278320312,4.500874650478363,0.021692241213330066,0.0002,0.013282559999999999,0,0,0,260.91002013578543,0.133203125,0.813141405582428,563.5538486480713,0,0,0,0,0
675840,330,66.26023212089346,851.0,-0.007515060319565237,10.009938442707062,4.479791104793549,0.022987698584624024,0.0002,0.01326208,0.3,0.0,0.0,266.25401191903376,0.136181640625,0.7665666341781616,159.89941883087158,1.0541275271599575,0.7446174091321356,0.0,0,0.24390918029233372
677888,331,0,0,-0.002015065518207848,4.754029697179794,4.523267161846161,0.02204828459944459,0.0002,0.0132416,0,0,0,222.77526387334441,0.1134765625,0.8188648223876953,65.02330338954926,0,0,0,0,0
679936,332,93.79977185927585,840.6,0.009345630626194179,5.266384238004685,4.458349502086639,0.06327252220508292,0.0002,0.01322112,0.2,0.0,0.0,308.4046394463811,0.192626953125,0.900526225566864,45.40294440984726,0.9981267728878646,0.49773362227115336,0.0,0,0.24005582145933477
681984,333,0,0,0.010220278287306428,2.74009847342968,4.4298950910568236,0.0868077736930015,0.0002,0.01320064,0,0,0,296.955262087312,0.25869140625,0.36562472581863403,32.141629475355145,0,0,0,0,0
684032,334,224.05312756189323,982.2,-0.0068032033508643504,6.302357721328735,4.193872272968292,0.04416290699737457,0.0002,0.01318016,0.2,0.0,0.0,87.73011910062033,0.194384765625,0.648227334022522,32.831311321258546,1.8927026643766283,0.5884997451334955,0.0,0,0.5459500499975529
686080,335,0,0,0.04408550707157701,3.6105137765407562,4.155725252628327,0.23130353016313462,0.0002,0.01315968,0,0,0,237.78249147402101,0.48232421875,0.4641931653022766,28.220505863428116,0,0,0,0,0
688128,336,-68.88933934430528,122.5,0.12832752587273716,35.04833297729492,4.591676497459412,0.30416086763143796,0.0002,0.0131392,1.0,0.0,0.0,293.4727939424021,0.70009765625,0.6156102418899536,394.77073259353637,1.0847181241641832,0.5530431287345499,0.0,0,0.040272792632780406
690176,337,0,0,-0.004736342118121684,141.82296352386476,4.5750792741775514,0.024309297883885663,0.0002,0.01311872,0,0,0,272.8896547506591,0.183447265625,0.6083229780197144,1082.5461666107178,0,0,0,0,0
692224,338,-158.87940710466788,377.3,-0.0005886037368327379,164.76667652130126,4.641276586055755,0.002104140601298754,0.0002,0.01309824,1.0,0.0,0.0,278.4996049263356,0.01015625,0.7722628116607666,1124.2871743202209,1.1239674606575443,0.5260057111476937,0.0,0,0.1168571443486663
694272,339,0,0,-0.009457780094817281,152.4952434539795,4.67156023979187,0.011494451454930804,0.0002,0.01307776,0,0,0,242.06126264962896,0.065087890625,0.748939573764801,677.1262192726135,0,0,0,0,0
696320,340,58.46140732889198,819.9,-0.008460430981358513,19.565220737457274,4.621736717224121,0.015762639702350745,0.0002,0.01305728,0.4,0.0,0.0,253.68427809100035,0.111669921875,0.656532883644104,134.68718419075012,1.3003651733403037,0.6916157813803652,0.0,0,0.29182241875898923
698368,341,0,0,-0.004071853193454445,10.33436015844345,4.6108004450798035,0.02458542881995813,0.0002,0.0130368,0,0,0,272.80337043984974,0.13408203125,0.5197195410728455,54.01534261703491,0,0,0,0,0
700416,342,32.68736822756365,853.9,-0.00854516647523269,4.951569378376007,4.559980988502502,0.017230106059290297,0.0002,0.01301632,0.5,0.0,0.0,259.3569888031807,0.09775390625,0.5213805437088013,40.34686518907547,1.3851179428043188,1.0857400922782592,0.0,0,0.30873341118065034
702464,343,0,0,-0.003643809340428561,17.620684599876405,4.672595512866974,0.017072127702707322,0.0002,0.01299584,0,0,0,333.11032449768595,0.1060546875,0.5046015977859497,84.70095419883728,0,0,0,0,0
704512,344,188.81310176311234,989.9,0.00785669757751748,3.6805440902709963,4.407728314399719,0.09269821073685652,0.0002,0.012975360000000002,0.0,0.1,0.0,257.34693162078185,0.28154296875,0.15563154220581055,14.616148346662522,1.8904021525141588,0.4669971755964676,0.0,0,0.47259157849247185
706560,345,0,0,-0.001830572448670864,9.729821193218232,4.267586815357208,0.033520896884150844,0.0002,0.012954879999999998,0,0,0,223.07259762097365,0.160009765625,0.3416385054588318,60.25820155143738,0,0,0,0,0
708608,346,149.05415147652917,909.2,0.01415249917190522,3.7911880195140837,4.246609830856324,0.07678364618550651,0.0002,0.0129344,0.2,0.0,0.0,300.7242360163391,0.27080078125,0.5628832578659058,20.98418163061142,2.2397941851651426,0.46634029509497166,0.0,0,0.585508439527896
710656,347,0,0,0.013955264654941856,4.529930967092514,4.18863936662674,0.09396237079054517,0.0002,0.012913919999999999,0,0,0,270.7354552178715,0.321826171875,0.673609733581543,23.501974248886107,0,0,0,0,0
712704,348,260.8027412917851,982.8,-0.004623472038656473,7.730545604228974,4.246669411659241,0.009308688437889434,0.0002,0.012893439999999999,0.1,0.0,0.1,275.04878925578885,0.04609375,0.2073008418083191,55.11701815128326,2.6404704436283106,0.35721936267217835,0.0,0,0.7654878826462452
714752,349,0,0,-0.0011861842591315507,12.639453411102295,4.10521901845932,0.026097912421395513,0.0002,0.01287296,0,0,0,251.59593560805519,0.15576171875,0.4114476442337036,43.28825222253799,0,0,0,0,0
716800,350,328.92714291841673,875.0,-0.0006141897989436984,9.09544403553009,4.049653804302215,0.011310011404569872,0.0002,0.01285248,0.0,0.1,0.3,274.0711117532032,0.05703125,0.2501581311225891,44.51894527673721,3.348918852770141,0.3522893917639565,0.0,0,0.8366050219158003
718848,351,0,0,-0.001196719822473824,13.136507892608643,4.059883457422257,0.021942001403661756,0.0002,0.012832,0,0,0,277.6242728588404,0.10869140625,0.4125424027442932,56.762061631679536,0,0,0,0,0
720896,352,264.37318341916887,620.0,0.0034605464432388546,9.856582117080688,3.901802659034729,0.03991398089565814,0.0002,0.01281152,0.3,0.1,0.5,280.5027454700992,0.199951171875,0.14917975664138794,42.43136194944382,3.4822689915666074,0.4629454332049603,0.0,0,0.6993777139253717
722944,353,0,0,0.02971916520036757,11.670349729061126,3.8366532742977144,0.10384429667610988,0.0002,0.01279104,0,0,0,285.7027118582396,0.355615234375,0.26037174463272095,43.296542352437974,0,0,0,0,0
724992,354,366.013476633425,723.9,-0.0010800276999361814,21.195601487159728,3.6921734750270843,0.013946695078634696,0.0002,0.012770559999999999,0.2,0.1,0.7,291.55797112664834,0.066015625,0.28538990020751953,82.27428147792816,4.675172966014877,0.3918244171566403,0.0,0,0.8995671617193413
727040,355,0,0,-0.0025408260291442273,28.60764436721802,3.691864711046219,0.009210054446160923,0.0002,0.01275008,0,0,0,280.4839325727165,0.040869140625,0.2991458773612976,79.49090695381165,0,0,0,0,0
729088,356,309.05848729499905,666.8,-0.005757694388739765,23.98844907283783,3.7154025614261625,0.013023678916308994,0.0002,0.0127296,0.4,0.0,0.3,282.30594085990583,0.0669921875,0.4262917637825012,59.51107039451599,4.106271585757844,0.39402694357638635,0.0,0,0.7190033473433852
731136,357,0,0,-0.0016150410287082196,25.013421773910522,3.728392243385315,0.011394787341127999,0.0002,0.01270912,0,0,0,220.48461377860167,0.062548828125,0.666892409324646,128.61798601150514,0,0,0,0,0
733184,358,357.6300248002245,596.8,0.0007125021773390472,28.16066708564758,3.7335757791996,0.031327865806091225,0.0002,0.012688640000000001,0.1,0.1,0.8,238.20971066645205,0.145556640625,0.3485943078994751,165.2619178533554,4.81890383200249,0.373177280941138,0.0,0,0.9097209111810818
735232,359,0,0,0.023678454756736755,15.09950087070465,3.6405601024627687,0.08776509455638268,0.0002,0.012668160000000001,0,0,0,260.1347590684076,0.314208984375,0.4938696026802063,95.22303388118743,0,0,0,0,0
737280,360,355.78665019905304,599.4,0.0008651764248497785,44.823800563812256,3.6791788280010223,0.015605281339961734,0.0002,0.01264768,0.4,0.0,0.6,237.2957698543899,0.091650390625,0.3842620849609375,167.65043611526488,5.172179384264827,0.5372400024203151,0.0,0,0.8519668490901019
739328,361,0,0,-0.008222318999469281,30.222188854217528,3.7047655463218687,0.015118562355386287,0.0002,0.0126272,0,0,0,256.491902542726,0.083544921875,0.7083389163017273,157.9705208301544,0,0,0,0,0
741376,362,341.9976440097422,523.4,-0.004749823990277946,27.195350313186644,3.6691487193107606,0.009176714626009826,0.0002,0.012606720000000002,0.3,0.1,0.5,244.8549034662882,0.047509765625,0.7106465697288513,163.08391370773316,5.434075589113436,0.4370265038607434,0.0,0,0.83830516287689
743424,363,0,0,0.00594655895838514,20.902079510688782,3.656830817461014,0.02694868748149413,0.0002,0.012586239999999999,0,0,0,258.32148374494426,0.151025390625,0.6205723285675049,180.63808078765868,0,0,0,0,0
745472,364,392.41351083049,581.8,0.0016233824891969562,14.005253458023072,3.6441007792949676,0.02580717226956434,0.0002,0.01256576,0.2,0.1,0.7,234.41565033018202,0.122412109375,0.7188535928726196,49.165504443645474,5.526824402571613,0.4568794810949163,0.0,0,0.8757895193277996
747520,365,0,0,0.04233196967979893,35.42675151824951,3.581188279390335,0.1732035140274128,0.0002,0.012545279999999999,0,0,0,230.4104086428112,0.50419921875,0.3347911238670349,98.63338227272034,0,0,0,0,0
749568,366,318.7366511404436,446.2,-0.0020380294881761074,39.55670504570007,3.619188594818115,0.004781690422719834,0.0002,0.012524799999999999,0.4,0.0,0.6,249.86622578177165,0.011669921875,0.5288009643554688,169.7300892829895,5.967236725806208,0.27287695218029134,0.0,0,0.7749578737402176
751616,367,0,0,-0.003508092416450381,56.713747310638425,3.6636648654937742,0.008184344052011022,0.0002,0.01250432,0,0,0,234.16849682962336,0.04248046875,0.5402768850326538,125.50224776268006,0,0,0,0,0
753664,368,378.9468193721509,494.0,-0.003485744458157569,27.17696785926819,3.612251430749893,0.013278824045123969,0.0002,0.01248384,0.3,0.0,0.7,257.88792063596424,0.06513671875,0.46803271770477295,87.89095752239227,6.650330582300865,0.39463019610883443,0.0,0,0.8776780768964368
755712,369,0,0,-0.0014280046569183468,32.227372121810916,3.629825419187546,0.0113862414495121,0.0002,0.01246336,0,0,0,235.9371616823486,0.068310546875,0.5800999402999878,131.50673899650573,0,0,0,0,0
757760,370,360.96032472560034,500.5,-0.002888616919517517,44.926463985443114,3.637185722589493,0.007815952434252624,0.0002,0.01244288,0.1,0.2,0.7,238.43740734457205,0.0470703125,0.665874719619751,153.68853693008424,5.779299357521898,0.4149341165133496,0.0,0,0.8322595043850833
759808,371,0,0,-0.004309951234608889,30.539292907714845,3.6252525806427003,0.01081649974513128,0.0002,0.0124224,0,0,0,219.4995421393779,0.05947265625,0.725418746471405,196.17749366760253,0,0,0,0,0
761856,372,440.9603274684405,545.6,-0.0043836859636940066,30.525435590744017,3.5995164096355436,0.013877857575430594,0.0002,0.012401919999999999,0.2,0.1,0.7,252.60505258062727,0.08662109375,0.7279025316238403,211.0219138622284,6.503639904891716,0.4345863435176012,0.0,0,0.8712772510302467
763904,373,0,0,-0.003127177176065743,59.41952600479126,3.5707079768180847,0.012896547855784282,0.0002,0.01238144,0,0,0,255.54280254051343,0.06708984375,0.4892321825027466,163.40863490104675,0,0,0,0,0
765952,374,307.5886402540776,449.5,0.01654610866680741,23.220590925216676,3.610875278711319,0.05164766350063228,0.0002,0.01236096,0.4,0.0,0.6,249.53039393393092,0.270361328125,0.587687611579895,136.47371199131013,5.436733633102441,0.30666270295362874,0.0,0,0.7336266118347148
768000,375,0,0,0.01273806969402358,38.24121594429016,3.630620723962784,0.07114013086539349,0.0002,0.012340480000000001,0,0,0,226.63591127972882,0.287451171875,0.45176398754119873,109.11229605674744,0,0,0,0,0
770048,376,407.11620582485233,511.9,-0.004785111662931741,33.349312925338744,3.5386846125125886,0.014349764818329747,0.0002,0.012320000000000001,0.2,0.1,0.7,244.39271893067044,0.0587890625,0.7263962030410767,177.44069104194642,6.59989545231924,0.3682889501451028,0.0,0,0.8430563281431687
772096,377,0,0,-0.00427138451486826,49.34101314544678,3.4677699148654937,0.01160419140251832,0.0002,0.012299520000000001,0,0,0,224.84089354597808,0.055224609375,0.5964130759239197,140.3139865398407,0,0,0,0,0
774144,378,266.43634911250905,345.5,-0.00365252731135115,83.64738550186158,3.525613862276077,0.007376891371684935,0.0002,0.01227904,0.8,0.0,0.2,218.82806950164877,0.0314453125,0.46574199199676514,156.37962079048157,7.5803689215603445,0.4733722747518622,0.0,0,0.7922636920034611
776192,379,0,0,-0.0058494896744377915,80.03712739944459,3.5033080697059633,0.018939718590450332,0.0002,0.012258559999999998,0,0,0,223.7346211099572,0.08642578125,0.6297824382781982,162.7215796470642,0,0,0,0,0
778240,380,314.87015938356956,342.5,-0.004909277893602848,69.5985234260559,3.4732016146183016,0.009236323661848563,0.0002,0.012238079999999998,0.7,0.0,0.3,229.90249094688485,0.04443359375,0.6768201589584351,249.10632772445678,7.740953256602774,0.36194876181877256,0.0,0,0.7541799291531369
780288,381,0,0,-0.0029394131153821943,82.36102705001831,3.41489891409874,0.007099053799178387,0.0002,0.012217599999999999,0,0,0,233.19104839258748,0.037158203125,0.7086058855056763,226.8299563407898,0,0,0,0,0
782336,382,302.2864028308602,327.0,-0.002548639860469848,99.39264469146728,3.4157900750637054,0.00722032758422377,0.0002,0.01219712,0.5,0.1,0.4,230.22450496128207,0.039794921875,0.5199931859970093,276.51534976959226,7.554182759126772,0.33851616587899885,0.0,0,0.708059298287872
784384,383,0,0,-0.005533909145742655,85.52777776718139,3.4761837482452393,0.014044688938979385,0.0002,0.012176639999999999,0,0,0,224.8132718413318,0.073486328125,0.6353086233139038,330.7666332244873,0,0,0,0,0
786432,384,311.06482712966624,335.3,-0.004619656526483595,98.43018035888672,3.46032674908638,0.00809831130755379,0.0002,0.012156160000000001,0.5,0.1,0.4,229.42468483111492,0.041796875,0.710827112197876,271.3117084503174,7.9658606526372635,0.4157112030386618,0.0,0,0.7270983769878793
788480,385,0,0,-0.0033087741467170417,96.68428688049316,3.375737690925598,0.008846041015938621,0.0002,0.01213568,0,0,0,197.84386757073634,0.0375,0.7251464128494263,316.2256097793579,0,0,0,0,0
790528,386,318.6369986696792,343.8,-0.003254990722052753,57.27842540740967,3.4749994337558747,0.01796739799611708,0.0002,0.0121152,0.6,0.0,0.4,215.4188559892666,0.090283203125,0.8521764278411865,194.3690249443054,7.944260664776794,0.3794254516443581,0.0,0,0.7455734297493944
792576,387,0,0,0.0006884781061671675,74.66543560028076,3.328805810213089,0.018722012055519398,0.0002,0.01209472,0,0,0,216.82291561546296,0.109521484375,0.782136082649231,258.98082609176635,0,0,0,0,0
794624,388,325.13307949827055,359.0,0.0021748032071627677,131.40683403015137,3.3850190341472626,0.015193509774695302,0.0002,0.012074240000000002,0.5,0.0,0.5,258.28767235571394,0.09287109375,0.6827182173728943,549.9145290374756,8.017031125483154,0.396932469153568,0.0,0,0.8075099567436084
796672,389,0,0,-0.004233292746357619,93.236736869812,3.4764873921871184,0.011404980299999132,0.0002,0.01205376,0,0,0,220.97104760753288,0.068505859375,0.6577690839767456,284.68421506881714,0,0,0,0,0
798720,390,334.23109580430844,392.6,0.00966010200791061,69.96226997375489,3.4781456649303437,0.04296947471266942,0.0002,0.012033279999999999,0.8,0.0,0.2,175.53805976121248,0.20673828125,0.7249428033828735,331.8832328796387,7.565065963127405,0.3367511294303058,0.0,0,0.7190535485274608
800768,391,0,0,-0.0009704425232484936,144.97833137512208,3.332832098007202,0.0072646458123988705,0.0002,0.0120128,0,0,0,222.13207380643894,0.035498046875,0.5156610012054443,442.12781410217286,0,0,0,0,0
802816,392,355.06433387775553,402.7,-0.0021445782389491797,93.34950370788575,3.404386830329895,0.017643067391696795,0.0002,0.011992319999999999,0.5,0.1,0.4,223.53088197630493,0.0728515625,0.7502368688583374,265.1041004180908,7.682674147970745,0.37062275407378176,0.0,0,0.7793333237246585
804864,393,0,0,-0.003286790393758565,105.8541223526001,3.3825186133384704,0.00678520941729085,0.0002,0.01197184,0,0,0,232.99748507272207,0.026513671875,0.7733335494995117,297.64419374465945,0,0,0,0,0
806912,394,269.2261484395404,278.6,-0.003098342660814524,79.94882049560547,3.410936790704727,0.005768345799159077,0.0002,0.01195136,0.6,0.2,0.2,216.89442670503294,0.023779296875,0.6690225601196289,360.824591255188,8.388940955229689,0.2915622687281369,0.0,0,0.7136723540882122
808960,395,0,0,-0.004048242419958115,108.30528964996338,3.198255205154419,0.021972891193589448,0.0002,0.011930880000000001,0,0,0,251.23594525260913,0.09892578125,0.6389995813369751,294.5922226905823,0,0,0,0,0
811008,396,154.2132332638327,169.7,-0.0006139702629297972,164.27909622192382,3.0989977180957795,0.00941705795121861,0.0002,0.0119104,1.0,0.0,0.0,239.43788899023033,0.0427734375,0.6405209302902222,422.116051864624,7.740844586016341,0.2899500090071351,0.0,0,0.35857031063509237
813056,397,0,0,-0.0024776739766821263,115.43489265441895,3.3833127915859222,0.007111210825319692,0.0002,0.01188992,0,0,0,196.5521198868144,0.03544921875,0.7692702412605286,444.7360527038574,0,0,0,0,0
815104,398,212.20157831374257,242.9,-0.005762503272853792,179.9732292175293,3.1594734251499177,0.01307603110036302,0.0002,0.01186944,0.9,0.0,0.1,242.4664436729932,0.07900390625,0.6002776622772217,579.5277780532837,7.868797473004944,0.366403663309974,0.0,0,0.5585863167094636
817152,399,0,0,-0.00537762267049402,144.7996244430542,3.1014921605587005,0.014704779465691367,0.0002,0.01184896,0,0,0,222.33843765705683,0.06640625,0.6403093338012695,309.9897535324097,0,0,0,0,0
819200,400,289.5025255315425,300.6,-0.004254401428624988,126.49794597625733,3.260019117593765,0.014383753453154366,0.0002,0.01182848,0.6,0.1,0.3,205.41406714460675,0.05654296875,0.6935148239135742,332.9424551010132,8.058880836333866,0.3171466734019507,0.0,0,0.6504882352930498
821248,401,0,0,-0.0014759183046407997,107.96781921386719,3.2949332654476167,0.005916402651935169,0.0002,0.011807999999999999,0,0,0,227.06183141643493,0.026953125,0.690697431564331,294.68464012145995,0,0,0,0,0
823296,402,267.64365792477895,271.8,-0.0010618321131914854,121.97610435485839,3.2280012726783753,0.018335925252182014,0.0002,0.011787520000000001,0.7,0.1,0.2,217.20895673389685,0.093505859375,0.6846970319747925,432.77948303222655,8.723327856656756,0.4102376079107917,0.0,0,0.6268984647707754
825344,403,0,0,0.0018524210900068283,102.43238372802735,3.3326795041561126,0.013639879209232075,0.0002,0.01176704,0,0,0,215.03099616558515,0.06142578125,0.6731904745101929,494.7490406036377,0,0,0,0,0
827392,404,353.249152798712,364.6,0.003692691866308451,115.64845504760743,3.1426627159118654,0.02221865652973768,0.0002,0.01174656,0.5,0.0,0.5,236.16473338654367,0.140087890625,0.7943112254142761,571.0394691467285,7.825204577731876,0.30483568968845126,0.0,0,0.770995630401839
829440,405,0,0,0.0026527698617428543,82.96921100616456,3.403335863351822,0.027448558411566883,0.0002,0.01172608,0,0,0,184.71423634209526,0.15849609375,0.7719415426254272,486.94262371063235,0,0,0,0,0
831488,406,283.58044104862324,310.4,-0.002197713335044682,94.96791400909424,3.418875902891159,0.017309878909879818,0.0002,0.0117056,0.6,0.0,0.4,195.70168375128037,0.0966796875,0.7928759455680847,353.09087467193604,7.644721053616325,0.3333085437348484,0.0,0,0.6442671630036536
833536,407,0,0,-0.003875575354322791,53.26373300552368,3.4219888508319856,0.02092849869807046,0.0002,0.01168512,0,0,0,205.59418108988243,0.12001953125,0.8059037327766418,657.052027797699,0,0,0,0,0
835584,408,341.1321529974788,323.3,-0.0004861377878114581,80.8876470565796,3.405065381526947,0.018767218328144923,0.0002,0.011664639999999999,0.5,0.1,0.4,231.05479717390125,0.10361328125,0.7309565544128418,324.5076078414917,8.203569381723517,0.2817613168663159,0.0,0,0.7528539352407716
837632,409,0,0,0.008797566103748978,89.46788215637207,3.2382544338703156,0.03647440541536473,0.0002,0.01164416,0,0,0,229.98209103237042,0.174365234375,0.7456660866737366,385.3446643829346,0,0,0,0,0
839680,410,279.1428305241223,270.2,0.0034064477309584617,90.85059661865235,3.2181774735450746,0.027144347659049616,0.0002,0.011623679999999999,0.6,0.0,0.4,243.73567841945032,0.1517578125,0.7321954369544983,321.9918539047241,8.629818550756358,0.40083037715414926,0.0,0,0.7119937569283543
841728,411,0,0,0.001500843558460474,153.76882629394532,3.1602812826633455,0.024680115396045862,0.0002,0.0116032,0,0,0,229.0531155287382,0.15283203125,0.5763006210327148,553.5315567016602,0,0,0,0,0
843776,412,384.7066232058282,421.6,0.02803628146648407,86.90951576232911,3.4086568355560303,0.11976233191127832,0.0002,0.01158272,0.3,0.0,0.7,216.16277185695301,0.327099609375,0.7107207775115967,454.33932971954346,7.7554853299086615,0.34878530321765855,0.0,0,0.901666639492765
845824,413,0,0,-0.004952632018830627,123.30263481140136,3.2822730422019957,0.03245010819147142,0.0002,0.011562240000000001,0,0,0,180.24725940768286,0.152001953125,0.5145388245582581,288.91684703826905,0,0,0,0,0
847872,414,369.81669554856194,412.9,-0.0030174969928339125,138.12576484680176,3.21225021481514,0.011400684970436267,0.0002,0.01154176,0.6,0.0,0.4,227.97201246705893,0.055712890625,0.5990250110626221,289.89146995544434,7.7788554306849775,0.34097447079515875,0.0,0,0.7570268774928892
849920,415,0,0,-0.00042436677031219003,120.56670093536377,3.261831945180893,0.01924183932133772,0.0002,0.01152128,0,0,0,188.85128281343506,0.101708984375,0.7118570804595947,332.38962574005126,0,0,0,0,0
851968,416,325.7036034538572,333.0,0.09202873212052509,61.261514377594,3.420068609714508,0.3402104688808409,0.0002,0.0115008,0.1,0.3,0.6,186.43745909983534,0.609423828125,0.7221308946609497,231.05142335891725,8.158305803894475,0.29338173473403995,0.0,0,0.7559171186763406
854016,417,0,0,0.0024316571885719894,100.6421365737915,3.326656973361969,0.024153178272547416,0.0002,0.01148032,0,0,0,233.7801941598759,0.12392578125,0.647032618522644,354.9174364089966,0,0,0,0,0
856064,418,289.7414465968151,311.2,0.0016199214151129127,65.21068458557129,3.3103850960731505,0.029678830449127013,0.0002,0.011459839999999999,0.3,0.1,0.6,215.51369163388796,0.154345703125,0.7746392488479614,437.09239692687987,7.821530514041166,0.326498523891796,0.0,0,0.7752705830653138
858112,419,0,0,-0.00048135564429685473,96.84972648620605,3.2274264335632323,0.019021029511356487,0.0002,0.011439359999999999,0,0,0,233.61512841083743,0.089111328125,0.6938191652297974,420.9544725418091,0,0,0,0,0
860160,420,282.16488252818056,289.4,0.017876649973914027,71.51092138290406,3.284857469797134,0.07716874380130799,0.0002,0.011418880000000001,0.6,0.0,0.4,206.6452019926523,0.278759765625,0.5965296030044556,366.1718911170959,7.686534832224046,0.27884111133222683,0.0,0,0.6628889963810896
862208,421,0,0,-0.004094138316577301,144.50969219207764,3.3242813527584074,0.01308053642279039,0.0002,0.0113984,0,0,0,203.18996461960324,0.07412109375,0.6535977721214294,801.4381561279297,0,0,0,0,0
864256,422,320.93864228167587,397.2,0.030327698832843454,76.97145805358886,3.334760236740112,0.1850074367255778,0.0002,0.01137792,0.3,0.2,0.5,207.92804927898402,0.268603515625,0.8191477656364441,397.9327585220337,6.970809204374211,0.6067854602741696,0.0,0,0.7747508234273826
866304,423,0,0,-0.0003583335317671299,118.20968914031982,3.3242690920829774,0.01594413477578717,0.0002,0.01135744,0,0,0,217.3038691665926,0.08603515625,0.7244937419891357,600.5561460494995,0,0,0,0,0
868352,424,395.7902266693653,481.6,-0.00387256242102012,137.41357040405273,3.357881188392639,0.010739818419101816,0.0002,0.01133696,0.1,0.2,0.7,236.0409847210249,0.061474609375,0.7211142778396606,556.5157625198365,6.973729634929734,0.6292499467281147,0.0,0,0.8798660904525466
870400,425,0,0,-0.005515757924877107,91.05789041519165,3.523264926671982,0.011895678992738136,0.0002,0.01131648,0,0,0,233.4112642688327,0.070947265625,0.5094497203826904,297.95612506866456,0,0,0,0,0
872448,426,367.25251200377636,445.9,0.010900569870136679,148.90305118560792,3.378881794214249,0.04384538928280148,0.0002,0.011296,0.3,0.1,0.6,233.02138319779334,0.242236328125,0.6106444597244263,606.9687767028809,6.534355289580749,0.49870033857820706,0.0,0,0.7863681423253022
874496,427,0,0,-0.003348485962487757,76.97064409255981,3.4214786887168884,0.0075619392155249765,0.0002,0.01127552,0,0,0,218.91885100623796,0.033447265625,0.7948684096336365,440.6775905609131,0,0,0,0,0
876544,428,333.0011779355974,393.7,-0.0026630190666764976,117.17874851226807,3.4414574265480042,0.013921022584331907,0.0002,0.01125504,0.4,0.1,0.5,226.10862156633084,0.065234375,0.6092254519462585,411.03263263702394,6.890874900184899,0.39145618242563013,0.0,0,0.7905177755743773
878592,429,0,0,0.00423694106284529,83.10094203948975,3.4424365878105165,0.029652638020347833,0.0002,0.01123456,0,0,0,242.2146116188837,0.110205078125,0.6200824975967407,502.9423011779785,0,0,0,0,0
880640,430,285.3245989608874,335.7,0.035942321259062736,61.64521436691284,3.460296297073364,0.12971639105817756,0.0002,0.01121408,0.6,0.1,0.3,228.96037609280435,0.37568359375,0.7188512086868286,495.31553373336794,7.4553238889165145,0.43319083400335245,0.0,0,0.6248872897491162
882688,431,0,0,-0.002810328174382448,93.95596199035644,3.2443167567253113,0.01776130614453584,0.0002,0.0111936,0,0,0,225.9352909035024,0.09453125,0.6559567451477051,258.2500690460205,0,0,0,0,0
884736,432,260.0462009038958,277.4,0.003106258297339082,96.89149036407471,3.3127910673618315,0.02557926795562577,0.0002,0.01117312,0.7,0.1,0.2,200.21093377715394,0.159423828125,0.5865623950958252,345.564658164978,8.189573711582785,0.38660615070707205,0.0,0,0.5935825075828991
886784,433,0,0,0.011381092807278037,48.66347513198853,3.3447951555252073,0.07078970198054427,0.0002,0.01115264,0,0,0,209.1471072336549,0.243017578125,0.8396367430686951,248.9717671394348,0,0,0,0,0
888832,434,357.21454417741717,435.4,0.044485918688587846,82.56468410491944,3.3373328864574434,0.18860292206518842,0.0002,0.01113216,0.3,0.2,0.5,208.12583204325833,0.44365234375,0.7323365211486816,383.73176136016843,7.436368126223604,0.7553652058862987,0.0,0,0.8109342930232998
890880,435,0,0,0.010477344738319516,116.4038953781128,3.470725029706955,0.0494433488696868,0.0002,0.01111168,0,0,0,212.48670938696253,0.22919921875,0.7699670791625977,875.8467648506164,0,0,0,0,0
892928,436,366.3670596165718,367.1,6.679098587483167e-05,73.46213989257812,3.303636205196381,0.02302095218329204,0.0002,0.011091199999999999,0.4,0.0,0.6,226.1227280843487,0.12421875,0.7549046874046326,488.24069385528566,7.825170566687859,0.6258478444988731,0.0,0,0.7908583498344716
894976,437,0,0,-0.004031617601867765,113.51517791748047,3.413738763332367,0.029177651426295654,0.0002,0.01107072,0,0,0,206.0117564297982,0.16650390625,0.7458105683326721,301.20241317749026,0,0,0,0,0
897024,438,300.4468577846868,320.5,0.03090022758115083,84.34394044876099,3.4369799733161925,0.1194534113950847,0.0002,0.01105024,0.6,0.0,0.4,188.22272856493822,0.321630859375,0.6212751865386963,267.5770175933838,7.965098321307691,0.37777611421035234,0.0,0,0.709348611798579
899072,439,0,0,-0.002415429020766169,96.98305587768554,3.365112143754959,0.039851252455271005,0.0002,0.01102976,0,0,0,241.55025581322957,0.184326171875,0.6606093049049377,242.41612920761108,0,0,0,0,0
901120,440,301.0421771143485,346.0,-0.0035724959801882506,88.91275291442871,3.488564360141754,0.03032655776770176,0.0002,0.01100928,0.6,0.0,0.4,239.11541520898638,0.148779296875,0.6031143665313721,174.74109716415404,7.696691734247156,0.34098113400608354,0.0,0,0.7270912890078011
903168,441,0,0,-0.007872529875021428,65.07475814819335,3.4851961851119997,0.018919463071510732,0.0002,0.0109888,0,0,0,214.00444788836168,0.089892578125,0.7670835256576538,307.320339012146,0,0,0,0,0
905216,442,343.84284038587214,398.8,-0.0021616725716739893,126.65770111083984,3.420258182287216,0.01822115498944745,0.0002,0.01096832,0.5,0.0,0.5,210.72182887726456,0.0998046875,0.726904034614563,390.2481767654419,7.76727095766271,0.4328854592128109,0.0,0,0.739241260581108
907264,443,0,0,-0.00533384014852345,121.47811870574951,3.3547163009643555,0.01446976526641099,0.0002,0.010947839999999999,0,0,0,219.94244868836745,0.06787109375,0.6590851545333862,300.46105155944826,0,0,0,0,0
909312,444,285.19532772470836,338.7,-0.0014118659193627537,70.64648008346558,3.3714488446712494,0.008889975512288904,0.0002,0.010927359999999999,0.5,0.2,0.3,202.18990974281976,0.042822265625,0.7068100571632385,384.4205856323242,7.632974517909036,0.4750247749863702,0.0,0,0.6429339620639929
911360,445,0,0,-0.002788496168795973,101.05417556762696,3.459590566158295,0.013948524688032676,0.0002,0.01090688,0,0,0,215.4304229046768,0.078369140625,0.6757929921150208,295.38969440460204,0,0,0,0,0
913408,446,381.2836106876716,411.6,-0.0024447420611977575,86.27342014312744,3.370094579458237,0.015557520298906686,0.0002,0.010886400000000001,0.5,0.0,0.5,224.14595869717863,0.089111328125,0.6810213327407837,269.64979887008667,7.392156017705863,0.42319598374296225,0.0,0,0.7633920505831616
915456,447,0,0,0.01488879342796281,79.8016456604004,3.3441795229911806,0.06565316377091943,0.0002,0.01086592,0,0,0,232.23472832128402,0.19599609375,0.7386156916618347,468.5983940124512,0,0,0,0,0
917504,448,316.9304691100717,332.8,0.006770601752214134,63.83438606262207,3.4410040736198426,0.0593134564580444,0.0002,0.01084544,0.3,0.2,0.5,204.46567361764798,0.270458984375,0.7480252981185913,274.55128087997434,7.811410271117874,0.4417839405384426,0.0,0,0.7533454458375692
919552,449,0,0,-0.0014096084516495467,116.615065574646,3.302124333381653,0.030330300924839855,0.0002,0.01082496,0,0,0,220.9216048186481,0.155322265625,0.6682800054550171,278.23241863250735,0,0,0,0,0
921600,450,144.69903029037695,260.9,0.050646658393088725,88.44942741394043,3.3829691767692567,0.21907732523396337,0.0002,0.010804479999999998,0.8,0.2,0.0,204.3792791523625,0.43525390625,0.7895263433456421,250.70902109146118,7.749350913425687,0.9007399412539101,0.0,0,0.5568464622371446
923648,451,0,0,0.0037133808247745035,161.1898941040039,3.3670865297317505,0.023552184668376257,0.0002,0.010783999999999998,0,0,0,245.35949515771208,0.141162109375,0.7354298233985901,865.8011829376221,0,0,0,0,0
925696,452,257.1840523576117,341.9,-0.005484907876234501,108.95413780212402,3.3591510474681856,0.01861603814905261,0.0002,0.01076352,0.7,0.0,0.3,225.07907808794207,0.11328125,0.6918113231658936,484.45164642333987,7.113170869248249,0.7422452646930745,0.0,0,0.6392346223129005
927744,453,0,0,0.007943172031082213,97.79062309265137,3.400019717216492,0.036920848606684674,0.0002,0.01074304,0,0,0,200.96696005492734,0.18876953125,0.6796692609786987,474.7899055480957,0,0,0,0,0
929792,454,186.85262632683612,280.1,0.0008019069558940828,111.66201095581054,3.4449205458164216,0.017397773152339487,0.0002,0.010722559999999999,0.7,0.2,0.1,244.66449582950668,0.107666015625,0.7798655033111572,388.9996047973633,7.722355071218513,0.8252644212354664,0.0,0,0.46556340499925347
931840,455,0,0,0.01601559210103005,82.72700242996216,3.4054872393608093,0.06602205750969625,0.0002,0.01070208,0,0,0,262.7273191115516,0.23642578125,0.7714253664016724,488.436385345459,0,0,0,0,0
933888,456,319.02728703823107,506.5,-0.003881967789493501,89.02276802062988,3.4102100670337676,0.014829961396758934,0.0002,0.0106816,0.2,0.2,0.4,245.33852796162202,0.0912109375,0.779188871383667,706.9159236907959,5.816125614019144,0.6247576078688012,0.0,0,0.7038407824938299
935936,457,0,0,-0.007315669965464622,97.4925931930542,3.472983092069626,0.015220727420824417,0.0002,0.01066112,0,0,0,245.08592115888234,0.067041015625,0.6805108785629272,217.60869026184082,0,0,0,0,0
937984,458,411.3328398110095,552.4,0.007253287243656814,75.26574039459229,3.5521493554115295,0.04303005024558556,0.0002,0.01064064,0.4,0.1,0.4,237.76803788086113,0.187060546875,0.7738407254219055,347.5906784057617,6.669762862893859,0.6125103805125776,0.0,0,0.8597659570843984
940032,459,0,0,-0.00014150439528748393,87.13357830047607,3.4446542978286745,0.017219218361429582,0.0002,0.01062016,0,0,0,253.27597100967597,0.089501953125,0.6633466482162476,489.51274223327636,0,0,0,0,0
942080,460,283.3386244820158,326.0,-0.0006104657193645834,69.56106719970703,3.519867789745331,0.026294244069147245,0.0002,0.01059968,0.6,0.0,0.4,224.2481148069286,0.14169921875,0.7533847689628601,416.3094758987427,7.762051810065354,0.4678028150210632,0.0,0,0.6866505245677653
944128,461,0,0,0.004641964542679488,86.78805656433106,3.748079943656921,0.03975281579188469,0.0002,0.010579199999999999,0,0,0,213.95619199912323,0.179541015625,0.640056848526001,278.0741579055786,0,0,0,0,0
946176,462,275.3105982613836,329.8,0.008266241883393376,56.62485961914062,3.4513554632663728,0.04067473382456847,0.0002,0.010558719999999999,0.5,0.3,0.2,219.15068568919307,0.22392578125,0.6089862585067749,134.64629411697388,7.804805476552969,0.7166610932658511,0.0,0,0.5606052271246051
948224,463,0,0,-0.00696229855529964,103.96945686340332,3.3842874586582186,0.024638114706619446,0.0002,0.010538239999999999,0,0,0,225.83070161006685,0.122509765625,0.662889838218689,256.85304193496705,0,0,0,0,0
950272,464,203.63567929504833,324.5,-0.0005151048535481095,43.531812286376955,3.482335460186005,0.03972777178279089,0.0002,0.01051776,0.6,0.1,0.3,230.45583093910528,0.201611328125,0.7647904753684998,250.55256600379943,8.011092859777012,0.8534978036073202,0.0,0,0.7103561547662722
952320,465,0,0,0.015684273466467856,111.56431789398194,3.387228471040726,0.07108155172319543,0.0002,0.01049728,0,0,0,222.56759854365578,0.3130859375,0.6656358242034912,367.4300843238831,0,0,0,0,0
954368,466,305.0780668063273,407.8,0.00362449549138546,86.47263717651367,3.4334545493125916,0.03848843831802428,0.0002,0.0104768,0.5,0.1,0.4,215.71277346761903,0.180419921875,0.6921921372413635,408.02175188064575,7.462952196272292,0.721154260614826,0.0,0,0.7465482146819717
956416,467,0,0,-0.0024140206398442386,107.95563735961915,3.4419180333614348,0.01711390550481908,0.0002,0.01045632,0,0,0,197.95922515910834,0.08154296875,0.5546575784683228,238.7265640258789,0,0,0,0,0
958464,468,195.18140305091205,230.5,-0.0008027641219086945,117.17037353515624,3.506766301393509,0.015729666280100835,0.0002,0.010435839999999998,0.8,0.0,0.2,217.5572684486676,0.08251953125,0.7232800722122192,372.27893047332765,8.155616789210502,0.6570254890404187,0.0,0,0.5889819118973115
960512,469,0,0,-0.0013308625319041311,95.80658187866212,3.5380760610103605,0.013349427119834546,0.0002,0.010415359999999999,0,0,0,207.8000908231201,0.073583984375,0.7911118865013123,584.0361787796021,0,0,0,0,0
962560,470,255.74923041104958,310.7,0.004211560334078967,97.98073196411133,3.396975076198578,0.02720269783168041,0.0002,0.01039488,0.4,0.3,0.3,221.14271184146372,0.173681640625,0.7999740242958069,423.0967714309692,7.954580211414493,0.592727650194781,0.0,0,0.6769428561002264
964608,471,0,0,-0.0007917878217995166,77.20757846832275,3.6192032039165496,0.00896120441612508,0.0002,0.0103744,0,0,0,199.66569785064166,0.04716796875,0.8041967153549194,580.7121417999267,0,0,0,0,0
966656,472,323.69129118391584,346.5,0.005599715863354504,105.67574005126953,3.685279333591461,0.04183172194498912,0.0002,0.010353919999999999,0.5,0.1,0.4,183.189714034627,0.149609375,0.7482468485832214,360.4965295791626,8.399915495790975,0.5881987649884522,0.0,0,0.7372509685277736
968704,473,0,0,0.04344177669845521,90.98186321258545,3.7155898928642275,0.31373203038239394,0.0002,0.010333440000000001,0,0,0,182.75768321065357,0.330810546875,0.8137548565864563,495.0890012741089,0,0,0,0,0
970752,474,373.4706003208754,418.3,0.03300551378633827,54.998531913757326,3.6121723651885986,0.11468265070580723,0.0002,0.01031296,0.5,0.0,0.5,237.75820570293556,0.342529296875,0.8209609985351562,313.88762378692627,7.551016501407783,0.32618935766109064,0.0,0,0.8133812811451477
972800,475,0,0,-0.0018087540054693818,95.23298053741455,3.4541764318943025,0.015414796292323257,0.0002,0.01029248,0,0,0,218.8124059070833,0.082373046875,0.8404837846755981,512.0299278259278,0,0,0,0,0
974848,476,363.65718545956327,418.7,-0.005296792287845164,108.61139240264893,3.532507282495499,0.012107076821854844,0.0002,0.010271999999999998,0.5,0.1,0.4,208.86033607221265,0.05234375,0.6745424270629883,341.85682182312013,7.144808739908344,0.30950708583778197,0.0,0,0.741825173712326
976896,477,0,0,0.03504514736123383,87.85017280578613,3.5910718619823454,0.15691543860303356,0.0002,0.01025152,0,0,0,189.1537571253871,0.419677734375,0.7129332423210144,256.5535482406616,0,0,0,0,0
978944,478,60.6714317280521,196.3,0.012951139314100146,407.3353805541992,3.6602171897888183,0.049547836917923645,0.0002,0.01023104,0.9,0.1,0.0,230.12928574184173,0.283837890625,0.20700401067733765,1951.4152034759522,5.326653897171054,0.6071239236382412,0.0,0,0.3627184180778137
980992,479,0,0,-0.006690890714526177,239.71850090026857,3.5872884690761566,0.029558449862822946,0.0002,0.010210559999999999,0,0,0,233.73399905128852,0.140771484375,0.3731462359428406,967.7064811706543,0,0,0,0,0
983040,480,228.8793182817958,308.2,-0.008672510797623545,165.31677742004393,3.5733455181121827,0.0288669886511393,0.0002,0.010190079999999999,0.5,0.1,0.4,222.2211739948645,0.15830078125,0.44990742206573486,445.159527015686,7.372682325138361,0.3903170710638261,0.0,0,0.6053045848383951
985088,481,0,0,-0.008656328520737588,114.018550491333,3.5829746663570403,0.024735901785613003,0.0002,0.010169599999999999,0,0,0,73.99691224642802,0.1173828125,0.3520999550819397,280.43355379104617,0,0,0,0,0
987136,482,260.49082150661366,322.9,0.01617278272751719,70.86582822799683,3.6535160303115846,0.07965905772289734,0.0002,0.01014912,0.6,0.0,0.4,196.16988496204334,0.294091796875,0.7441452741622925,350.23420066833495,8.237386430705495,0.4275167609286498,0.0,0,0.6474035340029501
989184,483,0,0,-0.006010686443187296,174.6110538482666,3.5872666358947756,0.01973934255075281,0.0002,0.01012864,0,0,0,203.69562623981983,0.10380859375,0.5420516729354858,707.5153030395508,0,0,0,0,0
991232,484,256.60505419138246,310.4,-0.00637775551294908,127.5238660812378,3.659842920303345,0.028891860890149484,0.0002,0.010108160000000001,0.4,0.2,0.4,200.89209848876774,0.15986328125,0.6239874958992004,632.7051755905152,7.455407604060101,0.3061495666360111,0.0,0,0.5800184235155357
993280,485,0,0,-0.004289884865283966,112.5462495803833,3.4536302506923677,0.025566805942079607,0.0002,0.01008768,0,0,0,246.6195520780626,0.12333984375,0.5928746461868286,434.67681980133057,0,0,0,0,0
995328,486,303.1958761880985,327.2,0.005321231880225241,112.57799854278565,3.6383269846439363,0.04036883134104423,0.0002,0.010067199999999998,0.4,0.1,0.5,175.31240473693234,0.17802734375,0.4764946699142456,294.4134275436401,8.60357270703368,0.3560055465424958,0.0,0,0.7082128905098147
997376,487,0,0,0.011625568009912967,74.05622816085815,3.646000587940216,0.07725931378082104,0.0002,0.010046719999999999,0,0,0,207.29068342907348,0.23740234375,0.7049494981765747,338.32095527648926,0,0,0,0,0
999424,488,252.41585182930544,282.8,-0.0016700906213372945,92.31030197143555,3.5002284705638886,0.02322226425167904,0.0002,0.010026239999999999,0.5,0.2,0.3,230.88553803956904,0.119482421875,0.7784825563430786,435.27959499359133,7.543592470078977,0.37579843129688373,0.0,0,0.6229637070671107
1001472,489,0,0,0.0211259143659845,106.56340255737305,3.5992111921310426,0.0851480197015996,0.0002,0.010005759999999999,0,0,0,199.79335283616615,0.2513671875,0.6596534252166748,501.5817949295044,0,0,0,0,0
1003520,490,290.43373618499044,378.6,0.038623328786343336,94.37000999450683,3.643154186010361,0.12682348049712272,0.0002,0.00998528,0.4,0.0,0.5,233.01958166074726,0.38134765625,0.7205374836921692,495.08866662979125,7.4853688941036225,0.4378085803985051,0.0,0,0.7402748132277713
1005568,491,0,0,0.0015376499271951617,96.59668254852295,3.7066486060619352,0.024099058588042604,0.0002,0.009964800000000001,0,0,0,210.27279252032196,0.11064453125,0.7209544777870178,348.6682146072388,0,0,0,0,0
1007616,492,367.78051827298475,431.3,0.008948523527942598,70.71886157989502,3.5233157575130463,0.052112684590983935,0.0002,0.00994432,0.3,0.0,0.7,229.9203487749622,0.206640625,0.7339144945144653,317.1781719207764,7.70361817889989,0.39167210594116614,0.0,0,0.8118553684577069
1009664,493,0,0,0.013773864135146141,70.96855840682983,3.7660925447940827,0.055540116009076754,0.0002,0.009923839999999998,0,0,0,219.77536923630547,0.240576171875,0.7150166034698486,203.90971155166625,0,0,0,0,0
1011712,494,354.5805823034835,360.4,0.0037589129526168106,91.99464015960693,3.599132996797562,0.03242102118093241,0.0002,0.00990336,0.2,0.2,0.6,236.45556498142943,0.150927734375,0.7537153363227844,604.82112159729,8.060677646611023,0.2775668122679744,0.0,0,0.7328763411595757
1013760,495,0,0,-0.0009113912121392787,63.630097484588624,3.479052221775055,0.021540722857759986,0.0002,0.00988288,0,0,0,225.35708329990555,0.10947265625,0.7715437412261963,247.20096225738524,0,0,0,0,0
1015808,496,337.5980550651529,378.4,-0.000363752874545753,99.98525543212891,3.5372790932655334,0.018273260604479837,0.0002,0.0098624,0.4,0.1,0.5,205.41021118913093,0.088037109375,0.758034348487854,342.16138954162597,7.996455605387735,0.3424012095556354,0.0,0,0.7578328302077773
1017856,497,0,0,0.08183173558209092,75.7755404472351,3.8928787887096403,0.5114378710364742,0.0002,0.009841919999999999,0,0,0,230.28542291288238,0.477001953125,0.6650683879852295,398.4341577529907,0,0,0,0,0
1019904,498,128.83769569362116,207.4,0.0003730509721208364,361.60618591308594,3.4152740478515624,0.10459780122037636,0.0002,0.009821439999999999,0.6,0.2,0.2,244.2035429001373,0.244091796875,0.47785520553588867,1916.3234092712403,7.123905120030964,0.4480827194273024,0.0,0,0.4558775009225912
1021952,499,0,0,-0.004037684283684939,172.93816566467285,3.806956708431244,0.010951492926147166,0.0002,0.009800960000000001,0,0,0,208.15454402769896,0.0578125,0.7454657554626465,459.2435174942017,0,0,0,0,0
1024000,500,226.66309375797792,298.3,-0.005908360448665917,137.0824415206909,3.8139445662498472,0.016345817781989125,0.0002,0.00978048,0.6,0.2,0.2,202.0063591803888,0.09072265625,0.6240623593330383,363.9719362258911,7.785488660428856,0.44031706069459686,0.0,0,0.5533045005113838
1026048,501,0,0,-0.005818390008062124,78.04128007888794,3.787757170200348,0.016261424357076906,0.0002,0.009759999999999998,0,0,0,227.35784096597592,0.086181640625,0.656817615032196,264.5612823486328,0,0,0,0,0
1028096,502,214.14774791064482,290.0,0.007489209770574235,69.3681170463562,3.753017193078995,0.055966504442044415,0.0002,0.00973952,0.5,0.2,0.3,225.55050870560697,0.21650390625,0.6372421979904175,180.84256992340087,7.077818815976104,0.49121374400092055,0.0,0,0.625468533850938
1030144,503,0,0,-0.004924875125288964,65.12939071655273,3.8789839863777162,0.03282700593991174,0.0002,0.00971904,0,0,0,222.8887234754237,0.172119140625,0.8706649541854858,449.94807558059694,0,0,0,0,0
1032192,504,262.4844387127217,321.6,-0.0007257138262502849,61.95288486480713,3.6787099301815034,0.026214774919214624,0.0002,0.00969856,0.5,0.1,0.4,214.98234083064304,0.144580078125,0.7219113111495972,470.52327356338503,7.154265236729742,0.4807771201905974,0.0,0,0.6790210710935429
1034240,505,0,0,0.013968208280857652,42.428832817077634,3.8713360249996187,0.07317998042563603,0.0002,0.00967808,0,0,0,208.44527160989696,0.21748046875,0.856356680393219,456.85663137435915,0,0,0,0,0
1036288,506,314.9632589328789,373.6,0.02342762623447925,62.23353986740112,4.027025401592255,0.22918736701249767,0.0002,0.009657599999999999,0.6,0.1,0.3,233.41978876842813,0.24833984375,0.8072842359542847,310.0722766876221,7.977851527828197,0.3749673629157187,0.0,0,0.7186873530713659
1038336,507,0,0,0.03803724225144833,82.89158697128296,4.436929249763489,0.22079425690463356,0.0002,0.009637119999999999,0,0,0,192.23232691148644,0.414306640625,0.731300950050354,325.7411819458008,0,0,0,0,0
1040384,508,245.82785159633363,284.5,0.00020568219479173423,112.5632152557373,3.7699209332466124,0.03906594375149268,0.0002,0.00961664,0.5,0.1,0.4,226.94988269058823,0.15673828125,0.7364939451217651,392.3992456436157,8.234439940761499,0.4149674698178888,0.0,0,0.6131418568273969
1042432,509,0,0,-0.0011561047518625855,128.03145427703856,3.6345744013786314,0.007235447406317203,0.0002,0.009596160000000001,0,0,0,211.79044125506047,0.032568359375,0.6723694205284119,708.8660354614258,0,0,0,0,0
1044480,510,148.42965013873842,160.8,0.003220418270211667,80.58179922103882,3.9006999135017395,0.022494895031569744,0.0002,0.00957568,0.8,0.1,0.1,189.04496117616353,0.125634765625,0.7867876291275024,448.6746412277222,8.879844056826279,0.4292189189884857,0.0,0,0.44019621563398575
1046528,511,0,0,0.004594759573228658,95.0888442993164,3.8329912066459655,0.034717277760142995,0.0002,0.009555199999999998,0,0,0,207.69819998277953,0.149365234375,0.741412878036499,454.10598611831665,0,0,0,0,0
1048576,512,317.5774183242795,379.0,0.0004244407173246145,95.38002376556396,3.7662732779979704,0.024090492067632377,0.0002,0.00953472,0.4,0.2,0.4,221.90634220388517,0.100927734375,0.7245402336120605,340.99554958343504,7.687724027334893,0.2820364267246952,0.0,0,0.7283844153296252
1050624,513,0,0,0.004743175767362118,85.71735649108886,3.8495109617710113,0.045048629317905736,0.0002,0.00951424,0,0,0,239.14348763059172,0.217138671875,0.7326685190200806,307.42930736541746,0,0,0,0,0
1052672,514,324.62271344055097,383.0,0.010231273842509835,117.56365852355957,3.8856460034847258,0.04300997778628684,0.0002,0.009493759999999999,0.5,0.1,0.4,246.20981868156878,0.16748046875,0.6396353244781494,498.7078077316284,7.57894715549719,0.38283155497545307,0.0,0,0.7535570977859216
1054720,515,0,0,-0.0004938565427437425,119.88231143951415,3.48773330450058,0.04155317524565093,0.0002,0.009473279999999999,0,0,0,227.60327244594725,0.16044921875,0.7029550075531006,341.36809196472166,0,0,0,0,0
1056768,516,220.85542438291245,290.7,-0.0005818683886900545,80.64632234573364,3.521820592880249,0.025092641368985542,0.0002,0.009452799999999999,0.4,0.2,0.4,205.3181975143115,0.115966796875,0.7455722093582153,335.98230667114257,7.177970787303278,0.3890102700653843,0.0,0,0.6039729001383154
1058816,517,0,0,0.017137980554252863,65.53213872909546,3.6551688373088838,0.063664653227904,0.0002,0.009432320000000001,0,0,0,244.9266463914902,0.25732421875,0.6897460222244263,272.2317103385925,0,0,0,0,0
1060864,518,317.47112255928005,365.5,-0.00021149307722225785,96.5103946685791,3.4939423859119416,0.029044430016080564,0.0002,0.00941184,0.5,0.0,0.5,261.6402020815875,0.156494140625,0.7524920105934143,232.9856735229492,7.166547275174997,0.3448458884385928,0.0,0,0.7276295577938563
1062912,519,0,0,0.009798921830952167,93.93554821014405,3.716750967502594,0.09584471732378616,0.0002,0.00939136,0,0,0,219.03124704694417,0.242529296875,0.7572175860404968,216.180557346344,0,0,0,0,0
1064960,520,255.5652573099977,388.0,0.008747993572615086,73.34749708175659,4.168910318613053,0.03406103334855905,0.0002,0.00937088,0.6,0.1,0.3,211.87993425012186,0.159130859375,0.8010695576667786,331.55891666412356,6.410645895550308,0.5786806967708201,0.0,0,0.6003845602694828
1067008,521,0,0,-0.008486022497527302,167.662624168396,3.5604053318500517,0.02537819757127078,0.0002,0.0093504,0,0,0,236.51107309773164,0.134619140625,0.3465789556503296,289.493222618103,0,0,0,0,0
1069056,522,155.1804613549893,257.7,0.036275528464466335,82.51555233001709,3.9559206783771517,0.12170417557791098,0.0002,0.00932992,0.9,0.0,0.1,187.09275770181696,0.3724609375,0.6881826519966125,345.8976583480835,6.9709947626406334,0.4935248498913162,0.0,0,0.5515293719372496
1071104,523,0,0,0.01276809717528522,113.94010143280029,3.735083681344986,0.0844825973268671,0.0002,0.00930944,0,0,0,239.16127179415446,0.2939453125,0.305772066116333,322.8703772544861,0,0,0,0,0
1073152,524,190.4827170812407,321.1,0.0026281053782440723,110.78356971740723,3.6316295862197876,0.054144694504799196,0.0002,0.009288959999999999,0.8,0.0,0.2,237.7760542742509,0.22666015625,0.7110205888748169,310.1000556945801,5.969770362725681,0.43027427010413544,0.0,0,0.5233695567985184
1075200,525,0,0,-0.0062225546920672056,115.61811599731445,3.9714558899402617,0.02020819173195281,0.0002,0.009268479999999997,0,0,0,178.47119067639454,0.107177734375,0.6160681247711182,480.03827743530275,0,0,0,0,0
1077248,526,219.89926081923448,345.3,-0.005099441902711987,149.1138620376587,3.8051672339439393,0.029933415015699273,0.0002,0.009248,0.6,0.0,0.3,237.2868157027058,0.12861328125,0.5760973691940308,373.8838455200195,6.536163626474109,0.3595154440422764,0.0,0,0.6397519962702298
1079296,527,0,0,0.0006954249693080783,100.00799140930175,4.160886907577515,0.02684109729308059,0.0002,0.00922752,0,0,0,232.06468964596465,0.13193359375,0.6977161765098572,275.4602111816406,0,0,0,0,0
1081344,528,199.2210525644347,238.7,-0.0032712915912270547,80.71816415786743,4.001912015676498,0.02110281087225991,0.0002,0.00920704,0.9,0.0,0.1,211.1825007586279,0.088330078125,0.712687611579895,293.5090577125549,7.998858300432845,0.4642483107505134,0.0,0,0.49954875454854586
1083392,529,0,0,0.0014051984064280987,91.48920917510986,3.7158405244350434,0.028350162641441384,0.0002,0.009186559999999998,0,0,0,225.13775159531886,0.13095703125,0.7719414234161377,420.1885440826416,0,0,0,0,0
1085440,530,342.1886260505858,402.4,0.004078920837491751,130.80033264160156,3.8462310433387756,0.04045469360426973,0.0002,0.00916608,0.4,0.1,0.5,239.37689613583112,0.1998046875,0.7452802062034607,425.82666606903075,7.535198633170614,0.4196678577328338,0.0,0,0.7828819348619055
1087488,531,0,0,0.015434158698190004,89.06564884185791,4.05656795501709,0.0508944583474716,0.0002,0.0091456,0,0,0,189.33015279764982,0.238232421875,0.598810613155365,314.20091075897216,0,0,0,0,0
1089536,532,235.32940848916996,306.0,0.002620023349300027,45.921632289886475,3.9963679790496824,0.04229863353540343,0.0002,0.009125119999999999,0.5,0.1,0.4,209.2449913577994,0.156591796875,0.8168653249740601,218.6913282394409,7.911559440235964,0.47798323544330873,0.0,0,0.5855678665892645
1091584,533,0,0,-0.0015700715128332376,96.11658897399903,3.932890462875366,0.0117008909175707,0.0002,0.009104639999999999,0,0,0,205.64946095370507,0.0609375,0.6767168045043945,347.7173971176147,0,0,0,0,0
1093632,534,262.64881018067206,394.4,0.02803690219298005,80.81537027359009,4.142354708909989,0.14527249223320743,0.0002,0.009084159999999999,0.7,0.0,0.3,203.3931538384949,0.293701171875,0.6941438913345337,319.45048942565916,6.958900517431647,0.44066259640327854,0.0,0,0.7253417488717449
1095680,535,0,0,-0.0066871001035906374,110.57494525909424,3.5721214056015014,0.04762331789825989,0.0002,0.009063680000000001,0,0,0,203.04753726517987,0.186328125,0.6794490814208984,374.86987113952637,0,0,0,0,0
1097728,536,178.83970746211943,339.6,0.0364565295225475,150.6992431640625,4.066493517160415,0.19228218407370884,0.0002,0.0090432,0.9,0.1,0.0,232.86623080499405,0.411083984375,0.61688232421875,381.1171659469604,7.144563978493849,0.6562924010249791,0.0,0,0.5537057873578783
1099776,537,0,0,0.03893413176992908,109.08792037963867,4.005608183145523,0.11133782807738615,0.0002,0.00902272,0,0,0,216.84666529320984,0.3751953125,0.6587579846382141,259.5910483360291,0,0,0,0,0
1101824,538,174.06971807042447,199.2,0.0027326587471179662,159.89832191467286,3.5989751398563383,0.05474394016201349,0.0002,0.009002239999999998,0.9,0.0,0.1,233.27773166501822,0.197119140625,0.6572849154472351,351.0546709060669,8.496425620034668,0.4221139338896639,0.0,0,0.5266575788136971
1103872,539,0,0,0.0026515062432736158,89.60250205993653,3.7871638596057893,0.020000349066692243,0.0002,0.00898176,0,0,0,239.27960279617756,0.115576171875,0.8118506073951721,444.4396297454834,0,0,0,0,0
1105920,540,219.72609641013887,224.2,0.011561483237892389,53.7951265335083,4.218280887603759,0.07774248915958203,0.0002,0.008961279999999999,0.6,0.1,0.3,228.01222951179716,0.29072265625,0.9187084436416626,181.88045196533204,8.594564439940523,0.440151917744623,0.0,0,0.5327339566521352
1107968,541,0,0,0.00301322570303455,84.93294744491577,3.834246003627777,0.028612075827557086,0.0002,0.0089408,0,0,0,188.3552749603393,0.157421875,0.6270022392272949,396.0357383728027,0,0,0,0,0
1110016,542,206.2120696643032,265.5,-0.002589905890636146,115.56343078613281,3.8545776546001433,0.013644693524120621,0.0002,0.008920319999999999,0.7,0.1,0.2,225.3066867546987,0.07705078125,0.8199045658111572,689.2884691238403,8.141394094357015,0.5570007319126451,0.0,0,0.5237304241173141
1112064,543,0,0,0.014929130277596413,103.30821228027344,3.693129080533981,0.05413137929282086,0.0002,0.008899840000000001,0,0,0,215.0736044815371,0.238916015625,0.7594419717788696,566.233270072937,0,0,0,0,0
1114112,544,297.5658798956171,328.5,0.001505547622218728,71.0850640296936,3.84594663977623,0.02868613506435644,0.0002,0.00887936,0.5,0.0,0.5,225.34115092072236,0.139697265625,0.7509074211120605,239.14597272872925,8.342745441159812,0.3957407249679865,0.0,0,0.6917573209739377
1116160,545,0,0,-0.004824087140150368,135.79292984008788,3.669091010093689,0.045095633773608035,0.0002,0.00885888,0,0,0,213.8233968586988,0.175146484375,0.5715931057929993,402.7910913467407,0,0,0,0,0
1118208,546,182.23141985241244,247.8,-0.0030839229002594948,158.40470504760742,4.076326435804367,0.02013440902811261,0.0002,0.0088384,0.9,0.0,0.1,206.2709782544069,0.10244140625,0.6505441665649414,463.5198396682739,7.6792943847184985,0.5257424988882857,0.0,0,0.5336887932937027
1120256,547,0,0,-0.007109385612420738,140.06938304901124,4.02473965883255,0.024129469427870497,0.0002,0.008817919999999998,0,0,0,185.862059831638,0.12890625,0.5887143015861511,418.4304847717285,0,0,0,0,0
1122304,548,1.648872848425312,78.1,0.017380886781029403,87.21777954101563,4.011315369606018,0.06839909608389419,0.0002,0.008797440000000002,1.0,0.0,0.0,232.19425081035465,0.19951171875,0.7358875274658203,335.71881370544435,5.164703267462611,0.5481130230752498,0.0,0,0.1493028800074147
1124352,549,0,0,0.017031363490968943,286.88187446594236,3.5639733195304872,0.281880974932584,0.0002,0.00877696,0,0,0,203.62781217720658,0.302978515625,0.4580531120300293,1478.6695405960083,0,0,0,0,0
1126400,550,201.01320242748938,290.2,0.0048174629220739005,235.0714168548584,3.6990493834018707,0.04783403897746524,0.0002,0.008756479999999999,0.7,0.2,0.1,229.9873803705106,0.20791015625,0.44700950384140015,941.1344404220581,6.997744748620375,0.4051484037343176,0.0,0,0.4935055646984119
1128448,551,0,0,0.011345026199705899,144.60493927001954,4.231659424304962,0.07488220558153705,0.0002,0.008735999999999999,0,0,0,251.01563751663284,0.261572265625,0.5797196626663208,458.0312307357788,0,0,0,0,0
1130496,552,226.34115251491508,307.8,0.014630997949279845,98.38623313903808,4.232226622104645,0.06758108098294097,0.0002,0.008715520000000001,0.5,0.2,0.3,206.90502464368407,0.24501953125,0.5497027635574341,205.83910884857178,7.486200371412342,0.3654337454772628,0.0,0,0.5943982539507285
1132544,553,0,0,0.019953436288051307,83.59898567199707,4.0477181613445286,0.47115089716390396,0.0002,0.00869504,0,0,0,217.9530206932872,0.320947265625,0.7322795391082764,297.1980686187744,0,0,0,0,0
1134592,554,278.73448594096595,352.6,-0.0035387411713600158,190.6609869003296,3.574705404043198,0.009025233374639313,0.0002,0.00867456,0.5,0.1,0.4,216.59237815955592,0.044091796875,0.6759214401245117,694.5792362213135,7.13159330615414,0.4232535399680041,0.0,0,0.7210030601927442
1136640,555,0,0,-0.0026147854747250675,105.51202392578125,3.932846075296402,0.022492152615457756,0.0002,0.00865408,0,0,0,211.30323980023007,0.106396484375,0.704440712928772,353.3650423049927,0,0,0,0,0
1138688,556,282.83194101033786,365.4,-0.0013719820766709746,86.7576280593872,4.23136613368988,0.017999591835549254,0.0002,0.008633599999999998,0.8,0.0,0.2,225.96789090197677,0.0845703125,0.7641699314117432,263.87830810546876,7.111502987450076,0.40753300535059395,0.0,0,0.6801038636032494
1140736,557,0,0,-0.001041903451550752,78.21550998687744,4.471649420261383,0.02695540233981799,0.0002,0.00861312,0,0,0,257.9613311518668,0.128759765625,0.8143140077590942,319.9649585723877,0,0,0,0,0
1142784,558,327.9888675713081,443.3,0.010877253138460219,69.58247060775757,5.022748756408691,0.060405716403335676,0.0002,0.008592639999999999,0.6,0.1,0.3,223.79612314945706,0.19169921875,0.8789771199226379,323.6664850234985,6.728295867033848,0.3758484549491769,0.0,0,0.7864817170476668
1144832,559,0,0,0.07848140972200782,58.52024431228638,5.087484121322632,1.9843230587430376,0.0002,0.00857216,0,0,0,228.52453201597206,0.507763671875,0.8501582741737366,205.61671695709228,0,0,0,0,0
1146880,560,229.08583865530363,351.2,0.025681222183629872,65.13238506317138,5.117525088787079,0.15240885852836783,0.0002,0.008551679999999999,0.6,0.1,0.2,176.50503624688997,0.315234375,0.7515596747398376,213.18516364097596,7.6151427473183775,0.3624345271721963,0.0,0,0.5730344760176785
1148928,561,0,0,0.2628959526307881,71.33117990493774,6.173297941684723,5.537188516557229,0.0002,0.008531200000000001,0,0,0,213.42060054678825,0.94599609375,0.7639244794845581,232.88856048583983,0,0,0,0,0
1150976,562,-57.03294177850286,172.0,0.013674449431709946,172.9996295928955,7.136670970916748,0.04352777133463568,0.0002,0.00851072,1.0,0.0,0.0,278.5058082682682,0.1998046875,0.7005342245101929,1961.2854387283326,0.7018872552749971,0.4283282382169876,0.0,0,0.03710067646075569
1153024,563,0,0,0.004980193753726781,109.93336238861085,7.373619520664215,0.032092389365431385,0.0002,0.00849024,0,0,0,276.2210039536241,0.14619140625,0.8714168667793274,1012.2720003128052,0,0,0,0,0
1155072,564,-81.80583748155495,572.5,0.031006603431887925,58.67228002548218,8.183772611618043,0.42844529082650223,0.0002,0.008469759999999998,0.9,0.0,0.0,298.982664303189,0.404345703125,0.8784624934196472,494.36577196121215,0.43261306707057595,0.4775490043976919,0.0,0,0.06208275067523557
1157120,565,0,0,0.015884059318341314,31.468853521347047,8.506828427314758,0.19288806347177548,0.0002,0.008449279999999998,0,0,0,294.60818979963335,0.322900390625,0.9511311054229736,232.05402364730836,0,0,0,0,0
1159168,566,-166.59630003490372,703.2,0.012512832577340306,89.19260654449462,8.322092938423157,0.04731057440804707,0.0002,0.0084288,0.8,0.0,0.0,327.01569946183236,0.208349609375,0.9015257954597473,569.7778614997864,0.3513887312797521,0.5038741186135736,0.0,0,0.0520802522282753
1161216,567,0,0,0.007514886499848217,37.7610381603241,8.90917248725891,0.038637268186184584,0.0002,0.00840832,0,0,0,303.93455627056795,0.132861328125,0.9403391480445862,228.059561252594,0,0,0,0,0
1163264,568,-213.85608038655664,645.7,0.022759244753979148,28.644596004486083,8.374566078186035,0.8589303201064539,0.0002,0.008387839999999999,0.8,0.0,0.0,306.4329721820241,0.4279296875,0.9411977529525757,343.961696434021,0.33428131888405244,0.6252558437292101,0.0,0,0.04623140154356559
1165312,569,0,0,-0.001166098623070866,100.9413070678711,7.8841191053390505,0.010847221860610856,0.0002,0.008367359999999999,0,0,0,271.41120848988305,0.053466796875,0.8452930450439453,675.010434627533,0,0,0,0,0
1167360,570,-187.91741591552073,740.0,0.00023833934683352708,114.09565753936768,7.835529339313507,0.008264311507816868,0.0002,0.008346880000000001,0.9,0.0,0.0,289.3284706468979,0.034619140625,0.8783334493637085,977.8495557785034,0.32015347328085586,0.4734546211693177,0.0,0,0.053104486547656315
1169408,571,0,0,-0.0025166124338284134,60.39311094284058,7.622400689125061,0.008649755416817395,0.0002,0.0083264,0,0,0,312.9695569024158,0.03125,0.9320228099822998,384.22156448364257,0,0,0,0,0
1171456,572,-163.65957783319158,654.8,0.0006527298130095005,59.31091203689575,7.730224072933197,0.028489192453349466,0.0002,0.00830592,0.8,0.0,0.0,288.80509602657645,0.1201171875,0.910709023475647,592.0425312519073,0.3233993650749232,0.590547241619654,0.0,0,0.05829191255135269
1173504,573,0,0,-0.00023370353737846018,140.00016536712647,7.604471528530121,0.0014027003810113791,0.0002,0.00828544,0,0,0,306.62808211312694,0.005126953125,0.8340120315551758,1210.0528930664063,0,0,0,0,0
1175552,574,-263.9772916401995,706.7,-0.0009970556711778045,102.22280807495117,7.969213235378265,0.029607625707747186,0.0002,0.008264959999999998,0.9,0.0,0.0,248.4954079203235,0.12216796875,0.9062471985816956,413.86361865997316,0.3286533704876901,0.5076854594868175,0.0,0,0.0529401490101717
1177600,575,0,0,0.0010825517121702433,127.99277744293212,8.310964250564576,0.013527592667386568,0.0002,0.00824448,0,0,0,275.3969663334423,0.0595703125,0.8577847480773926,697.3103487968444,0,0,0,0,0
1179648,576,-95.86761830237705,726.1,0.00579826938919723,128.02282772064208,7.7833915710449215,0.03063351019810151,0.0002,0.008223999999999999,0.7,0.0,0.0,279.7286250858894,0.136669921875,0.8938488364219666,948.0519438743592,0.31987099000269775,0.5270065185346904,0.0,0,0.049365904372776374
1181696,577,0,0,0.013242643140256406,127.29546966552735,7.660325360298157,0.07234963636547609,0.0002,0.008203519999999999,0,0,0,273.27127298649634,0.161083984375,0.9083619713783264,735.4646597862244,0,0,0,0,0
1183744,578,-93.96434147309921,903.8,0.0011803052271716296,91.93490781784058,7.989050960540771,0.019851764675701888,0.0002,0.008183039999999999,0.5,0.0,0.0,322.5643191954081,0.08515625,0.9254011511802673,428.3614074707031,0.3166832218849722,0.5011938738899067,0.0,0,0.07552408472784945
1185792,579,0,0,-0.00011999927228316665,71.26622323989868,7.905190491676331,0.014761513851233088,0.0002,0.00816256,0,0,0,211.48871045463378,0.0564453125,0.9063928723335266,736.1176942825317,0,0,0,0,0
1187840,580,-122.90701106824065,693.7,-0.0038156723254360258,50.32903480529785,8.122144985198975,0.012313558020202842,0.0002,0.008142080000000001,0.8,0.0,0.0,249.02014875342,0.056201171875,0.8988410234451294,465.48426322937013,0.36778987867496327,0.4446667288367217,0.0,0,0.06396528800267084
1189888,581,0,0,0.007121958443894983,95.58351058959961,7.307035768032074,0.06377673031093438,0.0002,0.0081216,0,0,0,332.45202270536885,0.190966796875,0.8027467727661133,1630.1885237693787,0,0,0,0,0
1191936,582,-183.45930819116768,794.7,0.004878585576079786,166.14787197113037,7.4913520336151125,0.019929031596989978,0.0002,0.008101119999999998,0.7,0.0,0.0,261.49775706886487,0.079638671875,0.8939969539642334,2078.90260848999,0.39346657178149624,0.49556430330812107,0.0,0,0.07959840268877884
1193984,583,0,0,0.007911828020587564,101.97124118804932,7.266182065010071,0.025649012600097075,0.0002,0.008080639999999998,0,0,0,297.51106347819194,0.107666015625,0.9014425277709961,523.1574451446534,0,0,0,0,0
1196032,584,-89.76680948734966,996.5,-0.001305031473748386,4.999881160259247,7.618955385684967,0.009149156390055624,0.0002,0.00806016,0.1,0.0,0.0,304.13603701353134,0.038525390625,0.8795945048332214,144.94890041351317,0.3395205615574481,0.6926503637789807,0.0,0,0.07054892015666474
1198080,585,0,0,0.08243295594584196,0.6320536382496357,7.843999373912811,0.7782154047628939,0.0002,0.00803968,0,0,0,234.74664255088848,0.56591796875,0.9524968862533569,27.449918365478517,0,0,0,0,0
1200128,586,-16.346883966106663,931.9,0.0023388805915601552,0.7887874253094196,8.109758818149567,0.05984793417156488,0.0002,0.008019199999999999,0.2,0.0,0.0,328.64840352179095,0.224072265625,0.8964270949363708,28.1530560195446,0.349941731069784,0.8204105926981693,0.0,0,0.06860194458108164
1202176,587,0,0,0.008708300022408366,0.9040856614708901,8.001926743984223,0.09340062855045062,0.0002,0.007998719999999999,0,0,0,271.3663225258477,0.279736328125,0.7411856651306152,17.250574743747713,0,0,0,0,0
1204224,588,-79.34221865083248,900.0,0.02325171526754275,0.5680428266525268,7.997058570384979,0.09846716009779605,0.0002,0.007978240000000001,0.7,0.0,0.0,231.29275897904714,0.3611328125,0.8745328783988953,16.545063507556915,0.4314058064341529,1.222771139032934,0.0,0,0.08775031367720246
1206272,589,0,0,0.028288728604093195,20.523117113113404,7.328003478050232,0.8697883148270259,0.0002,0.00795776,0,0,0,242.7508598998949,0.5216796875,0.271551251411438,91.22563300132751,0,0,0,0,0
1208320,590,-0.1836141939417118,1000.0,-0.002450455108191818,41.300655364990234,7.852441358566284,0.009552781498140261,0.0002,0.007937279999999998,0.2,0.0,0.0,345.7740033692894,0.051513671875,0.7735207676887512,271.56036603450775,0.3776557580876794,0.9298227291505144,0.0,0,0.08254051327286144
1210368,591,0,0,-0.0018088506651110948,0.3925466530025005,7.485069930553436,0.021714365043232466,0.0002,0.0079168,0,0,0,362.77500548178745,0.116259765625,0.77443927526474,4.182671861350537,0,0,0,0,0
1212416,592,26.45017777937777,1000.0,-0.002374821295961738,0.1792697537690401,7.621378576755523,0.0434485829901027,0.0002,0.007896319999999998,0.0,0.0,0.0,325.0101445178638,0.185302734375,0.8405382633209229,3.5649329245090486,0.48483986729848344,0.6412232622708387,0.0,0,0.1336685372139944
1214464,593,0,0,0.005208356468938291,6.1768562406301495,7.648960566520691,0.056134849810048335,0.0002,0.00787584,0,0,0,337.081292187232,0.23544921875,0.3487839102745056,40.64096190929413,0,0,0,0,0
1216512,594,51.20822731764398,1000.0,0.0009977361420169472,0.21107494980096816,7.712761235237122,0.04671765604144325,0.0002,0.00785536,0.0,0.0,0.0,342.19644512153025,0.18427734375,0.8888616561889648,4.64665763899684,0.5125976772623104,0.4451813284620201,0.0,0,0.12851545937347195
1218560,595,0,0,0.0029101122403517366,15.376939797401429,7.462350344657898,0.010477167220965755,0.0002,0.007834879999999999,0,0,0,318.1205705400703,0.0556640625,0.703854501247406,76.28183450698853,0,0,0,0,0
1220608,596,36.685326446009505,945.9,-0.0037028680089861155,1.722881554067135,7.594276416301727,0.0078088061308391075,0.0002,0.007814399999999999,0.1,0.0,0.0,333.86649739234286,0.030126953125,0.6274730563163757,20.89340474009514,0.48946477813380307,0.820377864158503,0.0,0,0.11196844274373725
1222656,597,0,0,-0.004573430097661912,0.6097791627049446,7.567629098892212,0.012407728884869195,0.0002,0.007793919999999999,0,0,0,290.98806790785034,0.067041015625,0.2846614122390747,7.738992828130722,0,0,0,0,0
1224704,598,1.6441232659633278,809.2,-0.007389389909803867,0.3351316057145596,7.861068916320801,0.02927523570252375,0.0002,0.007773440000000001,0.3,0.0,0.0,336.87666721885057,0.14833984375,0.7019943594932556,3.302014884352684,0.5818246796989209,1.0489340639288574,0.0,0,0.12446551961430789
1226752,599,0,0,-0.010524908895604312,0.37123631685972214,7.7307492852210995,0.03536179778021333,0.0002,0.00775296,0,0,0,359.8489390407904,0.18388671875,0.8956667184829712,6.235780113935471,0,0,0,0,0
1228800,600,89.19598539339135,1000.0,-0.008545251423493027,0.7872793450951576,7.603720498085022,0.02598174754530693,0.0002,0.007732479999999998,0.0,0.0,0.0,333.48137296297233,0.11982421875,0.8255850672721863,6.261124390363693,0.9013082670742261,0.6126078952858915,0.0,0,0.22851741951300886
1230848,601,0,0,-0.007624732842668891,1.227671068906784,7.310667860507965,0.025812772841898746,0.0002,0.007712,0,0,0,279.45257692698334,0.132177734375,0.5577202439308167,5.076275193691254,0,0,0,0,0
1232896,602,86.2504955880441,972.6,0.0005632029031403362,1.6805851370096208,7.225922381877899,0.050694038660737316,0.0002,0.00769152,0.2,0.0,0.0,307.7645095590091,0.2087890625,0.40371471643447876,12.22481119632721,1.2828916198285065,0.47592801734195717,0.0,0,0.32440634952945874
1234944,603,0,0,0.026169785298407078,26.446344327926635,6.90825754404068,0.2863040394848273,0.0002,0.007671039999999999,0,0,0,275.5865656718162,0.442724609375,0.18741357326507568,178.80487184524537,0,0,0,0,0
1236992,604,126.96984345950673,1000.0,-0.0035289076855406164,16.784931421279907,7.170723760128022,0.012036252540002979,0.0002,0.007650559999999999,0.0,0.0,0.0,253.09060429775278,0.069384765625,0.39078038930892944,98.8463900566101,1.0797709029898002,0.30149803722214863,0.0,0,0.27516487254027566
1239040,605,0,0,-0.002152617136016488,52.47392377853394,7.21916378736496,0.004650887936652781,0.0002,0.007630079999999999,0,0,0,272.3501662236425,0.0154296875,0.7595514059066772,257.54942564964296,0,0,0,0,0
1241088,606,109.32783533774148,1000.0,-0.009387981693726033,27.490443992614747,7.299536240100861,0.02369535006453749,0.0002,0.007609600000000001,0.0,0.0,0.0,251.50002585287706,0.1376953125,0.8689733743667603,128.83607766628265,1.0096364246472538,0.6775729994546696,0.0,0,0.31223427187347413
1243136,607,0,0,-0.009039189619943499,1.9421263545751573,7.435695171356201,0.039510925128350784,0.0002,0.0075891199999999995,0,0,0,229.4832428670909,0.195068359375,0.35154247283935547,5.715073175728321,0,0,0,0,0
1245184,608,148.47692630291027,949.1,0.03735782068688422,37.74877643585205,7.207115066051483,0.0975885711959621,0.0002,0.007568639999999998,0.1,0.0,0.0,211.97100935070713,0.36005859375,0.9284070730209351,493.18886213302613,1.3380610065787384,0.32830737869484955,0.0,0,0.3465034398152037
1247232,609,0,0,-0.005924953322391957,22.724617385864256,7.0765251278877255,0.019105411729478283,0.0002,0.007548159999999998,0,0,0,266.91829242585146,0.122509765625,0.6183960437774658,205.58268961906433,0,0,0,0,0
1249280,610,140.4957594076521,1000.0,-0.0025453865760937332,2.7407491207122803,7.08813909292221,0.017854782429326643,0.0002,0.00752768,0.0,0.0,0.0,279.5580486204942,0.071044921875,-0.21958041191101074,11.883051174879075,1.3922889746405382,0.4433428062599455,0.0,0,0.41042150431615665
1251328,611,0,0,-0.0024394047213718295,2.728901395201683,6.921794545650482,0.02283107606782033,0.0002,0.007507199999999999,0,0,0,284.05017336451493,0.112109375,0.01190406084060669,8.397454291582108,0,0,0,0,0
1253376,612,205.8385785154514,1000.0,-0.0021106585627421737,2.65861876308918,6.8397858262062075,0.024821177069685806,0.0002,0.0074867200000000005,0.1,0.0,0.0,368.71731249991683,0.129248046875,0.11808586120605469,9.423107692599297,1.6404491076444168,0.4836914160527616,0.0,0,0.4375850321658875
1255424,613,0,0,0.013368141441605984,2.4920678824186324,6.736606621742249,0.06048357157270212,0.0002,0.007466239999999999,0,0,0,207.83979093335438,0.2728515625,0.19039440155029297,10.747142277657986,0,0,0,0,0
1257472,614,176.12952947558153,1000.0,0.008463636680971831,3.888504463434219,6.694491040706635,0.06031427622947884,0.0002,0.0074457599999999974,0.1,0.0,0.0,291.1896721592892,0.27822265625,0.25842809677124023,18.29037098288536,1.8016602436268798,0.5625374154164432,0.0,0,0.48362003405774995
1259520,615,0,0,-0.004453243524767459,3.747161054611206,6.665813684463501,0.029256339103455598,0.0002,0.007425279999999999,0,0,0,378.44462533168127,0.157373046875,0.27799052000045776,17.182184362411498,0,0,0,0,0
1261568,616,210.05723527838882,914.4,-0.0017788890865631402,3.7927862107753754,6.584124684333801,0.009835436174222067,0.0002,0.0074048,0.2,0.0,0.0,322.7028516367414,0.04853515625,0.09802901744842529,19.50786096453667,1.9109383429378433,0.439468220584698,0.0,0,0.472877700656825
1263616,617,0,0,-0.0033945499395485967,3.669723129272461,6.590881597995758,0.012141253380110528,0.0002,0.00738432,0,0,0,256.34834322505264,0.066943359375,0.16526949405670166,13.797788080573081,0,0,0,0,0
1265664,618,241.0644374147014,905.8,0.0020912071922793984,5.275655168294906,6.506216669082642,0.044081171351725366,0.0002,0.007363839999999998,0.1,0.1,0.2,356.7274361534008,0.185791015625,0.18095892667770386,13.638877129554748,2.2167142909557196,0.6734104406680744,0.0,0,0.6247670825256157
1267712,619,0,0,-0.0015529653523117305,3.682588005065918,6.438989436626434,0.03485550042242308,0.0002,0.00734336,0,0,0,269.8150371483795,0.17333984375,0.27801191806793213,12.392325639724731,0,0,0,0,0
1269760,620,245.51613258582807,789.5,-0.0031165796623099594,5.478710919618607,6.396362245082855,0.02542286098251425,0.0002,0.00732288,0.2,0.1,0.1,246.54457093383843,0.124169921875,0.21237456798553467,17.725387942790984,2.6229420364328555,0.6122340072468598,0.0,0,0.5724850775456825
1271808,621,0,0,-0.00047399131581187247,6.984546518325805,6.282510232925415,0.010158660938037644,0.0002,0.007302399999999999,0,0,0,263.6539515229692,0.05,0.3806520700454712,36.84007724523544,0,0,0,0,0
1273856,622,288.21226364938093,864.9,0.013278900389559567,5.462024176120758,6.224609088897705,0.07406006706879116,0.0002,0.007281919999999997,0.1,0.1,0.0,355.1916783124802,0.304931640625,0.34113413095474243,10.805448347330094,2.531700567442588,0.6223980156152915,0.0,0,0.5754210012917296
1275904,623,0,0,0.012860995263326912,8.405716478824615,6.211856818199157,0.07325616616290546,0.0002,0.007261439999999999,0,0,0,263.6344744936154,0.334765625,0.011682748794555664,13.905047261714936,0,0,0,0,0
1277952,624,189.9414607441798,777.2,-0.004807342146523297,5.766094219684601,6.18607941865921,0.022532078220326324,0.0002,0.007240959999999999,0.2,0.1,0.1,311.4135754223139,0.125048828125,-0.0686955451965332,13.78386635184288,2.5906407288388245,0.798811142212743,0.0,0,0.5845886225625041
1280000,625,0,0,-0.007911081321071833,11.227511525154114,6.189362251758576,0.02493188684166503,0.0002,0.00722048,0,0,0,280.90970806489736,0.147900390625,0.23215913772583008,21.83991914987564,0,0,0,0,0
1282048,626,261.3192352617502,929.7,0.009444185986649246,6.4977774858474735,6.239490222930908,0.052641759096882755,0.0002,0.0072,0.0,0.1,0.0,331.7744421811427,0.262158203125,0.29914945363998413,14.003998136520385,2.644892853880829,0.7873215521956245,0.0,0,0.6406398623077145
1284096,627,0,0,-0.008103123493492603,5.051958960294724,6.238195908069611,0.03878771208110954,0.0002,0.007179519999999998,0,0,0,269.9152325229027,0.18525390625,0.15614861249923706,14.489839977025985,0,0,0,0,0
1286144,628,303.90288326953646,997.0,-0.0022483338601887227,7.541160452365875,6.245108091831208,0.01712430350453874,0.0002,0.00715904,0.0,0.0,0.2,232.5591075401841,0.09560546875,0.21545511484146118,22.75826469063759,2.586524035745471,0.7021152307090702,0.0,0,0.7382097625806718
1288192,629,0,0,-0.004430762748233974,8.544309091567992,6.31317902803421,0.02532748670783641,0.0002,0.007138559999999999,0,0,0,316.6886411915075,0.149609375,0.37002265453338623,46.264916110038754,0,0,0,0,0
1290240,630,367.35810227179365,1000.0,-0.006507389363832772,10.097966647148132,6.2325481414794925,0.029032830055809044,0.0002,0.007118080000000001,0.0,0.0,0.0,271.55869498203447,0.11337890625,0.408890962600708,65.81306157112121,2.6544759718239144,0.6751362303306568,0.0,0,0.8285447702769309
1292288,631,0,0,0.0018189570866525174,7.890458595752716,6.2494153618812565,0.020096591288170974,0.0002,0.007097599999999999,0,0,0,294.3482476054382,0.11103515625,0.33823394775390625,23.919792330265047,0,0,0,0,0
1294336,632,318.46705092136165,920.3,-0.009454766684211791,4.23649891614914,6.201901805400849,0.031448059946349916,0.0002,0.0070771199999999975,0.1,0.0,0.0,326.1659283641519,0.11689453125,0.5458208322525024,33.58146207332611,2.631145049822495,0.3804680258885702,0.0,0,0.6150175929783219
1296384,633,0,0,0.0021507848752662538,3.775569897890091,6.187265980243683,0.03268196220761267,0.0002,0.0070566399999999994,0,0,0,125.03611325179064,0.149365234375,0.6181381940841675,22.9764306306839,0,0,0,0,0
1298432,634,312.0056698705824,988.6,0.0010668676113709807,8.846666359901429,6.010217225551605,0.03765631064307663,0.0002,0.00703616,0.0,0.0,0.3,288.3450897344137,0.190771484375,0.12911909818649292,22.198669373989105,2.682690125473866,0.3560669720808033,0.0,0,0.8300999588750093
1300480,635,0,0,0.0005615139380097389,9.40734268426895,6.196062123775482,0.02011494923499967,0.0002,0.007015679999999998,0,0,0,318.1325290210184,0.096435546875,0.504187822341919,40.96318523883819,0,0,0,0,0
1302528,636,364.4985154245648,999.0,0.02017696900293231,7.922794711589813,6.0425372838974,0.09330187038249835,0.0002,0.006995199999999998,0.0,0.0,0.1,283.03522672052134,0.261572265625,0.3446178436279297,35.099311804771425,2.7595034293638276,0.4985625313529044,0.0,0,0.7628747110107149
1304576,637,0,0,0.0092179283965379,10.032044172286987,6.018748307228089,0.06669881051639989,0.0002,0.00697472,0,0,0,182.3104575899987,0.251025390625,0.5452081561088562,42.784099555015565,0,0,0,0,0
1306624,638,349.8740721516222,992.3,-0.0005863456288352608,11.900105726718902,5.932426917552948,0.009555975033442776,0.0002,0.00695424,0.0,0.0,0.1,232.33557540223165,0.039111328125,0.3657528758049011,58.84143924713135,2.6793739319756975,0.416952787400832,0.0,0,0.6829587137650196
1308672,639,0,0,0.0001391217578202486,14.459233021736145,6.101978754997253,0.022428848542045444,0.0002,0.006933759999999999,0,0,0,267.76648328003785,0.105712890625,0.6083731651306152,64.52917897701263,0,0,0,0,0
1310720,640,351.51652197387943,931.8,-0.0025904558249749245,13.906617760658264,5.980581891536713,0.014713795989526168,0.0002,0.006913279999999999,0.2,0.0,0.2,217.45220905786732,0.080615234375,0.3756323456764221,48.94140198230743,2.957081868725622,0.46368236351754427,0.0,0,0.7900867378964197
1312768,641,0,0,-0.0002588104922324419,17.009055423736573,5.964111244678497,0.013518259098060925,0.0002,0.006892799999999999,0,0,0,253.63873496319064,0.074169921875,0.4456048607826233,90.03217754364013,0,0,0,0,0
1314816,642,359.89632425343905,983.8,-0.002064660331234336,9.983163475990295,6.040322852134705,0.012494374322529433,0.0002,0.0068723199999999995,0.0,0.0,0.4,253.83122866538187,0.0681640625,0.5931558012962341,41.06684094667435,2.9117257480443977,0.29197303879641023,0.0,0,0.8541075131928508
1316864,643,0,0,0.002671815128996968,8.779438400268555,5.955683958530426,0.041060719627427154,0.0002,0.00685184,0,0,0,306.3504176169308,0.18203125,0.5273047685623169,54.75133913755417,0,0,0,0,0
1318912,644,-128.7272558868187,898.5,0.043547597643919286,12.66336739063263,5.873313534259796,0.21615491396952252,0.0002,0.00683136,0.5,0.0,0.0,268.05230873120735,0.33291015625,0.48932164907455444,57.61877368688583,2.31282163150773,0.6034157535513527,0.0,0,0.5374268248715027
1320960,645,0,0,0.013281071092933416,39.95633678436279,6.600164890289307,0.0678196894936325,0.0002,0.006810879999999998,0,0,0,272.28015387781244,0.31826171875,0.3643512725830078,122.59374833106995,0,0,0,0,0
1323008,646,-159.89350972325747,1000.0,-0.001792160130571574,122.25486464500428,6.5121695637702945,0.003965028213957988,0.0002,0.0067904,0.1,0.0,0.0,313.8983782987353,0.010009765625,0.49340182542800903,511.6577569007874,2.128536374917104,0.5499653426337019,0.0,0,0.5845130487520296
1325056,647,0,0,-0.005051985406316817,56.55371255874634,6.504915130138397,0.011778406031504906,0.0002,0.006769919999999999,0,0,0,85.27916089749743,0.072998046875,0.7763015031814575,333.0254554271698,0,0,0,0,0
1327104,648,126.84820915265755,993.1,-0.0003936572116799653,9.175858855247498,6.366183781623841,0.05415123321582292,0.0002,0.006749439999999999,0.0,0.0,0.1,377.89346816064915,0.1833984375,0.23834168910980225,22.894701623916625,2.3064478224691136,0.33157431502563944,0.0,0,0.6433920008034427
1329152,649,0,0,0.008296138397417963,31.43949246406555,6.34449211359024,0.05429411655059627,0.0002,0.006728959999999999,0,0,0,263.65813537336913,0.310400390625,0.802471935749054,212.84278202056885,0,0,0,0,0
1331200,650,240.1388297083726,921.8,-0.005203257477842271,45.427693939208986,6.305105268955231,0.025955177759538615,0.0002,0.006708479999999999,0.1,0.0,0.0,303.42249732110156,0.1341796875,0.8293838500976562,241.81357483863832,2.494250567549024,0.2626446258650569,0.0,0,0.6921182089428799
1333248,651,0,0,-0.0017051046714186668,9.072824466228486,6.178058445453644,0.02213338059610287,0.0002,0.0066879999999999995,0,0,0,324.63839738823964,0.094921875,0.2713826894760132,19.65135943889618,0,0,0,0,0
1335296,652,312.2725894445158,939.8,-0.001992397243157029,10.802879309654235,6.233728730678559,0.007644565410746295,0.0002,0.00666752,0.1,0.0,0.0,344.2098569310288,0.0337890625,0.3586377501487732,18.155482119321825,2.607488696175622,0.3010130722059687,0.0,0,0.7664694305573028
1337344,653,0,0,-0.006793231354095042,10.169569122791291,6.223700177669525,0.009415316213023339,0.0002,0.006647039999999998,0,0,0,275.1347727678561,0.047021484375,0.7706100940704346,52.609266948699954,0,0,0,0,0
1339392,654,341.3920988215335,987.0,-0.002652887790463865,9.320550215244293,6.127852666378021,0.008587556674598096,0.0002,0.006626559999999998,0.0,0.0,0.1,236.01991319841372,0.041015625,0.7523493766784668,27.118065762519837,2.720766204574003,0.3792430830891448,0.0,0,0.6915002180477489
1341440,655,0,0,0.0026908661937341096,8.872123658657074,6.339826321601867,0.067952087940654,0.0002,0.00660608,0,0,0,252.83113697732983,0.294189453125,0.7071253061294556,15.860910964012145,0,0,0,0,0
1343488,656,346.6792044132282,1000.0,-0.005000869208015501,9.639789545536042,6.1963094830513,0.01826538363239525,0.0002,0.0065856000000000005,0.0,0.0,0.0,303.91706050879077,0.084423828125,0.5057411193847656,14.5460833132267,2.7287990685660475,0.24272331389179463,0.0,0,0.7026757801306034
1345536,657,0,0,0.0016528001986443996,5.555524301528931,6.153805351257324,0.032232110248885726,0.0002,0.006565119999999999,0,0,0,312.3542611554592,0.1341796875,0.7329415082931519,22.414283514022827,0,0,0,0,0
1347584,658,329.33405422925733,974.8,0.0009585966588929295,11.41211234331131,6.031658661365509,0.037059476255681886,0.0002,0.006544639999999999,0.1,0.0,0.1,306.846720215816,0.12763671875,0.5959646105766296,22.982851803302765,2.7877434330738207,0.2430428862738221,0.0,0,0.7411090719454847
1349632,659,0,0,-0.001896998193114996,13.538885307312011,5.965282309055328,0.011860746098690488,0.0002,0.006524160000000001,0,0,0,300.5181017704779,0.061865234375,0.29504871368408203,44.40845590829849,0,0,0,0,0
1351680,660,325.17972059765276,954.9,0.014362464449368418,8.466031539440156,5.923679661750794,0.07594710545673308,0.0002,0.0065036799999999995,0.2,0.0,0.2,293.5534084339117,0.287060546875,0.2589113712310791,28.31530398130417,2.932303599314584,0.2659817449100922,0.0,0,0.7690940777236683
1353728,661,0,0,0.003299826313741505,10.86286963224411,6.004794704914093,0.028162119217458627,0.0002,0.006483199999999998,0,0,0,252.29866221066828,0.164306640625,0.5013058185577393,52.50136007070542,0,0,0,0,0
1355776,662,352.87322353322486,975.0,-0.0021008398151025178,14.198293471336365,5.8995081782341,0.015166002028859472,0.0002,0.00646272,0.0,0.0,0.1,339.02424495686745,0.05849609375,0.5017065405845642,61.45714154243469,2.9480712980673127,0.2674461775863233,0.0,0,0.7880839736543487
1357824,663,0,0,-0.002918115141801536,11.246521377563477,5.9195919871330265,0.010340037121756596,0.0002,0.006442239999999998,0,0,0,281.894583355977,0.05263671875,0.5521327257156372,57.50995478630066,0,0,0,0,0
1359872,664,348.41631147475243,939.3,-0.002144564560148865,10.741291058063506,5.794935488700867,0.01182680050552123,0.0002,0.00642176,0.0,0.0,0.4,357.21320809012985,0.060498046875,0.46484607458114624,61.38995127677917,3.080394106885607,0.270420467809648,0.0,0,0.8715564096266993
1361920,665,0,0,-0.004883377207443118,28.76660199165344,5.974494469165802,0.01412139354798323,0.0002,0.006401279999999999,0,0,0,257.79783903742657,0.090380859375,0.7286842465400696,143.97137603759765,0,0,0,0,0
1363968,666,385.9182525470845,984.6,-0.0010021345457062124,15.022957849502564,5.82289981842041,0.005822556525525146,0.0002,0.006380799999999999,0.0,0.0,0.1,297.71352511059416,0.02919921875,0.7571631669998169,68.62568762302399,3.141207063709232,0.31766042565352487,0.0,0,0.8269802770943047
1366016,667,0,0,-0.0011658432718832045,14.458125805854797,5.907158756256104,0.016309248542535702,0.0002,0.006360319999999999,0,0,0,317.9434782504092,0.0953125,0.6549944877624512,37.11923885345459,0,0,0,0,0
1368064,668,349.26845978142995,846.8,-0.0004287268617190421,8.065154552459717,5.798652768135071,0.008856223375201765,0.0002,0.006339839999999999,0.1,0.0,0.3,366.2238035858998,0.0357421875,0.3258417248725891,41.59507236480713,3.0346829045290873,0.32004548666693144,0.0,0,0.8022333293563179
1370112,669,0,0,-0.0013607832253910602,10.13997586965561,5.882272732257843,0.019453585286107956,0.0002,0.006319360000000001,0,0,0,147.74918217452915,0.078271484375,0.3319665789604187,54.11800713539124,0,0,0,0,0
1372160,670,368.7151501821675,910.3,-0.0012689337367191912,9.505900037288665,5.918109953403473,0.010172803467145285,0.0002,0.00629888,0.2,0.0,0.2,301.61778590774793,0.04677734375,0.363460898399353,34.981815779209136,3.171605497280862,0.2623666047708433,0.0,0,0.734109672472291
1374208,671,0,0,-0.0037572287721559404,22.17254595756531,5.920491504669189,0.018531801018985862,0.0002,0.006278399999999998,0,0,0,219.97035657927256,0.095947265625,0.42239081859588623,92.10295021533966,0,0,0,0,0
1376256,672,354.8433994870224,920.8,0.00515970450360328,10.519816708564758,5.861622631549835,0.034039720580411006,0.0002,0.006257919999999998,0.0,0.0,0.3,291.02578704610306,0.17783203125,0.3811410069465637,37.11934950351715,3.2129526797383057,0.2679751240535132,0.0,0,0.8615277503775708
1378304,673,0,0,0.0004922115243971348,19.379749393463136,5.977319550514221,0.01703016668325963,0.0002,0.00623744,0,0,0,309.06830925790405,0.107421875,0.3048418164253235,86.76702671051025,0,0,0,0,0
1380352,674,373.978583384687,894.9,-0.0032154885469935835,24.86532304286957,5.9138159394264225,0.010169702849824925,0.0002,0.006216959999999999,0.0,0.0,0.6,282.25944763081316,0.062451171875,0.6047549843788147,130.1584252357483,3.1995360257128502,0.294316155875813,0.0,0,0.9163974640691261
1382400,675,0,0,0.017540990188717843,9.341742074489593,5.873761582374573,0.0864367726084388,0.0002,0.006196479999999999,0,0,0,333.74356487775646,0.278466796875,0.2942730784416199,62.37510095834732,0,0,0,0,0
1384448,676,352.47968692659174,950.7,-0.002893165429122746,11.158214044570922,6.065966737270355,0.010619122258509351,0.0002,0.006175999999999999,0.0,0.1,0.0,305.09433247622127,0.046533203125,0.5913635492324829,51.25965738296509,2.924673361758642,0.31699092983177557,0.0,0,0.6770267221689933
1386496,677,0,0,-0.0019989518041256815,15.466187691688537,6.1712018847465515,0.024882719223393947,0.0002,0.006155520000000001,0,0,0,305.39533467566093,0.104833984375,0.4179666042327881,39.82303245067597,0,0,0,0,0
1388544,678,356.1304524164325,982.8,-0.0007939004804939032,12.73453243970871,6.094055378437043,0.023898622725401275,0.0002,0.00613504,0.0,0.0,0.2,278.38422981191775,0.128076171875,0.23127585649490356,28.237253677845,2.7598316874796445,0.3654212996230779,0.0,0,0.7591797498887976
1390592,679,0,0,-0.002562729734927416,13.774154675006866,6.20354346036911,0.022029660514097882,0.0002,0.006114559999999998,0,0,0,322.1765238493644,0.09853515625,0.6055853366851807,29.480987417697907,0,0,0,0,0
1392640,680,282.7915555960074,828.3,0.0059197107562795285,15.046876168251037,6.074303913116455,0.03965010262328019,0.0002,0.00609408,0.2,0.0,0.0,311.08116455478734,0.185400390625,0.6179245710372925,103.61058387756347,2.8258549219610685,0.3887029058738578,0.0,0,0.5882742242600615
1394688,681,0,0,-0.0010453624418005347,16.583695340156556,6.119524872303009,0.012205354969780157,0.0002,0.0060735999999999984,0,0,0,332.7646562350286,0.062744140625,0.7015171647071838,53.67063324451446,0,0,0,0,0
1396736,682,346.23610073126235,934.6,-0.006196951400488615,11.22569673061371,6.088723361492157,0.015617595180816356,0.0002,0.00605312,0.0,0.1,0.2,252.35807774538816,0.064453125,0.719874382019043,65.8192245721817,2.9709090232102735,0.33668020467148974,0.0,0,0.7513423911890553
1398784,683,0,0,0.000559396343305707,9.873480939865113,6.177026498317718,0.021202471073780503,0.0002,0.006032639999999999,0,0,0,357.5049854220926,0.09814453125,0.718132734298706,38.40111635923385,0,0,0,0,0
1400832,684,323.4052706169961,838.5,0.007609111396595836,16.453344964981078,6.037970840930939,0.05749760142353734,0.0002,0.006012159999999999,0.1,0.1,0.2,277.2584524528958,0.230908203125,0.3851048946380615,61.1811448931694,3.060686926411562,0.5137446527384514,0.0,0,0.69507190977085
1402880,685,0,0,-0.000895915855653584,10.798658668994904,6.090710711479187,0.02118035198073399,0.0002,0.006,0,0,0,346.93142240381445,0.118896484375,0.6188907027244568,75.10170661211014,0,0,0,0,0
1404928,686,330.54001364867395,873.4,-0.004179423459572717,14.98027172088623,6.127661001682282,0.016406023091992617,0.0002,0.006,0.2,0.1,0.1,342.8555539749754,0.0830078125,0.5571033954620361,80.42167135477067,2.794876712862542,0.5873434178499637,0.0,0,0.6686037257541555
1406976,687,0,0,-0.002069683698937297,13.089335346221924,6.016206049919129,0.018327664746912685,0.0002,0.006,0,0,0,406.1478578587041,0.09833984375,0.2929043769836426,51.993727040290835,0,0,0,0,0
1409024,688,345.81198563803963,869.9,-0.003618537774309516,18.19548108577728,6.185467708110809,0.014916971124700796,0.0002,0.006,0.3,0.0,0.1,311.1779668962084,0.07158203125,0.6334645748138428,51.391730189323425,3.0089135657052735,0.5933128396044312,0.0,0,0.7294475005067407
1411072,689,0,0,0.02737936351913959,6.695763015747071,6.2460638880729675,0.14765816439758686,0.0002,0.006,0,0,0,354.1714850366768,0.348583984375,0.916429877281189,51.16513369083405,0,0,0,0,0
1413120,690,363.9267830823237,901.3,0.003165146824903786,8.935831034183503,5.938574707508087,0.0353449878573963,0.0002,0.006,0.1,0.0,0.1,346.5359531166769,0.196240234375,0.5760040283203125,50.5649911403656,3.075997573342868,0.5203185800371164,0.0,0,0.6632019228814184
1415168,691,0,0,0.00862545680720359,11.757195353507996,5.937600529193878,0.048989266387075604,0.0002,0.006,0,0,0,282.2632318222902,0.240087890625,0.4017149806022644,48.63006181716919,0,0,0,0,0
1417216,692,277.23882261873064,711.6,0.001209081953857094,14.596347999572753,5.928528523445129,0.0502199043287041,0.0002,0.006,0.4,0.0,0.3,340.3707911137267,0.168310546875,0.5354205965995789,52.16705842018128,3.170844106262583,0.672174015719227,0.0,0,0.6969534876324627
1419264,693,0,0,0.0007377732312306762,9.702204632759095,6.007233786582947,0.03948460179381926,0.0002,0.006,0,0,0,365.0081949850382,0.16669921875,0.8242602944374084,46.110638403892516,0,0,0,0,0
1421312,694,323.5425434348314,810.4,-0.00048031052574515343,9.59142986536026,5.911682915687561,0.008393292464831448,0.0002,0.006,0.4,0.1,0.3,327.4230017210612,0.046240234375,0.27650249004364014,38.83363174200058,3.36023270088779,0.7009008228129912,0.0,0,0.7867789314207098
1423360,695,0,0,0.0012201449600979686,13.355285143852234,5.930861330032348,0.049070566083544064,0.0002,0.006,0,0,0,267.02154354921396,0.2166015625,0.4822811484336853,64.68396639823914,0,0,0,0,0
1425408,696,303.2046835850987,717.7,0.0035501069622114302,9.146339547634124,5.922742307186127,0.02528387867787968,0.0002,0.006,0.3,0.0,0.2,413.1699870266522,0.13193359375,0.34920036792755127,35.90268750190735,3.155011563807414,0.5471675320617911,0.0,0,0.6267436604137482
1427456,697,0,0,-0.0020231364760547876,10.507852423191071,5.954721665382385,0.012802182557066277,0.0002,0.006,0,0,0,407.3741153180094,0.0697265625,0.28718531131744385,50.78750724792481,0,0,0,0,0
1429504,698,392.939395454419,917.4,0.021244313474744557,6.740337383747101,5.949753367900849,0.10637169710826755,0.0002,0.006,0.1,0.0,0.3,387.7150968335983,0.367138671875,0.5126954317092896,38.15601267814636,3.3301743625572064,0.6384348229450952,0.0,0,0.8801644126776512
1431552,699,0,0,0.004845950962044298,9.95812896490097,6.013818740844727,0.04119949092856312,0.0002,0.006,0,0,0,328.49926823267043,0.2099609375,0.7690286040306091,69.1090796470642,0,0,0,0,0
1433600,700,403.2609481504894,917.7,-0.0009642878430895507,12.38316912651062,6.016558957099915,0.013520768118911564,0.0002,0.006,0.0,0.1,0.4,475.5175827978461,0.069970703125,0.6039368510246277,72.93386561870575,3.2375141380174264,0.532997364020195,0.0,0,0.8208880865504327
1435648,701,0,0,-0.003899902943521738,6.939381957054138,5.966357302665711,0.014773863934542797,0.0002,0.006,0,0,0,407.50324947178353,0.08505859375,0.6080994606018066,43.27844122648239,0,0,0,0,0
1437696,702,325.2014854778558,773.5,-0.0020090586971491576,15.266821718215942,5.985784041881561,0.02448612440785456,0.0002,0.006,0.2,0.1,0.3,377.86000598070285,0.118115234375,0.7082712650299072,53.837339746952054,3.338251163637134,0.617674736907676,0.0,0,0.7091231899559152
1439744,703,0,0,0.008839830849319696,14.200433921813964,6.110116982460022,0.03740639644093642,0.0002,0.006,0,0,0,402.7349895447513,0.181591796875,0.5456337928771973,92.79451558589935,0,0,0,0,0
1441792,704,441.2761742766672,994.6,-0.000520579784642905,10.921261084079742,5.948493206501007,0.017625008517650274,0.0002,0.006,0.0,0.0,0.1,419.93013326210274,0.049462890625,0.7378453016281128,78.19085774421691,3.366254313658108,0.4869695743063759,0.0,0,0.8435746353610025
1443840,705,0,0,0.0004404959501698613,22.469097232818605,5.88886433839798,0.007523296400547974,0.0002,0.006,0,0,0,315.06803603100013,0.035693359375,0.56485915184021,158.1705443382263,0,0,0,0,0
1445888,706,388.5693195462612,887.7,0.003928052959963679,4.777613162994385,5.833550441265106,0.03383253497232312,0.0002,0.006,0.1,0.0,0.2,427.6521589255145,0.1619140625,0.5611199140548706,38.29273324012756,3.2357725739906655,0.4881349684978515,0.0,0,0.7346583630144774
1447936,707,0,0,0.05849319731350988,14.529413175582885,6.0275584816932675,0.294356243358936,0.0002,0.006,0,0,0,302.0651848269709,0.560107421875,0.2996949553489685,52.87112436294556,0,0,0,0,0
1449984,708,333.8918205509975,769.9,-0.0001676964107900858,16.22329454421997,5.923596000671386,0.0261030113441012,0.0002,0.006,0.2,0.1,0.3,379.51131347745064,0.151953125,0.4181697368621826,59.13882486820221,3.174555769918205,0.4519717461929537,0.0,0,0.7139096477385284
1452032,709,0,0,0.00315982885658741,11.311750209331512,5.95153888463974,0.023117543698760366,0.0002,0.006,0,0,0,392.99812878395113,0.138134765625,0.27069973945617676,68.78065475225449,0,0,0,0,0
1454080,710,374.40114970397525,799.9,-0.0010796457761898636,16.961381709575654,5.875736796855927,0.017828045313952746,0.0002,0.006,0.2,0.0,0.3,269.77736232236174,0.068115234375,0.31769299507141113,52.72126131057739,3.4249868804856733,0.5819571067668347,0.0,0,0.8126139213018597
1456128,711,0,0,-0.006468318717088551,13.308097350597382,5.883397996425629,0.013620553887455977,0.0002,0.006,0,0,0,366.44476007945127,0.06787109375,0.4086616635322571,44.08749743700027,0,0,0,0,0
1458176,712,441.35964840776285,919.5,-0.008714552386663854,14.942673373222352,5.86419906616211,0.017225077952032132,0.0002,0.006,0.1,0.0,0.4,325.4573541153771,0.086669921875,0.3235286474227905,38.97840269804001,3.59978336061531,0.6013957733780908,0.0,0,0.8689059303352415
1460224,713,0,0,-0.0007674461463466287,15.824234700202942,5.747736525535584,0.004551472426107217,0.0002,0.006,0,0,0,352.386639431635,0.016943359375,0.1306014060974121,50.37966513633728,0,0,0,0,0
1462272,714,436.539285904821,955.9,-0.0012071602628566324,17.744778633117676,5.8462048172950745,0.011025359627099574,0.0002,0.006,0.1,0.0,0.0,264.149465823596,0.058349609375,0.5905342102050781,53.0902595281601,3.405746780508337,0.5301862163445572,0.0,0,0.8100767234268668
1464320,715,0,0,0.0010517777758650483,10.94696900844574,5.992358458042145,0.024599317208054805,0.0002,0.006,0,0,0,356.0462857063985,0.092236328125,0.8428888320922852,64.52339049577714,0,0,0,0,0
1466368,716,369.31746206074183,837.1,-0.0011029756860807538,14.605492854118348,6.027891623973846,0.016756012529010177,0.0002,0.006,0.1,0.2,0.2,329.5218448944594,0.10390625,0.6663150787353516,75.17172181606293,3.37835024432085,0.5894010370495526,0.0,0,0.7352309156510699
1468416,717,0,0,0.0009318297612480819,17.447633373737336,5.977138543128968,0.0226986534660803,0.0002,0.006,0,0,0,363.32080587452344,0.1220703125,0.267508864402771,72.7119384765625,0,0,0,0,0
1470464,718,359.3252510050778,862.9,0.007843642856460064,10.557520699501037,6.060439121723175,0.0658706458285525,0.0002,0.006,0.2,0.0,0.2,427.3823622085637,0.26689453125,0.32919490337371826,36.83330508470535,2.98419963966463,0.629509368594692,0.0,0,0.762575565113121
1472512,719,0,0,-0.0037241076468490066,13.367185807228088,6.004229974746704,0.04060700597474955,0.0002,0.006,0,0,0,456.3796350911539,0.16669921875,0.5143630504608154,63.003693628311154,0,0,0,0,0
1474560,720,346.751823425032,897.9,-0.003186584752984345,13.163575053215027,6.012954592704773,0.014538118010393675,0.0002,0.006,0.1,0.2,0.2,314.94154534083697,0.07998046875,0.4510681629180908,37.091358637809755,3.170201972381598,0.6867964932326738,0.0,0,0.7685533424869166
1476608,721,0,0,-0.004719750792719424,19.524461102485656,6.030423927307129,0.018626494312780996,0.0002,0.006,0,0,0,307.74365940234435,0.10009765625,0.5755174160003662,67.00036282539368,0,0,0,0,0
1478656,722,389.3401768450743,879.9,-0.001299118809401989,8.250044047832489,6.043727838993073,0.01697182194112009,0.0002,0.006,0.1,0.0,0.3,421.2155683440213,0.1052734375,0.67630934715271,102.41262633800507,3.3166542363061473,0.5997504097187377,0.0,0,0.8250544668327329
1480704,723,0,0,-0.004242594866082072,15.125302481651307,6.0746399641036986,0.01493548924091247,0.0002,0.006,0,0,0,291.44682198401136,0.09375,0.5929160118103027,59.689203000068666,0,0,0,0,0
1482752,724,356.5761980774587,854.3,-0.001030351675581187,18.822564113140107,5.977591514587402,0.014127593419113826,0.0002,0.006,0.2,0.1,0.2,238.31916711616574,0.0798828125,0.3778379559516907,65.20288047790527,2.8992086491859888,0.5909482291209317,0.0,0,0.7180891902361647
1484800,725,0,0,-0.001805171847809106,12.60157083272934,5.98253366947174,0.012832236014951693,0.0002,0.006,0,0,0,423.61573588112276,0.0552734375,0.6114705801010132,92.85110991001129,0,0,0,0,0
1486848,726,398.1642785017143,960.1,-0.0023076796205714345,14.63861894607544,6.016180443763733,0.023104126272127823,0.0002,0.006,0.2,0.0,0.0,389.1128120468432,0.110693359375,0.5872559547424316,84.16689240932465,3.145266361461476,0.5065437827296935,0.0,0,0.7256377726177402
1488896,727,0,0,0.008449771697632969,18.240823292732237,6.130257248878479,0.0631644432025572,0.0002,0.006,0,0,0,368.1261440335576,0.216162109375,0.7908313274383545,96.65831100940704,0,0,0,0,0
1490944,728,392.5536946010634,918.7,-0.0013672405737452209,8.143467426300049,5.9139118671417235,0.04169955832186166,0.0002,0.006,0.2,0.0,0.1,348.8640871213263,0.1845703125,0.7521980404853821,64.57908058166504,3.172552481941742,0.3136269150585148,0.0,0,0.806090767821728
1492992,729,0,0,-0.00376848375890404,17.597795486450195,5.887953472137451,0.01590204627719486,0.0002,0.006,0,0,0,340.1430944981337,0.070361328125,0.4821386933326721,66.34332799911499,0,0,0,0,0
1495040,730,382.86796942817585,864.4,-0.0016664103604853153,14.799820399284362,5.945883131027221,0.026978529564809693,0.0002,0.006,0.0,0.1,0.2,354.0813792378536,0.119287109375,0.7548606991767883,63.203194761276244,3.322910690798269,0.35324646849757535,0.0,0,0.7453895838519278
1497088,731,0,0,0.044687737431377175,10.911569714546204,5.727542185783387,0.2924785377690635,0.0002,0.006,0,0,0,405.90034234339726,0.440087890625,0.31288063526153564,43.11872663497925,0,0,0,0,0
1499136,732,419.2867358815373,927.3,0.029309772269334643,12.07128974199295,5.70887588262558,0.14096264238470232,0.0002,0.006,0.1,0.0,0.2,331.89887756276954,0.422216796875,0.5381731986999512,63.39309275150299,3.4249149900519704,0.3291870909134237,0.0,0,0.8268422040270902
1501184,733,0,0,-0.003811311372555792,13.577601337432862,5.600488829612732,0.020649121754110634,0.0002,0.006,0,0,0,404.5923699421094,0.0982421875,0.30241066217422485,80.25029294490814,0,0,0,0,0
1503232,734,-31.622771242874023,51.2,0.10106874716002494,13.164243030548096,5.783114218711853,1.3136008028785098,0.0002,0.006,1.0,0.0,0.0,439.6483642064545,0.524365234375,0.4051913022994995,79.87337161302567,2.154679191547396,0.5628847179568239,0.0,0,0.029086609094323083
1505280,735,0,0,0.06305107772350312,258.61990585327146,6.664675629138946,0.11305566090159899,0.0002,0.006,0,0,0,327.6811000036926,0.48974609375,0.2784814238548279,1169.7940765380858,0,0,0,0,0
1507328,736,-63.79274599923552,69.6,-0.0007887967862188816,80.61246633529663,6.421262586116791,0.015238253903233157,0.0002,0.006,1.0,0.0,0.0,351.0813138306655,0.05888671875,0.6182277202606201,638.6532642364502,1.9135058971248717,0.5917621289966241,0.0,0,0.045119920651007187
1509376,737,0,0,-0.0006730675464496017,129.06645469665528,6.4123719215393065,0.003938236737674549,0.0002,0.006,0,0,0,358.12913217562937,0.013720703125,0.49476301670074463,499.56745913028715,0,0,0,0,0
1511424,738,-44.776697549696074,75.0,-0.002138932247180492,144.02296772003174,6.471574139595032,0.006484013167215519,0.0002,0.006,1.0,0.0,0.0,368.4432353542806,0.03779296875,0.3214266300201416,281.48964087963105,1.6945096711570966,0.5919306395608093,0.0,0,0.04244308664326537
1513472,739,0,0,-0.0029136464698240163,146.0746395111084,6.487542140483856,0.0039738405181713125,0.0002,0.006,0,0,0,329.39341269512585,0.017041015625,0.4340013265609741,236.079909992218,0,0,0,0,0
1515520,740,-107.19640432896638,196.7,-0.0012582278111949563,160.72627944946288,6.607256853580475,0.0031091152194056117,0.0002,0.006,1.0,0.0,0.0,337.271293946264,0.0142578125,0.4530554413795471,264.46736612319944,1.8508740651083027,0.5415268167609487,0.0,0,0.11569862518309304
1517568,741,0,0,-0.00569573282264173,112.43902168273925,6.505243277549743,0.017362585433881618,0.0002,0.006,0,0,0,387.18756360302814,0.084521484375,0.25681132078170776,108.46111073493958,0,0,0,0,0
1519616,742,20.53668093668891,498.6,-0.0029212033841758966,75.82384452819824,6.587479412555695,0.005020865536431029,0.0002,0.006,0.5,0.2,0.0,351.4184256506476,0.02177734375,0.4360361099243164,169.5425322532654,1.8375146213796842,0.48353305002598634,0.0,0,0.23368311094467545
1521664,743,0,0,-0.003058891813270748,106.69279851913453,6.6081024527549745,0.006143073189837434,0.0002,0.006,0,0,0,351.3572490685792,0.02763671875,0.448414146900177,210.99217944145204,0,0,0,0,0
1523712,744,157.41902269189876,983.8,-0.006482653203420341,64.10940809249878,6.505787324905396,0.016045648305277584,0.0002,0.006,0.1,0.0,0.0,472.0936447467723,0.09091796875,0.4068336486816406,341.5236722946167,1.9941214000021255,0.48564264595004414,0.0,0,0.5331876992354616
1525760,745,0,0,-0.0059982671868056055,8.339124178886413,6.519205212593079,0.024545625725177024,0.0002,0.006,0,0,0,441.1723106850487,0.1072265625,0.3496423363685608,48.37209215760231,0,0,0,0,0
1527808,746,143.05325156786864,689.4,-0.007157274195924402,23.8353981256485,6.458253705501557,0.029301458744163678,0.0002,0.006,0.4,0.1,0.0,399.64476436946717,0.10517578125,0.6081501245498657,266.1665973305702,2.0340405716190064,0.6409795630444488,0.0,0,0.3647443528001821
1529856,747,0,0,-0.0042409122572280465,9.75851081609726,6.464608931541443,0.013580478464160172,0.0002,0.006,0,0,0,320.41503545014643,0.073193359375,0.7841885089874268,50.755981707572936,0,0,0,0,0
1531904,748,170.2140012655289,909.5,-0.003817247040569782,4.905806910991669,6.4189741849899296,0.022058057961119724,0.0002,0.006,0.3,0.1,0.0,351.02474432719873,0.098779296875,0.5085964202880859,67.21155300736427,2.0337784659654368,0.8396113532417233,0.0,0,0.4702954933837412
1533952,749,0,0,-0.0017320471350103616,6.721903675794602,6.577264249324799,0.025278468593030623,0.0002,0.006,0,0,0,381.93278723198307,0.1138671875,0.7095537185668945,49.47026906013489,0,0,0,0,0
1536000,750,253.8727409860865,920.4,0.0022219402715563776,5.680466175079346,6.510476291179657,0.08433719858949776,0.0002,0.006,0.1,0.1,0.0,435.4674455188817,0.284375,0.5211660861968994,41.27382764816284,2.3445633941980306,0.3648357139418147,0.0,0,0.5047452138802881
1538048,751,0,0,0.0064464595401659604,4.889665818214416,6.362050771713257,0.06884395908564989,0.0002,0.006,0,0,0,386.0655344718024,0.23623046875,0.04882854223251343,37.03268835842609,0,0,0,0,0
1540096,752,289.30441775079,1000.0,0.017053520132321864,4.0592637121677395,6.406627285480499,0.09111624511425076,0.0002,0.006,0.0,0.0,0.0,442.75660360524137,0.28125,0.4478762149810791,41.583528065681456,2.386871349335104,0.23410334674533875,0.0,0,0.6489567113561866
1542144,753,0,0,0.003100063739111647,21.491951727867125,6.479543364048004,0.02964912093594606,0.0002,0.006,0,0,0,436.6753891587672,0.17412109375,0.4558451175689697,75.63280708789826,0,0,0,0,0
1544192,754,317.07278314001803,974.3,-0.0036534520797431467,4.924175089597702,6.457223415374756,0.06922881736464459,0.0002,0.006,0.1,0.0,0.0,454.929302018212,0.141162109375,0.42435210943222046,29.380387324094773,2.4791116078595365,0.31395522938235937,0.0,0,0.5630212971081249
1546240,755,0,0,-0.0011743742739781736,6.053286153078079,6.385716223716736,0.04275641083659867,0.0002,0.006,0,0,0,501.8405590745032,0.181884765625,0.26899224519729614,31.025504899024963,0,0,0,0,0
1548288,756,307.6174929765067,1000.0,-0.000982218375429511,14.608588194847107,6.509545838832855,0.02322785932338517,0.0002,0.006,0.0,0.0,0.0,386.45683829110095,0.110205078125,0.45946186780929565,48.62217202186584,2.466054606035063,0.25756492590171576,0.0,0,0.6848452766187869
1550336,757,0,0,0.0009336988907307387,4.721150553226471,6.6718225359916685,0.04197387912718827,0.0002,0.006,0,0,0,421.8994594636011,0.200634765625,0.7213267683982849,12.963356244564057,0,0,0,0,0
1552384,758,356.208497041173,1000.0,0.009194919769652189,6.110541731119156,6.314889049530029,0.1441315702861238,0.0002,0.006,0.0,0.0,0.0,446.84362356836635,0.225146484375,0.5497884154319763,31.924983513355254,2.7168622972260557,0.324275584327024,0.0,0,0.7273026462926973
1554432,759,0,0,0.00706484989495948,8.819130790233611,6.202037382125854,0.044221818458033954,0.0002,0.006,0,0,0,444.6999076942988,0.18564453125,0.11835992336273193,21.14410427212715,0,0,0,0,0
1556480,760,335.3369452163038,1000.0,0.008587722922675312,7.689249491691589,6.3572077512741085,0.04115901294863726,0.0002,0.006,0.1,0.0,0.0,497.37691561777143,0.185693359375,0.36703139543533325,17.96879236102104,2.6325789348156357,0.30986788973502705,0.0,0,0.6976488010989905
1558528,761,0,0,0.006931264675222338,9.187363374233247,6.244584679603577,0.0431042198324626,0.0002,0.006,0,0,0,445.0344856170391,0.22802734375,0.14209163188934326,13.93783420920372,0,0,0,0,0
1560576,762,332.24407184791744,1000.0,0.004064617375843227,6.00171018242836,6.116809833049774,0.050180958979767654,0.0002,0.006,0.0,0.0,0.0,382.40410396182125,0.1578125,0.09901469945907593,23.429067167639733,2.601915624354267,0.372775395568305,0.0,0,0.6432440826589975
1562624,763,0,0,0.013797555700875819,9.072497808933258,6.194209206104278,0.07741234367714235,0.0002,0.006,0,0,0,411.7540617882179,0.316015625,0.09389626979827881,14.02161176800728,0,0,0,0,0
1564672,764,314.96912691513774,978.5,-0.006481602892745286,7.738336992263794,6.213417744636535,0.0408505957806594,0.0002,0.006,0.0,0.0,0.1,638.0117672845129,0.150341796875,-0.012383818626403809,6.2758383601903915,2.8007111789470156,0.27164797527256784,0.0,0,0.7260996632237584
1566720,765,0,0,0.01540578023996204,9.613541674613952,6.10057874917984,0.0807617250480748,0.0002,0.006,0,0,0,379.25426264727673,0.312158203125,0.05525815486907959,14.420241343975068,0,0,0,0,0
1568768,766,366.43381484420985,988.7,0.022947435977403074,15.955614018440247,6.177833068370819,0.10367396306247109,0.0002,0.006,0.0,0.0,0.1,402.7948167274318,0.350537109375,0.10041260719299316,61.638480234146115,2.8640804673785274,0.2791379019287762,0.0,0,0.7921107439941628
1570816,767,0,0,-0.0030845981324091553,16.009300351142883,6.053361690044403,0.025204187992501337,0.0002,0.006,0,0,0,458.7554160254367,0.13759765625,0.4327719807624817,28.087300026416777,0,0,0,0,0
1572864,768,367.6460143703814,962.5,-0.00011754200095310807,12.469911897182465,6.115544223785401,0.021199842907033428,0.0002,0.006,0.0,0.0,0.3,381.6271216952406,0.1021484375,0.1568002700805664,17.72337610125542,2.9572180761811198,0.28720667337866657,0.0,0,0.7451792034491139
1574912,769,0,0,-0.0031183446408249438,3.6266908943653107,6.105791199207306,0.034295131021652284,0.0002,0.006,0,0,0,394.01056231560716,0.1740234375,0.4847745895385742,14.95577803850174,0,0,0,0,0
1576960,770,385.8315994496217,993.6,-0.0037774264172185214,7.905055105686188,6.166389214992523,0.01437352410867675,0.0002,0.006,0.0,0.0,0.1,486.007273983114,0.0724609375,0.17843914031982422,18.282332986593246,2.9987610414473473,0.2501617356533136,0.0,0,0.8052361379847414
1579008,771,0,0,-0.000901971640996635,13.358534407615661,6.1073386669158936,0.015314735576982352,0.0002,0.006,0,0,0,312.8069680085253,0.091552734375,0.08278024196624756,17.57486223578453,0,0,0,0,0
1581056,772,377.1700271986655,962.2,-0.0051204395480453965,10.144971811771393,6.1101824879646305,0.01693451368338027,0.0002,0.006,0.0,0.0,0.2,368.91533478913556,0.103515625,0.22446012496948242,33.66933419704437,3.1456653512238466,0.27642926579281507,0.0,0,0.8179017203929686
1583104,773,0,0,-0.0034842500928789375,11.711822187900543,6.115917348861695,0.01949900194595895,0.0002,0.006,0,0,0,385.85055009501247,0.116650390625,0.16461002826690674,26.8137295126915,0,0,0,0,0
1585152,774,264.47725326331954,806.3,0.009790538786910474,8.57965978384018,6.08226877450943,0.04152923863440007,0.0002,0.006,0.2,0.2,0.4,533.3500350778111,0.197021484375,0.2016158103942871,18.559257340431213,3.0510613003158493,0.37024205806325133,0.0,0,0.794821608550276
1587200,775,0,0,0.01860275729559362,23.416278314590453,6.179892981052399,0.09747132384219165,0.0002,0.006,0,0,0,375.139372194458,0.329833984375,0.6154319047927856,84.13363463878632,0,0,0,0,0
1589248,776,127.05905344894363,823.3,0.010509088612161576,32.355128622055055,6.342422151565552,0.057851855759517644,0.0002,0.006,0.4,0.1,0.0,327.2374983657048,0.2611328125,0.6513725519180298,130.15463972091675,2.869830794449995,0.5267832833562228,0.0,0,0.6713133234590034
1591296,777,0,0,-0.0025201902259141206,34.81350312232971,6.236960685253143,0.03153285485241949,0.0002,0.006,0,0,0,492.5281134206275,0.1728515625,0.35464179515838623,129.91052370071412,0,0,0,0,0
1593344,778,186.61333361975082,984.1,-0.00574819123139605,18.995287108421326,6.286320233345032,0.0122429673048019,0.0002,0.006,0.1,0.0,0.2,345.4704970775145,0.067431640625,0.7375803589820862,40.85600936412811,3.100666747572185,0.4273522308862493,0.0,0,0.7185198993428402
1595392,779,0,0,-0.007632557064061985,22.97972741127014,6.250343704223633,0.013074009103103735,0.0002,0.006,0,0,0,499.83725151891457,0.072509765625,0.47487974166870117,61.39290318489075,0,0,0,0,0
1597440,780,286.6860035367723,878.0,-0.005406320933252573,20.256087327003478,6.289814877510071,0.016269248313625306,0.0002,0.006,0.1,0.0,0.3,392.53853919257546,0.101171875,0.7871028184890747,71.24726338386536,3.118014972686843,0.33334538450836504,0.0,0,0.7949343750480933
1599488,781,0,0,-0.008082056720741092,20.584869980812073,6.263996064662933,0.023167047060094738,0.0002,0.006,0,0,0,402.4570679284768,0.121435546875,0.8518134355545044,126.62713351249695,0,0,0,0,0
1601536,782,361.3888408399463,883.5,-0.0061124890809878705,18.62160997390747,6.231436800956726,0.012894308359688855,0.0002,0.006,0.0,0.0,0.5,370.7975653911234,0.07021484375,0.5818608403205872,104.62789430618287,3.2877151935159112,0.22513710844815277,0.0,0,0.8895187319781435
1603584,783,0,0,0.002284266846254468,9.869917285442352,6.105938613414764,0.055957699852306995,0.0002,0.006,0,0,0,435.50773805292795,0.20068359375,0.5577946901321411,29.536618483066558,0,0,0,0,0
1605632,784,369.33902694380726,969.7,0.04794802772812545,27.338086366653442,6.201963758468628,0.2556129649281565,0.0002,0.006,0.0,0.0,0.3,328.5250486767683,0.457080078125,0.7449089288711548,85.49872686862946,3.0869200207394547,0.24713673289855137,0.0,0,0.8026476736940529
1607680,785,0,0,0.0007311457069590688,10.353027260303497,6.143460917472839,0.016192560023053037,0.0002,0.006,0,0,0,482.64268785141456,0.085546875,0.34347832202911377,43.1132217168808,0,0,0,0,0
1609728,786,387.21344961673117,944.2,0.008126052049919962,8.232224798202514,6.1030379176139835,0.04542287582299298,0.0002,0.006,0.1,0.0,0.1,559.1711466012096,0.234521484375,0.11211937665939331,49.09876807928085,3.3238649913470746,0.2709016095344311,0.0,0,0.7454627320703622
1611776,787,0,0,0.0016474182368256152,12.069367051124573,6.068683159351349,0.023500257963320326,0.0002,0.006,0,0,0,516.1539753712761,0.13125,0.4834390878677368,37.57474724054337,0,0,0,0,0
1613824,788,384.7212372947141,951.4,0.02358933031791821,17.351643443107605,6.0722093939781185,0.12075944216922588,0.0002,0.006,0.0,0.0,0.3,315.24141812009725,0.3478515625,0.49153053760528564,41.83808432817459,3.1872332841623647,0.22309186000519335,0.0,0,0.7906642047772985
1615872,789,0,0,0.004783518722979352,11.780912685394288,6.131635916233063,0.06259859960992437,0.0002,0.006,0,0,0,342.32411597710546,0.27763671875,0.08668458461761475,20.56166801452637,0,0,0,0,0
1617920,790,318.2238734005933,788.6,-0.0013270783936604857,7.319295454025268,6.122835266590118,0.015468117159622263,0.0002,0.006,0.2,0.1,0.4,357.8252901177067,0.086328125,0.5894960165023804,19.317366242408752,3.2466044200990654,0.549421890991775,0.0,0,0.7436184915203474
1619968,791,0,0,0.006463551172055304,3.898152047395706,6.029727184772492,0.038098256412202915,0.0002,0.006,0,0,0,515.672424372221,0.176416015625,0.28006935119628906,10.786484616994858,0,0,0,0,0
1622016,792,287.8615340195593,737.6,0.0097921198932454,6.536136931180954,6.121445429325104,0.06619297419093319,0.0002,0.006,0.2,0.2,0.2,403.8950540064461,0.234423828125,0.44953787326812744,23.043452501296997,3.173738156892513,0.662773732670268,0.0,0,0.631902080662672
1624064,793,0,0,0.0009706188109703362,12.005403745174409,6.07976713180542,0.03630932455417372,0.0002,0.006,0,0,0,330.74720644508386,0.177685546875,0.25713229179382324,21.056844538450243,0,0,0,0,0
1626112,794,316.74383107663385,844.4,0.01246980030555278,14.07475790977478,6.1493948817253115,0.07058961833537136,0.0002,0.006,0.2,0.1,0.1,465.04764565806505,0.244775390625,0.1857694387435913,37.772805225849154,3.3381602729492803,0.6030278430002685,0.0,0,0.7178194619502211
1628160,795,0,0,-0.002554538252297789,8.944765150547028,6.198263454437256,0.0230595432221965,0.0002,0.006,0,0,0,444.5099877600992,0.1298828125,0.3538377285003662,37.77434358596802,0,0,0,0,0
1630208,796,341.08592240178075,826.6,-0.003556026006117463,14.827457702159881,6.253969395160675,0.03830760608253471,0.0002,0.006,0.1,0.2,0.1,384.2520154149305,0.18173828125,0.1747167706489563,49.14380808472633,3.1170267488021524,0.5626515680944579,0.0,0,0.6374324451240537
1632256,797,0,0,-0.00568776975851506,5.682208102941513,6.221820592880249,0.05552647656296271,0.0002,0.006,0,0,0,502.1163043490968,0.215576171875,0.4709736108779907,31.437450683116914,0,0,0,0,0
1634304,798,382.01832117859203,981.7,-0.0035225504310801626,14.80835211277008,6.233339369297028,0.025247884681456,0.0002,0.006,0.0,0.1,0.1,295.2489000519869,0.12109375,0.6399749517440796,40.282066935300826,3.407149626906319,0.6861407342014959,0.0,0,0.8129840344480528
1636352,799,0,0,-0.00012053411919623613,13.565690195560455,6.329880666732788,0.0189959335955864,0.0002,0.006,0,0,0,341.4748850663905,0.1068359375,0.21257591247558594,45.20293490886688,0,0,0,0,0
1638400,800,395.2921282072479,972.4,-0.0028804854257032273,20.994605112075806,6.377404916286468,0.006212653290558567,0.0002,0.006,0.3,0.0,0.0,397.0607385986885,0.022998046875,0.6091916561126709,60.29787757396698,3.1325405765725174,0.5862374805027023,0.0,0,0.7133386690067108
1640448,801,0,0,-0.000737451040185988,13.655776476860046,6.302722871303558,0.02279187716195271,0.0002,0.006,0,0,0,464.5520101031908,0.093017578125,0.25789886713027954,77.16083141565323,0,0,0,0,0
1642496,802,389.65649155693166,953.1,0.0005842535640113056,14.67523913383484,6.271469700336456,0.02203789759297179,0.0002,0.006,0.1,0.0,0.3,389.4703725727344,0.117041015625,0.37193018198013306,43.76692355871201,3.455737802969151,0.7556533467512732,0.0,0,0.8878124335424274
1644544,803,0,0,-0.00019821652676910162,10.229421055316925,6.28196439743042,0.011168901784918927,0.0002,0.006,0,0,0,384.31746385408564,0.06240234375,0.21815544366836548,33.154581332206725,0,0,0,0,0
1646592,804,321.42399483360293,847.5,-0.0029076305450871586,19.285487961769103,6.287349569797516,0.016705506923616976,0.0002,0.006,0.1,0.2,0.3,302.42518297831083,0.088525390625,0.482840359210968,42.1032080411911,3.488447005770064,0.7136215734600184,0.0,0,0.7750568445719405
1648640,805,0,0,-0.003952874056994915,10.886542773246765,6.21438307762146,0.010868460929493295,0.0002,0.006,0,0,0,373.8240648702405,0.047998046875,0.3536888360977173,41.30719304084778,0,0,0,0,0
1650688,806,362.29417273559517,814.2,-0.014334106014575809,11.265939688682556,6.164789283275605,0.03178889423580372,0.0002,0.006,0.1,0.1,0.3,479.9928940394487,0.156982421875,0.6297063827514648,39.9982995390892,3.4671762886438864,0.6526019043376226,0.0,0,0.745980990754288
1652736,807,0,0,0.003010882157832384,8.244026458263397,6.135932397842407,0.03283029436134505,0.0002,0.006,0,0,0,422.9644247280574,0.1494140625,0.2514359951019287,25.30085529088974,0,0,0,0,0
1654784,808,392.7962392643356,910.5,-0.008221890404820442,10.621665298938751,6.177888405323029,0.024985626502906456,0.0002,0.006,0.1,0.0,0.3,397.6599175379451,0.1333984375,0.3324730396270752,55.72286994457245,3.243148503222558,0.6266825421892935,0.0,0,0.7598317104367562
1656832,809,0,0,0.002184122789185494,6.000716257095337,6.097250247001648,0.03361253777403165,0.0002,0.006,0,0,0,449.3100444940636,0.16826171875,0.7607957124710083,45.46913577318192,0,0,0,0,0
1658880,810,420.90828636744726,949.2,-0.006112553947605193,11.752064728736878,6.078833842277527,0.028428322312545818,0.0002,0.006,0.1,0.0,0.2,464.05798143397385,0.112451171875,0.5774753093719482,40.6860731959343,3.42517293855596,0.5392119072664905,0.0,0,0.8306374030689941
1660928,811,0,0,0.0024309818749316038,13.659815621376037,6.119917237758637,0.03205057695741563,0.0002,0.006,0,0,0,430.9848772827697,0.15966796875,0.5827533006668091,48.300004076957705,0,0,0,0,0
1662976,812,433.2918313284111,964.9,0.009809527569450438,10.971749997138977,6.15778238773346,0.044321607094032364,0.0002,0.006,0.0,0.0,0.3,442.4358546566033,0.186083984375,0.5035121440887451,30.785675609111784,3.1954990845305624,0.4260180087965467,0.0,0,0.8110740953301111
1665024,813,0,0,0.028181077516637742,10.395948207378387,6.057807540893554,0.2641524480888717,0.0002,0.006,0,0,0,457.1525381153166,0.39619140625,0.4205601215362549,40.88294483423233,0,0,0,0,0
1667072,814,366.0329764516105,817.4,0.002131184155587107,10.119450747966766,6.064511942863464,0.019961799099116363,0.0002,0.006,0.1,0.1,0.3,321.3093133279669,0.11943359375,0.3114987015724182,23.240712261199953,3.445353440126463,0.40957891989910084,0.0,0,0.7511935898334486
1669120,815,0,0,-0.007535181753337383,10.315952372550964,6.242530822753906,0.022742702323019826,0.0002,0.006,0,0,0,352.18191650576466,0.120068359375,0.8538875579833984,48.4840793132782,0,0,0,0,0
1671168,816,357.4745176227685,788.1,0.009121019183658064,15.069068956375123,6.044561076164245,0.07865088504041942,0.0002,0.006,0.1,0.1,0.3,337.2614153552012,0.212109375,0.24359560012817383,22.064755070209504,3.273663900910531,0.5532811637792012,0.0,0,0.7086570185316389
1673216,817,0,0,0.00818670173175633,9.954085171222687,6.051538300514221,0.0601923697002415,0.0002,0.006,0,0,0,353.17784119860346,0.23310546875,0.15522253513336182,18.143837255239486,0,0,0,0,0
1675264,818,355.3356534858725,780.9,0.0007927699596621096,9.089251184463501,5.994172739982605,0.03994740821072582,0.0002,0.006,0.2,0.1,0.1,518.2717269277276,0.181640625,0.2715819478034973,28.693681871891023,3.497711840510631,0.5835107051173971,0.0,0,0.6765882687286712
1677312,819,0,0,0.0035895333159714935,9.70381365418434,5.852948677539826,0.04010703832028255,0.0002,0.006,0,0,0,492.85425270763506,0.177197265625,0.26336348056793213,38.50486023426056,0,0,0,0,0
1679360,820,418.6925526504089,856.0,0.0013055686722509563,11.061223495006562,5.8731210947036745,0.031289881083655144,0.0002,0.006,0.0,0.0,0.5,390.02782486046294,0.147509765625,0.32079368829727173,36.76084533929825,3.736374731784192,0.5590970551458392,0.0,0,0.9160552630718625
1681408,821,0,0,0.011404979089275003,15.968852877616882,5.921656596660614,0.06014991064440265,0.0002,0.006,0,0,0,341.1526429026425,0.24462890625,0.10723793506622314,25.65402195453644,0,0,0,0,0
1683456,822,403.94175957539875,878.0,-0.0015167123987339438,9.496670043468475,5.840849709510803,0.026241988141560903,0.0002,0.006,0.1,0.0,0.4,411.8482495932548,0.131005859375,0.18381279706954956,36.13391374349594,3.3471144492191796,0.48053923247096886,0.0,0,0.7806883218583321
1685504,823,0,0,-0.0004009256488643587,5.273348706960678,5.869970893859863,0.012721742517176792,0.0002,0.006,0,0,0,480.82730421307565,0.068994140625,0.5218180418014526,31.58032636642456,0,0,0,0,0
1687552,824,427.5292599351219,969.5,0.030479252501390875,8.870409560203552,5.880864834785461,0.16470778825460836,0.0002,0.006,0.0,0.0,0.2,437.1737854352027,0.367578125,0.5298454165458679,65.30081081390381,3.461768376597798,0.3327941655035503,0.0,0,0.8445989447467745
1689600,825,0,0,0.0031990272924304008,16.703143453598024,5.92578262090683,0.04540103628534008,0.0002,0.006,0,0,0,433.2533611814642,0.15068359375,0.31398868560791016,81.26168534755706,0,0,0,0,0
1691648,826,407.39671633152017,939.9,0.01410725960158743,11.775573742389678,5.796021795272827,0.08391226248932807,0.0002,0.006,0.1,0.0,0.3,426.9430763247327,0.2880859375,0.16841000318527222,40.49019298553467,3.3114096100486767,0.3837213871836237,0.0,0,0.8344615703693912
1693696,827,0,0,0.004897699947468937,11.007762837409974,5.813335275650024,0.041154091479264375,0.0002,0.006,0,0,0,416.6585626363367,0.19814453125,0.3089029788970947,49.69513783454895,0,0,0,0,0
1695744,828,424.8887276540996,927.7,0.0055623210966587065,11.491643357276917,5.797616410255432,0.0369518572930322,0.0002,0.006,0.0,0.0,0.2,387.05610508829,0.188037109375,0.29665595293045044,30.401052963733672,3.585757742312186,0.3191136336419653,0.0,0,0.8873741097989365
1697792,829,0,0,0.005819992790929973,17.37053198814392,5.806567966938019,0.046464797144299484,0.0002,0.006,0,0,0,396.7717678894274,0.21962890625,0.2988715171813965,41.237789726257326,0,0,0,0,0
1699840,830,413.59564870132397,852.5,-0.0025074820150621235,12.927643156051635,5.6954083919525145,0.01743368629250709,0.0002,0.006,0.0,0.0,0.8,383.3922920780596,0.085302734375,0.4712448716163635,41.984818243980406,3.5594478137659578,0.34014191939840444,0.0,0,0.9515899436186317
1701888,831,0,0,0.005356076068710536,3.8164009869098665,5.643440663814545,0.05585907716541303,0.0002,0.006,0,0,0,523.8160731777236,0.2423828125,0.7486522793769836,25.997795164585114,0,0,0,0,0
1703936,832,457.33297302422545,948.1,0.023255920992232858,8.047312903404237,5.675798916816712,0.08963885449339463,0.0002,0.006,0.0,0.0,0.3,429.18842209698664,0.292333984375,0.7072051763534546,45.900137054920194,3.4667592860896,0.28456395700140724,0.0,0,0.8312069391204169
1705984,833,0,0,0.0030152356484904885,17.16557765007019,5.712552750110627,0.02573291350273079,0.0002,0.006,0,0,0,442.7418843609181,0.1634765625,0.4962417483329773,52.00523567199707,0,0,0,0,0
1708032,834,468.8995744059075,979.9,-0.0041689563542604445,13.255611729621886,5.736802232265473,0.017694004718222668,0.0002,0.006,0.0,0.0,0.3,365.019548751664,0.081884765625,0.497739315032959,53.25385205745697,3.40710666038972,0.2531441774868711,0.0,0,0.8138779552061035
1710080,835,0,0,-0.00318411304615438,16.51062641143799,5.618199348449707,0.020163646887531594,0.0002,0.006,0,0,0,420.27108581898176,0.100390625,0.18043243885040283,43.00013861656189,0,0,0,0,0
1712128,836,452.2035413031137,908.0,0.0025367280002683403,11.112672036886215,5.584828889369964,0.018522671076070453,0.0002,0.006,0.0,0.0,0.6,465.8363432338681,0.09970703125,0.27147430181503296,50.28461883068085,3.672535468071522,0.2844268192142745,0.0,0,0.9294268815709913
1714176,837,0,0,-0.0023105986649170516,10.711561131477357,5.658518326282501,0.010053759269078777,0.0002,0.006,0,0,0,432.59878735442175,0.045751953125,0.4414079785346985,70.61151447296143,0,0,0,0,0
1716224,838,380.6813597834321,797.2,-0.006402620184235275,18.850368523597716,5.695475649833679,0.019700013028350262,0.0002,0.006,0.2,0.0,0.3,410.7457153372805,0.12587890625,-0.0019791126251220703,47.72523922920227,3.534084661921283,0.454298180858655,0.0,0,0.7669245487777724
1718272,839,0,0,-0.0011753753235097975,14.002699542045594,5.72484530210495,0.028419581777422133,0.0002,0.006,0,0,0,437.7383802761635,0.13896484375,0.3627014756202698,36.390851330757144,0,0,0,0,0
1720320,840,424.4972789991026,861.6,-0.00015454988460987805,8.641676306724548,5.712948095798493,0.031379124507664516,0.0002,0.006,0.1,0.0,0.5,426.5614324151218,0.17490234375,0.4345549941062927,20.68988367319107,3.642394428327779,0.4609583396866834,0.0,0,0.8203342847748999
1722368,841,0,0,0.0023015041835606096,11.088039410114288,5.710757994651795,0.052544097090151884,0.0002,0.006,0,0,0,414.494295110894,0.209326171875,0.4202002286911011,34.477555775642394,0,0,0,0,0
1724416,842,466.5248380089539,925.6,0.0009761667344719172,17.170702505111695,5.703850376605987,0.03303277870291904,0.0002,0.006,0.1,0.0,0.4,387.0213319312151,0.14921875,0.2686161994934082,39.668227064609525,3.6518944019960364,0.5246743658862526,0.0,0,0.8893024241601089
1726464,843,0,0,-0.0048129415372386575,13.772291159629821,5.5934338688850405,0.018368020924400496,0.0002,0.006,0,0,0,497.0186230650915,0.105712890625,0.5657446384429932,49.81382784843445,0,0,0,0,0
1728512,844,415.42143625842283,840.0,0.0016566279577091337,12.706043672561645,5.5763389587402346,0.027337222342625877,0.0002,0.006,0.0,0.0,0.8,409.032389231138,0.1298828125,0.24924063682556152,67.23514417409896,3.5499549871419247,0.48013433816011714,0.0,0,0.9393489872017602
1730560,845,0,0,-0.00020740902982652187,13.435672342777252,5.723761820793152,0.006508929620039172,0.0002,0.006,0,0,0,455.7572335166103,0.029150390625,0.3750377297401428,128.56997256278993,0,0,0,0,0
1732608,846,452.28937566809793,883.7,0.003147884178906679,6.454266303777695,5.692600440979004,0.03492288512207518,0.0002,0.006,0.1,0.0,0.5,360.7164223679647,0.10927734375,0.5870128870010376,33.35945143699646,3.503439801181927,0.5167399765592464,0.0,0,0.9123330260718283
1734656,847,0,0,-0.004671066766604781,13.175455927848816,5.663638973236084,0.016368633217653427,0.0002,0.006,0,0,0,437.8501441119029,0.092138671875,0.494407594203949,47.41205598115921,0,0,0,0,0
1736704,848,423.1556158988553,964.2,0.004446995444595814,20.234201407432558,5.54662367105484,0.06709495079704503,0.0002,0.006,0.0,0.0,0.3,374.22917969471905,0.247021484375,-0.007995963096618652,25.292744851112367,3.218316758835923,0.3935197770748867,0.0,0,0.8171990654122417
1738752,849,0,0,0.014779587858356535,12.712729632854462,6.100231897830963,0.06153829712421549,0.0002,0.006,0,0,0,414.61553538109274,0.240673828125,0.8010653853416443,72.26902198791504,0,0,0,0,0
1740800,850,491.29295874134124,938.8,-0.0016895253909751772,7.046969425678253,5.608259153366089,0.025442936515908697,0.0002,0.006,0.0,0.0,0.6,392.9959891686004,0.1318359375,0.8203759789466858,32.32500216960907,3.6888358339309257,0.348324560170875,0.0,0,0.9505987603831381
1742848,851,0,0,0.004048526706174016,12.069755125045777,5.453819394111633,0.06100692992332311,0.0002,0.006,0,0,0,414.9590340530343,0.238427734375,0.47427332401275635,35.37407760620117,0,0,0,0,0
1744896,852,480.01856700595937,923.5,0.04395352301653475,6.542854201793671,5.409359335899353,0.23032812257298652,0.0002,0.006,0.1,0.0,0.5,478.9985470452647,0.484521484375,0.6181502938270569,48.25399854183197,3.694676873761023,0.38060303159736897,0.0,0,0.8671435811582355
1746944,853,0,0,0.009745265636593104,13.285802388191223,5.422848391532898,0.053245986904956064,0.0002,0.006,0,0,0,517.0990170288203,0.23515625,0.458108127117157,43.91297619342804,0,0,0,0,0
1748992,854,531.6220990576766,954.7,0.0033819436794146895,4.7779210150241855,5.187058699131012,0.028204620024206428,0.0002,0.006,0.0,0.0,0.4,404.0256211576706,0.147314453125,0.7615754008293152,83.10884284973145,4.0762958272314,0.39070768631470215,0.0,0,0.9130003222165237
1751040,855,0,0,0.0016416997881606222,11.65429983139038,5.859737968444824,0.06071978462278625,0.0002,0.006,0,0,0,347.9055397271055,0.199365234375,0.9142279028892517,51.2217099070549,0,0,0,0,0
1753088,856,501.93729072241103,836.9,-0.0009145499439910054,13.759370350837708,5.324634993076325,0.038414090056915706,0.0002,0.006,0.1,0.0,0.7,416.1677706662664,0.168896484375,0.8077871203422546,52.00349655151367,4.174333164271253,0.5623606441878167,0.0,0,0.9393461568056972
1755136,857,0,0,-0.00449350755661726,13.789305353164673,5.2688279271125795,0.015081163654403842,0.0002,0.006,0,0,0,417.5238775169068,0.069287109375,0.7942895293235779,73.8397075176239,0,0,0,0,0
1757184,858,475.84218428155964,776.5,0.0011743666604161263,25.859706449508668,5.043054437637329,0.025226927455521724,0.0002,0.006,0.0,0.0,0.8,332.7985241764665,0.136962890625,0.4026890993118286,130.4759590625763,4.234868843218318,0.5298943504936637,0.0,0,0.9706877433623866
1759232,859,0,0,-0.002007020707242191,12.296968698501587,5.150563907623291,0.011020523335911197,0.0002,0.006,0,0,0,425.78636336171155,0.06201171875,0.8541772365570068,179.8795536994934,0,0,0,0,0
1761280,860,479.6044894090828,827.9,0.01603017740417272,9.536527144908906,5.109671878814697,0.07462119607954365,0.0002,0.006,0.1,0.0,0.6,406.56894479693574,0.2830078125,0.7611300945281982,76.19370148181915,4.092050029902571,0.276170266004386,0.0,0,0.8964827153838643
1763328,861,0,0,0.005511029134504497,18.00270285606384,5.030512762069702,0.06467713132588894,0.0002,0.006,0,0,0,416.85453209251114,0.25634765625,0.4565906524658203,46.82658936977386,0,0,0,0,0
1765376,862,411.457664632426,628.0,0.0019943969324231147,13.420316076278686,5.086105144023895,0.035209397075240775,0.0002,0.006,0.4,0.0,0.5,406.7420923455527,0.18857421875,0.7737326622009277,109.7438755273819,4.675444369465868,0.4907029590894326,0.0,0,0.7701528010831907
1767424,863,0,0,-0.0017615743214264511,9.941332924365998,4.8594821214675905,0.016358983578183037,0.0002,0.006,0,0,0,451.87369576369656,0.073974609375,0.8139010071754456,131.28241724967955,0,0,0,0,0
1769472,864,484.55015204945175,706.9,0.0005336010828614235,10.91007583141327,5.478589737415314,0.04247024386496506,0.0002,0.006,0.1,0.1,0.8,429.51369539096794,0.17001953125,0.9532672166824341,119.065754032135,4.769357032018997,0.5927849027645621,0.0,0,0.9372937659008065
1771520,865,0,0,0.0009257766650989652,10.978682971000671,4.787980246543884,0.015020020300297107,0.0002,0.006,0,0,0,425.0517509148084,0.083837890625,0.8111348152160645,111.95727865695953,0,0,0,0,0
1773568,866,444.72270685002184,626.5,-0.0036740916664712133,22.582168197631837,4.8794061779975895,0.014249798067622107,0.0002,0.006,0.2,0.1,0.6,444.8144028582676,0.085986328125,0.7059780359268188,120.54117274284363,4.848167498173429,0.5243517052762261,0.0,0,0.8248545729614738
1775616,867,0,0,-0.00047621064586564896,20.048427438735963,5.787676465511322,0.011880997706619096,0.0002,0.006,0,0,0,330.295663857812,0.053564453125,0.9406787157058716,99.08396365642548,0,0,0,0,0
1777664,868,473.60424920938976,600.9,-0.0036220184760168196,64.20953178405762,4.918354177474976,0.013039224033139665,0.0002,0.006,0.3,0.0,0.7,403.15396421636365,0.076904296875,0.6211071014404297,217.22853555679322,5.4958705161260815,0.5846341322123767,0.0,0,0.8820811197592183
1779712,869,0,0,-0.0034510730591136964,19.927607250213622,4.776780235767364,0.01125858201950176,0.0002,0.006,0,0,0,374.5357440189587,0.05791015625,0.7716813683509827,186.20058114528655,0,0,0,0,0
1781760,870,332.44497391693267,469.1,0.0005221597850322724,20.723252153396608,4.798559165000915,0.021384174592108063,0.0002,0.006,0.6,0.0,0.4,405.33401886738056,0.108154296875,0.8185265064239502,164.58797512054443,4.987674604724455,0.6265842765776332,0.0,0,0.6749808726667642
1783808,871,0,0,-0.004834731086157262,42.845786809921265,5.177806091308594,0.025379729011918685,0.0002,0.006,0,0,0,327.83144496149004,0.112451171875,0.8396238088607788,108.90908975601197,0,0,0,0,0
1785856,872,460.25375679282115,562.5,0.011121374857611954,25.74374599456787,4.710704064369201,0.05742029725007656,0.0002,0.006,0.3,0.0,0.7,343.75469958071614,0.215771484375,0.6709898710250854,101.17897779941559,5.712223689468893,0.6450685264460444,0.0,0,0.7668454294830002
1787904,873,0,0,-0.0015682995319366456,39.49804110527039,4.608014786243439,0.01888005626389029,0.0002,0.006,0,0,0,366.5104907066696,0.101708984375,0.5557914972305298,150.2405170440674,0,0,0,0,0
1789952,874,471.58448041783333,589.6,-0.005615833518095315,36.19121432304382,5.119421672821045,0.013918605893569585,0.0002,0.006,0.2,0.1,0.7,301.70711300833295,0.0560546875,0.8630620241165161,152.3670373916626,5.992732314430891,0.6552623965594211,0.0,0,0.8806576482928623
1792000,875,0,0,0.003369960212148726,34.78494071960449,4.629809176921844,0.0407353181919536,0.0002,0.006,0,0,0,366.2382779728766,0.12880859375,0.7627535462379456,308.8348359107971,0,0,0,0,0
1794048,876,325.0567515629843,434.4,-0.00028556573670357466,53.91557998657227,4.833324801921845,0.02196630603867763,0.0002,0.006,0.4,0.1,0.5,364.19256037544596,0.12138671875,0.6948086023330688,437.88949127197264,6.324922143530982,0.7699229306976453,0.0,0,0.8125639424025062
1796096,877,0,0,-0.0037993201287463306,34.355171251296994,4.6877615571022035,0.011524731555990968,0.0002,0.006,0,0,0,394.21319046461247,0.06318359375,0.838047981262207,244.6627960205078,0,0,0,0,0
1798144,878,255.78668159268506,334.8,0.002100773388519883,63.07380924224854,4.951716411113739,0.03613811578253158,0.0002,0.006,0.3,0.4,0.3,335.0960112777246,0.185302734375,0.7729299068450928,228.9557991027832,6.285430447177001,0.6998204510672593,0.0,0,0.5927591157704969
1800192,879,0,0,-0.005314855044707656,61.180341720581055,4.763891696929932,0.015528048534197435,0.0002,0.006,0,0,0,378.5868330992306,0.07744140625,0.7236037254333496,214.0279829978943,0,0,0,0,0
1802240,880,390.5242776209678,521.6,-0.004984962404705584,67.35921249389648,4.711102795600891,0.011838322479904332,0.0002,0.006,0.3,0.1,0.6,315.7050217988811,0.06494140625,0.7200125455856323,210.22765913009644,6.088439840332793,0.7280872915035668,0.0,0,0.8027191490250137
1804288,881,0,0,-0.004156487679574638,69.07278594970703,4.749548184871673,0.010561363848692194,0.0002,0.006,0,0,0,414.7116176285354,0.05576171875,0.7153663039207458,240.00070905685425,0,0,0,0,0
1806336,882,371.53898491013206,434.0,-0.0034995660418644546,74.95190496444702,4.657029569149017,0.01728432455348476,0.0002,0.006,0.3,0.2,0.5,387.6791728677754,0.099072265625,0.6913771629333496,307.9234487533569,6.592894294032424,0.615260302843217,0.0,0,0.8036107046465755
1808384,883,0,0,0.00021211140556260944,55.33060569763184,4.819359636306762,0.02779371646066775,0.0002,0.006,0,0,0,323.6159742431369,0.136181640625,0.7942006587982178,257.451136302948,0,0,0,0,0
1810432,884,400.6561508545661,416.0,0.0018582629272714257,53.12575340270996,4.766344964504242,0.017847497347985044,0.0002,0.006,0.3,0.0,0.7,341.8997964864772,0.108056640625,0.8123049736022949,220.08138303756715,6.999431628579414,0.5939858690909491,0.0,0,0.8321925576861247
1812480,885,0,0,-0.00252385021885857,77.9106107711792,4.769264018535614,0.008291180785466232,0.0002,0.006,0,0,0,330.45397343152905,0.035888671875,0.6868757009506226,278.57657117843627,0,0,0,0,0
1814528,886,335.0462474191734,368.0,0.004925328097306192,53.746967029571536,5.681035840511322,0.028348173102139884,0.0002,0.006,0.5,0.1,0.4,347.3304356292737,0.1076171875,0.8485059142112732,194.68111591339112,6.739945804019551,0.4601083581623516,0.0,0,0.6725347678532684
1816576,887,0,0,0.003363339463248849,54.642629051208495,4.698858797550201,0.043910079577483316,0.0002,0.006,0,0,0,375.11527423820996,0.1962890625,0.8160299062728882,370.5170878410339,0,0,0,0,0
1818624,888,429.3018930895012,459.5,4.7502503730356696e-05,87.0725254058838,4.606558072566986,0.020357895107018652,0.0002,0.006,0.4,0.1,0.5,335.20790743914347,0.10986328125,0.7570533156394958,262.3099967956543,6.82388499683519,0.5655144151453945,0.0,0,0.8041332407043263
1820672,889,0,0,-0.002199109294451773,112.76064414978028,4.761445319652557,0.016465603356492,0.0002,0.006,0,0,0,378.8898685797913,0.090869140625,0.684752881526947,384.90346326828,0,0,0,0,0
1822720,890,346.39177567344717,334.7,-0.005077222571708262,79.70719833374024,4.986681842803955,0.010500650190820016,0.0002,0.006,0.5,0.1,0.4,325.95659947798737,0.0548828125,0.8060306310653687,359.6035724639893,7.707611750818056,0.45575687157806444,0.0,0,0.7271765840229494
1824768,891,0,0,-0.00318510418292135,93.05400009155274,4.542994964122772,0.012500729609027275,0.0002,0.006,0,0,0,344.7931124020859,0.059033203125,0.8071508407592773,500.94459342956543,0,0,0,0,0
1826816,892,418.5351701361675,426.3,-0.001810293470043689,83.57810878753662,4.422635221481324,0.010195372800828462,0.0002,0.006,0.1,0.1,0.8,322.55311528977245,0.045703125,0.7707574367523193,294.9780842781067,7.139767770860729,0.5859851119227959,0.0,0,0.8804123398089381
1828864,893,0,0,0.0010265865013934672,130.68770866394044,4.500791299343109,0.025168569706159043,0.0002,0.006,0,0,0,332.06659690766713,0.129150390625,0.7791596055030823,278.5972951889038,0,0,0,0,0
1830912,894,434.07116601746304,443.5,-0.0025074265780858696,106.73738708496094,4.403694224357605,0.013688088709035377,0.0002,0.006,0.3,0.1,0.6,314.0877927771178,0.062744140625,0.7624099850654602,344.7373695373535,7.232631141306564,0.5367322388794727,0.0,0,0.7782370889153736
1832960,895,0,0,0.0023889622651040556,134.13381423950196,4.167300617694854,0.026321071431474597,0.0002,0.006,0,0,0,356.3882432639205,0.1244140625,0.7498193979263306,381.2097345352173,0,0,0,0,0
1835008,896,377.06633537545366,397.0,0.0017864351277239621,80.03447704315185,4.271919643878936,0.02082105300507648,0.0002,0.006,0.3,0.2,0.5,282.49082216833847,0.119384765625,0.7830688953399658,301.9267417907715,7.392279837282828,0.6021696461493831,0.0,0,0.7562507374358638
1837056,897,0,0,-0.0021243278170004487,100.85261192321778,4.278919064998627,0.012589622160901781,0.0002,0.006,0,0,0,327.5279705678608,0.05625,0.7796785831451416,549.7756484985351,0,0,0,0,0
1839104,898,269.68997812248585,271.5,-0.002000988321378827,128.3305149078369,4.408362329006195,0.019257544109147557,0.0002,0.006,0.5,0.3,0.2,259.44774818480334,0.106591796875,0.7594223022460938,516.4275941848755,7.660516956150493,0.6299755904560355,0.0,0,0.515135362564195
1841152,899,0,0,-0.0004075817530974746,121.18166389465333,4.365685963630677,0.017573509868866525,0.0002,0.006,0,0,0,324.75371806141953,0.099951171875,0.7483202219009399,283.49216213226316,0,0,0,0,0
1843200,900,262.5011155170281,296.1,-0.001099987397901714,113.50997390747071,4.266005635261536,0.018638394784665554,0.0002,0.006,0.5,0.2,0.3,349.6359887988638,0.10517578125,0.6886426210403442,479.6126188278198,6.941789215756117,0.48852629523816304,0.0,0,0.5775365619220034
1845248,901,0,0,0.013369792047888041,84.22614326477051,4.531631565093994,0.06581377744734086,0.0002,0.006,0,0,0,314.15378511746735,0.2310546875,0.8008807301521301,259.11049642562864,0,0,0,0,0
1847296,902,321.79361946014507,388.0,0.003190380521118641,98.24500370025635,4.30042735338211,0.03219092693181398,0.0002,0.006,0.5,0.1,0.4,285.0795114715508,0.1486328125,0.7335777878761292,403.8796606063843,7.226778200568097,0.619445225436414,0.0,0,0.7107503293686468
1849344,903,0,0,-0.004204823193140328,91.2533676147461,4.634747409820557,0.018336306835428876,0.0002,0.006,0,0,0,312.50562412541416,0.094921875,0.8012473583221436,368.15289440155027,0,0,0,0,0
1851392,904,381.6382680288196,396.4,-0.008120798994787038,70.46125411987305,4.555354988574981,0.027181631024012342,0.0002,0.006,0.4,0.0,0.6,375.62364131106153,0.112744140625,0.7881004214286804,266.95526762008666,7.617358336270779,0.5369770111743183,0.0,0,0.8401512623792826
1853440,905,0,0,0.012626928254030645,91.11593952178956,4.13276777267456,0.07853921460920776,0.0002,0.006,0,0,0,281.70287807101516,0.256982421875,0.7128756046295166,323.15001821517944,0,0,0,0,0
1855488,906,300.0209055680562,292.6,0.0034579293453134595,93.60324468612671,4.659870445728302,0.029974290099938915,0.0002,0.006,0.6,0.0,0.4,297.0202484636519,0.165576171875,0.7416402101516724,312.88037157058716,8.10236878489512,0.3666498439362115,0.0,0,0.6437904599439073
1857536,907,0,0,-0.005489081644918769,70.10461101531982,4.459618580341339,0.018834174016969185,0.0002,0.006,0,0,0,323.24687255328666,0.098681640625,0.7976505160331726,232.01819038391113,0,0,0,0,0
1859584,908,300.0241936809746,308.1,0.01053246104856953,128.10207424163818,4.3090739250183105,0.045076497388810685,0.0002,0.006,0.7,0.0,0.3,323.7788663213175,0.19775390625,0.7922166585922241,508.6826877593994,7.988631427501825,0.3595301137720466,0.0,0,0.661937205092026
1861632,909,0,0,-0.006379535933956504,101.11589736938477,4.214442026615143,0.008953262495936129,0.0002,0.006,0,0,0,343.2996193221847,0.0484375,0.8424742817878723,470.6480175018311,0,0,0,0,0
1863680,910,383.61149889808325,392.8,-0.002977283240761608,152.6110107421875,4.142821907997131,0.006907150550994387,0.0002,0.006,0.3,0.1,0.6,340.3936800577794,0.039990234375,0.7350393533706665,655.9555171966553,8.069710619810964,0.3660345025338968,0.0,0,0.7440565286238597
1865728,911,0,0,-9.78405587375164e-06,121.98930149078369,4.2911614060401915,0.02267400731217332,0.0002,0.006,0,0,0,339.1323535478943,0.132080078125,0.6856944561004639,398.86967582702636,0,0,0,0,0
1867776,912,314.8525714865154,325.8,0.004714701266493648,115.92515392303467,4.325587296485901,0.03277723369248042,0.0002,0.006,0.7,0.0,0.3,307.4623649956121,0.153662109375,0.6616019010543823,328.5484283447266,8.038323819037931,0.40259088090825595,0.0,0,0.7264707779965306
1869824,913,0,0,0.04361311217071488,69.49999685287476,4.464567065238953,0.20964788298299145,0.0002,0.006,0,0,0,325.5641139352697,0.387548828125,0.7759884595870972,248.51136503219604,0,0,0,0,0
1871872,914,325.50132707722366,386.1,0.019059685710817575,82.64510669708253,4.358009505271911,0.07728629767663418,0.0002,0.006,0.6,0.0,0.4,326.29470630479864,0.27119140625,0.7659686207771301,257.00204219818113,7.326913311079207,0.4178851096300673,0.0,0,0.739194555524412
1873920,915,0,0,-0.0013837695587426424,76.1866044998169,4.815514445304871,0.016610899975067737,0.0002,0.006,0,0,0,369.98150474648105,0.08857421875,0.7086158990859985,262.37585067749023,0,0,0,0,0
1875968,916,326.93140103241797,304.5,-0.004548881750088185,114.02681159973145,4.921098291873932,0.021677852488495915,0.0002,0.006,0.5,0.1,0.4,257.63487856951866,0.1083984375,0.5521412491798401,208.59671306610107,8.555042638299023,0.3821728465518877,0.0,0,0.6528998337413776
1878016,917,0,0,-0.006808196799829603,73.92021617889404,4.837959778308869,0.023170081368907018,0.0002,0.006,0,0,0,257.69975661737664,0.118408203125,0.716621994972229,157.42963066101075,0,0,0,0,0
1880064,918,313.8376323116152,339.3,-0.005708347738254816,66.37787590026855,4.843190765380859,0.015437861101250635,0.0002,0.006,0.4,0.2,0.4,313.9951286885387,0.080078125,0.7054445743560791,186.63460597991943,7.8824426653746595,0.42998884732712517,0.0,0,0.6883260637224002
1882112,919,0,0,-0.006937177758663893,163.6154872894287,4.52829532623291,0.01916648678599319,0.0002,0.006,0,0,0,317.2960069230896,0.108544921875,0.576041042804718,569.3843868255615,0,0,0,0,0
1884160,920,369.9936450881279,402.6,-0.0030154336243867876,150.59418563842775,4.427562940120697,0.008210632230121112,0.0002,0.006,0.5,0.0,0.5,282.8588625279325,0.03525390625,0.5865160226821899,545.2349327087402,7.96018269281186,0.39941571216328964,0.0,0,0.7817162763636702
1886208,921,0,0,-0.005359270959161222,139.37737731933595,4.497574150562286,0.012922147450641311,0.0002,0.006,0,0,0,313.59205539326405,0.054296875,0.6094073057174683,326.5496304512024,0,0,0,0,0
1888256,922,361.7151211382099,379.5,-0.0035401296336203814,86.36855812072754,4.4032703042030334,0.012903357861810624,0.0002,0.006,0.4,0.0,0.6,304.0631102480703,0.074560546875,0.7316606044769287,229.01793422698975,7.812393637259836,0.31405427138841174,0.0,0,0.8205525598866267
1890304,923,0,0,0.0027498992625623942,67.23381786346435,4.581479454040528,0.03564437611495587,0.0002,0.006,0,0,0,345.64492893582724,0.14560546875,0.7341382503509521,358.09955949783324,0,0,0,0,0
1892352,924,368.7272411617559,367.7,0.007439541327767074,84.30559768676758,4.655437886714935,0.040935907023979215,0.0002,0.006,0.4,0.2,0.4,302.6011494140308,0.222900390625,0.7071813941001892,286.066827583313,8.073642461961606,0.3226522169460231,0.0,0,0.7290162743621007
1894400,925,0,0,-0.002564227906987071,165.25112762451172,4.497328460216522,0.011573234340190577,0.0002,0.006,0,0,0,344.2199674507288,0.070068359375,0.7034714818000793,448.2313413619995,0,0,0,0,0
