step,episode,ep_reward_mean,ep_len_mean,policy_loss,value_loss,entropy,approx_kl,learning_rate,entropy_coef,collision_rate,offroad_rate,success_rate,fps,clipfrac,explained_variance,grad_norm,avg_speed,lane_deviation,lane_change_count,min_ttc,path_completion
4096,1,0,0,-0.001581480511231348,0.010121135337976738,3.278893831372261,0.024816938786536135,0.0001,0.02,0,0,0,303.23785093804554,0.217724609375,-0.006704568862915039,2.1436958331614733,0,0,0,0,0
8192,2,5.389556962752824,1000.0,-0.007513065007515252,0.011568668036488816,3.4123588383197783,0.024590697296663445,0.0001,0.0199616,0.0,0.0,0.0,338.3943205891447,0.2426025390625,0.05616462230682373,2.1258749276399613,0.12471843571790342,0.5368490637022368,0.0,0,0.020461944667253432
12288,3,0,0,-0.012192301155300811,0.016952589165885,3.503648337721825,0.03192939534637981,0.0001,0.019923200000000002,0,0,0,309.557059287169,0.3030517578125,0.18619376420974731,1.9594547800719737,0,0,0,0,0
16384,4,1.9865477570834187,1000.0,0.00905604352010414,128.6855068206787,3.4830751329660417,0.03402628465264762,0.0001,0.0198848,0.1,0.0,0.0,318.6395638469985,0.1724365234375,0.002210080623626709,15.08096584379673,0.15288911709792313,0.41684634748961347,0.0,0,0.02861905446531704
20480,5,0,0,-0.0006071397801861167,221.33138790130616,3.5225425899028777,0.0030849509563287717,0.0001,0.0198464,0,0,0,302.09152468740456,0.022314453125,0.017679691314697266,29.97715159058571,0,0,0,0,0
24576,6,-300.46142738832395,970.6,0.0009496788843534887,191.4539665222168,3.481493800878525,0.004124119191512593,0.0001,0.019808,0.4,0.0,0.0,294.68493059328006,0.03203125,0.02668660879135132,28.134913820028306,0.1645062058663619,0.5733197170973976,0.0,0,0.025061640129180874
28672,7,0,0,0.00014676370774395763,80.13376755714417,3.4807614892721177,0.004513736842183523,0.0001,0.019769600000000002,0,0,0,295.62441702137136,0.0406494140625,0.03262251615524292,16.035005605220796,0,0,0,0,0
32768,8,-360.8482155877102,973.9,-0.0008291310048662126,260.78501014709474,3.490421751141548,0.002700248259681745,0.0001,0.0197312,0.4,0.0,0.0,314.17318030532454,0.0167236328125,0.1244586706161499,65.43919732570649,0.17803243136133146,0.5373968797736082,0.0,0,0.03296379714105055
36864,9,0,0,-7.598019437864423e-05,77.1443238735199,3.4718501567840576,0.0021061600863064136,0.0001,0.0196928,0,0,0,286.5485383394689,0.0159912109375,0.10705381631851196,39.824359917640685,0,0,0,0,0
40960,10,-248.90302808562782,941.7,-0.00023860505607444792,148.05911979675292,3.512448659539223,0.0023159484207425723,0.0001,0.0196544,0.6,0.0,0.0,271.09278798853506,0.014013671875,0.17335069179534912,52.58140802383423,0.18349977974706322,0.6374124534939597,0.0,0,0.03387842679429234
45056,11,0,0,-0.0003110654331976548,3.2158208295702932,3.50749571621418,0.012048628427193796,0.0001,0.019616,0,0,0,324.7690598213851,0.105908203125,0.7103363275527954,54.01339864432812,0,0,0,0,0
49152,12,-165.39020829642746,991.6,0.012674827888258734,1.8961988262832166,3.3940263032913207,0.05943748149075112,0.0001,0.0195776,0.2,0.0,0.0,302.62199619619923,0.2197998046875,0.762890100479126,29.84462564587593,0.17008641651738818,0.41446529087068174,0.0,0,0.034019564714136495
53248,13,0,0,0.005371387844206765,81.88920788764953,3.5576683461666105,0.022052749900469376,0.0001,0.0195392,0,0,0,301.2046380958392,0.1479736328125,0.2071622610092163,70.6722537457943,0,0,0,0,0
57344,14,-72.54552400930048,991.9,-0.0001307218335568905,32.658376288414004,3.6813742876052857,0.016261893069533215,0.0001,0.0195008,0.2,0.0,0.0,321.7499748057364,0.1275146484375,0.516891598701477,62.05663331747055,0.18323140098403762,0.3889688594633696,0.0,0,0.03756851635875559
61440,15,0,0,-0.0007563053979538382,38.04160828590393,3.777572605013847,0.01636684297559579,0.0001,0.0194624,0,0,0,287.2357782138363,0.1198974609375,0.44139063358306885,75.09356825351715,0,0,0,0,0
65536,16,12.37256289421708,1000.0,0.0018572233209852129,1.3674040369689464,3.680685368180275,0.011717967715050518,0.0001,0.019424,0.0,0.0,0.0,277.0853774288017,0.088525390625,0.8889628052711487,53.63984267115593,0.16417826508523756,0.5816718643166994,0.0,0,0.030793329971672466
69632,17,0,0,-0.0003686517244204879,108.88798780441284,3.6921028584241866,0.004094418155547626,0.0001,0.0193856,0,0,0,303.9423692573009,0.0349853515625,0.4118608832359314,125.07565970420838,0,0,0,0,0
73728,18,-30.38298591151289,1000.0,-0.0010352162120398135,1.2573460713028908,3.6673581928014753,0.013903304733505012,0.0001,0.019347200000000002,0.1,0.0,0.0,300.14128907612087,0.10185546875,0.7819145917892456,41.00490444898605,0.1798126092224071,0.5115687824907094,0.0,0,0.03545996766614933
77824,19,0,0,0.014864322170615197,1.313243391364813,3.6648920476436615,0.045348060917196065,0.0001,0.0193088,0,0,0,248.99394280664137,0.263818359375,0.9069662094116211,51.105914117395876,0,0,0,0,0
81920,20,-87.65880956371775,993.8,0.01914593963883817,4.799924956262112,3.6804851293563843,0.12136550291034087,0.0001,0.0192704,0.2,0.0,0.0,283.17944606612707,0.3407470703125,0.6751730442047119,35.99319361746311,0.19999354684410725,0.40088437562698226,0.0,0,0.04244464439805879
86016,21,0,0,0.006613941333489493,0.6513658739626408,3.527247053384781,0.04618801344477278,0.0001,0.019232,0,0,0,241.44822229933257,0.2030029296875,0.8416087031364441,24.69827577471733,0,0,0,0,0
90112,22,22.910048607460826,1000.0,0.001483448880026117,77.97621784210205,3.7001654118299485,0.00652460205892734,0.0001,0.0191936,0.0,0.0,0.0,308.67750059876346,0.060693359375,0.46166735887527466,150.2242214679718,0.22901427216443787,0.4887926926258503,0.0,0,0.05106911653059474
94208,23,0,0,0.010556839720811695,1.402223949506879,3.749463212490082,0.04219692320266648,0.0001,0.0191552,0,0,0,313.32926872750744,0.22470703125,0.9153627157211304,38.70957950204611,0,0,0,0,0
98304,24,11.97336309381637,966.1,0.012249500543111936,1.4772373527288436,3.9164596259593965,0.031128880847247298,0.0001,0.0191168,0.1,0.0,0.0,286.1816422373738,0.2443115234375,0.9015127420425415,32.02475292384624,0.20010617628904565,0.6798382123665837,0.0,0,0.038083864022090366
102400,25,0,0,0.0024326285813003777,0.5823407948017121,3.8809400588274,0.016240082250443724,0.0001,0.0190784,0,0,0,326.86620733433614,0.1362548828125,0.8811599016189575,15.60164285004139,0,0,0,0,0
106496,26,10.386882011751,897.5,0.0006735215079970658,0.5177767211571336,3.7909345120191573,0.013236248632166676,0.0001,0.01904,0.2,0.0,0.0,284.0763960993666,0.098681640625,0.9160991907119751,16.258082330226898,0.23755170675434986,0.8703937240820574,0.0,0,0.04371697769338667
110592,27,0,0,0.004709959600586444,0.40048902984708545,3.752547463774681,0.02624888421996881,0.0001,0.0190016,0,0,0,292.81149605094333,0.190673828125,0.8573122024536133,7.678495581448078,0,0,0,0,0
114688,28,-28.59750529667597,952.8,0.003261029632994905,19.76593679189682,3.9557101845741274,0.028428078252183686,0.0001,0.0189632,0.3,0.0,0.0,288.39413726849625,0.233935546875,-0.0550154447555542,5.813243931531906,0.29090141325012364,0.9516725144038307,0.0,0,0.04650022642180619
118784,29,0,0,0.005881031905300915,0.12938351398333908,4.016236883401871,0.02930483229283848,0.0001,0.018924800000000002,0,0,0,306.4472330324378,0.2322998046875,0.5936296582221985,3.2844268936663865,0,0,0,0,0
122880,30,-110.4415621989527,867.1,0.0005667541117873043,0.12599513037130236,4.174230036139488,0.027868219628000956,0.0001,0.0188864,0.6,0.0,0.0,328.34877464770375,0.209326171875,0.1589307188987732,2.5470657788217066,0.34674196259295215,1.2466781797144142,0.0,0,0.0665702419890527
126976,31,0,0,0.006015833490528167,41.33765594959259,4.21536460518837,0.041881500638557785,0.0001,0.018848,0,0,0,319.13080559872634,0.2410400390625,-0.03897368907928467,7.484272895753383,0,0,0,0,0
131072,32,-48.62228758271044,924.9,-0.0030779805267229675,0.2557579029351473,4.318548768758774,0.028573238305400338,0.0001,0.0188096,0.5,0.0,0.0,289.83506578867457,0.2138427734375,-0.08529806137084961,2.700653377920389,0.3876121454750744,1.0958736528477035,0.0,0,0.0904231937982946
135168,33,0,0,0.007280696695670485,51.51046237945557,4.379732424020768,0.036466853605818236,0.0001,0.018771200000000002,0,0,0,273.73216919689474,0.2703369140625,-0.0019286870956420898,9.730202067643404,0,0,0,0,0
139264,34,-54.16131148367199,693.2,0.007167779409792274,31.6620934009552,4.419423377513885,0.035437890417463085,0.0001,0.0187328,0.7,0.0,0.0,296.40488304366033,0.1990478515625,-0.0004652738571166992,5.0538932211697105,0.374430799340312,1.0553877025859233,0.0,0,0.05305329197562342
143360,35,0,0,0.007216699852142483,93.0067967414856,4.434450954198837,0.036437308976021224,0.0001,0.0186944,0,0,0,275.8687524665592,0.1550537109375,-0.0002626180648803711,23.35794423520565,0,0,0,0,0
147456,36,-115.14509815546285,780.8,0.002075843169586733,98.55531635284424,4.556932544708252,0.00787187974347231,0.0001,0.018656,0.7,0.0,0.0,257.15564122419534,0.0662109375,-0.0002651214599609375,21.016187073290347,0.3872406485734123,1.1209174626269827,0.0,0,0.06268395206039236
151552,37,0,0,0.0049015980621334165,61.563209247589114,4.5575463950634,0.022860609048804173,0.0001,0.0186176,0,0,0,293.2021950191394,0.1703125,-0.00014412403106689453,6.499949265271425,0,0,0,0,0
155648,38,-110.37007780919535,764.5,0.002033715834841132,73.148970413208,4.543138581514358,0.017908769211137397,0.0001,0.0185792,0.8,0.0,0.0,321.80085294358895,0.1515380859375,-0.0001552104949951172,7.494983214139938,0.3552991054736348,1.1103759617175322,0.0,0,0.057031211466849564
159744,39,0,0,0.007937658485025168,54.13026394844055,4.745884037017822,0.044074490280765835,0.0001,0.0185408,0,0,0,275.0759484232192,0.177587890625,-0.00016689300537109375,5.169100725650788,0,0,0,0,0
163840,40,-117.45563916192732,994.4,0.0033511537651065735,39.681046628952025,4.903782051801682,0.043389155197659006,0.0001,0.018502400000000002,0.6,0.0,0.0,288.54536362350433,0.278515625,-9.715557098388672e-05,4.460291191190481,0.30509671512910636,1.364699729133706,0.0,0,0.058233115843415686
167936,41,0,0,0.004945344279985875,33.42505309581757,4.872366571426392,0.031861073977781484,0.0001,0.018464,0,0,0,294.14198060726676,0.21240234375,-0.00014662742614746094,4.858515553176403,0,0,0,0,0
172032,42,-144.82046961187342,961.3,0.011322894674958662,29.911319041252135,4.803328138589859,0.049024832998113,0.0001,0.0184256,0.7,0.0,0.0,290.0112165646215,0.3198486328125,-9.071826934814453e-05,5.313121871650219,0.32965961389606324,1.4712587553063143,0.0,0,0.05144705482206387
176128,43,0,0,0.003504403348779306,90.38680200576782,4.680673605203628,0.017201098224180107,0.0001,0.0183872,0,0,0,294.10796569928607,0.1350830078125,-7.87973403930664e-05,14.176750038564204,0,0,0,0,0
180224,44,-102.1946334040449,1000.0,0.0035983197507448495,58.4739173412323,5.0061078608036045,0.02449017872568391,0.0001,0.018348800000000002,0.5,0.0,0.0,300.88897403049174,0.1962646484375,-5.91278076171875e-05,5.272905208915472,0.2812263337618034,1.4107189299262868,0.0,0,0.03870660137033423
184320,45,0,0,0.006446677737403661,60.90250720977783,5.146299743652344,0.02744830780430017,0.0001,0.0183104,0,0,0,304.2435584923409,0.220751953125,-3.1828880310058594e-05,6.025447844713926,0,0,0,0,0
188416,46,-136.38431603677955,747.0,0.003840798162855208,18.741874706745147,4.83566781282425,0.020722459135870105,0.0001,0.018272,0.9,0.0,0.0,298.89133927913576,0.15595703125,0.0004290342330932617,7.067544804140925,0.3378586922351348,1.3129409336859703,0.0,0,0.04429734844528447
192512,47,0,0,0.0038018615858163686,83.25846848487853,5.123856449127198,0.016357023346068002,0.0001,0.0182336,0,0,0,293.53154547568676,0.135107421875,1.9609928131103516e-05,12.63113656193018,0,0,0,0,0
196608,48,-241.6653931605994,751.2,0.008918903922312893,55.31871438026428,4.818897008895874,0.0380051081403522,0.0001,0.0181952,0.9,0.1,0.0,332.29264822449056,0.257275390625,-1.0609626770019531e-05,4.722957951575518,0.32715391180716563,1.7182233874295736,0.0,0,0.0358757782253374
200704,49,0,0,0.010947692225454376,123.90327959060669,4.552840721607208,0.052663882591880276,0.0001,0.0181568,0,0,0,331.35146202231044,0.177685546875,0.0016500353813171387,22.64232831299305,0,0,0,0,0
204800,50,-144.88264276974857,973.2,0.008055523812072352,91.84220714569092,4.515859532356262,0.030554321581441325,0.0001,0.0181184,0.7,0.1,0.0,287.3702022966139,0.2385498046875,4.208087921142578e-05,8.388877926766872,0.30878043262576244,1.501052094444116,0.0,0,0.022022144317420597
208896,51,0,0,0.0071096559695433825,147.53722400665282,4.884166115522385,0.018332775023012154,0.0001,0.01808,0,0,0,276.2105810133813,0.1380615234375,0.00014448165893554688,34.07567525207996,0,0,0,0,0
212992,52,-204.03016036745416,982.5,0.0021389925968833268,38.255389714241026,4.744273620843887,0.008433431351661465,0.0001,0.0180416,0.9,0.0,0.0,307.896468002754,0.06083984375,4.565715789794922e-05,15.821846468746662,0.3101976091948489,1.599274300721313,0.0,0,0.026678181209854428
217088,53,0,0,0.0008647686336189508,132.5519995689392,4.810490512847901,0.00783635038060639,0.0001,0.0180032,0,0,0,357.1585138724812,0.0629150390625,0.0015922188758850098,21.595744730532168,0,0,0,0,0
221184,54,-232.9881966589076,761.2,0.0021592817676719276,103.1981614112854,4.511498200893402,0.014957699347725544,0.0001,0.0179648,1.0,0.0,0.0,327.81802061056055,0.1264404296875,0.0010764598846435547,7.93325884193182,0.3584063320904362,1.4895844940251355,0.0,0,0.03136342481963133
225280,55,0,0,0.0018872024345910176,126.35297565460205,4.6118220567703245,0.010214556128996948,0.0001,0.017926400000000002,0,0,0,278.55810069014836,0.0810546875,0.010958492755889893,15.186704248189926,0,0,0,0,0
229376,56,-230.75973729044622,861.3,0.0005905669881030917,138.93566522598266,4.729984599351883,0.006972175140983615,0.0001,0.017888,0.9,0.0,0.0,299.16950373113184,0.05595703125,0.02792304754257202,20.04299585223198,0.35514838808810145,1.5552751851228233,0.0,0,0.0397981724623495
233472,57,0,0,0.0010496136354049667,72.5714303970337,4.7391586065292355,0.012370095722146613,0.0001,0.0178496,0,0,0,315.4043131115526,0.099609375,0.05270743370056152,15.060897636413575,0,0,0,0,0
237568,58,-161.4927140807089,632.8,0.0009093900793232023,86.15750160217286,4.740002298355103,0.009341989980025433,0.0001,0.0178112,1.0,0.0,0.0,319.74969074032276,0.0773681640625,0.11927759647369385,21.9766767680645,0.489091416968389,1.3760890996534807,0.0,0,0.05969210223605133
241664,59,0,0,0.000968304806156084,107.01815567016601,4.676624429225922,0.004973326324401508,0.0001,0.017772800000000002,0,0,0,314.28614050131694,0.038427734375,0.21195697784423828,35.256413233280185,0,0,0,0,0
245760,60,-125.68590816492403,628.8,-0.0004127217282075435,101.98601474761963,4.475679409503937,0.0015268604198377886,0.0001,0.0177344,1.0,0.0,0.0,280.5830538042844,0.007275390625,0.36282771825790405,55.11661741733551,0.6008663476545146,1.266601289931128,0.0,0,0.05796228333203518
249856,61,0,0,-0.00035686854971572757,111.9333327293396,4.704346776008606,0.0014099077915967196,0.0001,0.017696,0,0,0,284.61478361408194,0.007666015625,0.4224907159805298,58.12877676486969,0,0,0,0,0
253952,62,-235.91540211725842,721.6,7.321904413402081e-05,136.53323469161987,4.775346755981445,0.0015827714002079898,0.0001,0.017657600000000002,0.9,0.0,0.0,310.65471293911685,0.012060546875,0.40467458963394165,88.3828372001648,0.42503239176580276,1.5354552932316878,0.0,0,0.04918179537110384
258048,63,0,0,-0.00011682633776217699,90.32213106155396,4.7324920177459715,0.003938601426856368,0.0001,0.0176192,0,0,0,279.6059450535631,0.034619140625,0.508018970489502,98.23926498889924,0,0,0,0,0
262144,64,-235.94370288620544,816.8,-0.0006955431250389666,65.95498976707458,4.888941931724548,0.006564689881636355,0.0001,0.0175808,1.0,0.0,0.0,290.4673991482917,0.0566650390625,0.5949583649635315,82.58981337547303,0.3769318451526582,1.6552118620509357,0.0,0,0.05972783596459276
266240,65,0,0,7.164912531152368e-05,110.89261560440063,4.89210324883461,0.0028371959539774186,0.0001,0.0175424,0,0,0,299.6283078004935,0.02490234375,0.5611429810523987,140.6318460702896,0,0,0,0,0
270336,66,-108.10294277078076,876.0,0.00029400966595858333,86.63682746887207,4.799920743703842,0.00491130130958906,0.0001,0.017504000000000002,0.5,0.0,0.0,321.16957884757306,0.0425537109375,0.6442451477050781,86.12474863529205,0.43865787863462913,1.4017735760508834,0.0,0,0.07286478337436525
274432,67,0,0,-0.00027293823659420015,113.36943197250366,4.902519887685775,0.004155451207046498,0.0001,0.0174656,0,0,0,334.57024356723923,0.0373291015625,0.6530938148498535,104.466726064682,0,0,0,0,0
278528,68,-62.2243213675657,926.3,0.0013144053460564463,130.8927921295166,5.020366764068603,0.00390696254553623,0.0001,0.0174272,0.4,0.0,0.0,239.07549143051173,0.031689453125,0.6041624546051025,164.0015774011612,0.39772807030167023,1.3442916217314593,0.0,0,0.0823733975786003
282624,69,0,0,0.0009455479332245887,30.65041160583496,4.679925584793091,0.008079542417592874,0.0001,0.0173888,0,0,0,274.0849681676921,0.0698974609375,0.8098012804985046,117.916184592247,0,0,0,0,0
286720,70,-19.933745085993316,683.9,-0.0011665462283417583,82.45258255004883,4.268445825576782,0.0034482777518889647,0.0001,0.017350400000000002,0.4,0.2,0.0,303.0391723799599,0.03095703125,0.7222830653190613,147.0254610300064,1.3696546614877154,1.0792798109904365,0.0,0,0.13973869820424256
290816,71,0,0,0.00010681729181669653,70.76478023529053,4.756217879056931,0.002975862463019784,0.0001,0.017312,0,0,0,293.1993377808723,0.02587890625,0.7674895524978638,109.02258491516113,0,0,0,0,0
294912,72,-111.08727849093812,724.1,0.0007260482932906597,35.15283493995666,4.327910387516022,0.008602856275685558,0.0001,0.0172736,0.9,0.0,0.0,317.61793285243243,0.071337890625,0.8089653253555298,103.0330952167511,0.7991358205649126,1.2581325276698698,0.0,0,0.0897496719605443
299008,73,0,0,0.007871815195539967,3.9841744780540465,4.519393795728684,0.02799550958698279,0.0001,0.0172352,0,0,0,308.4868315521585,0.214208984375,0.8966095447540283,71.17398428320885,0,0,0,0,0
303104,74,34.647916452735366,868.3,0.00661606207722798,6.289897483587265,4.308852982521057,0.01857877952570808,0.0001,0.0171968,0.2,0.0,0.0,290.8076866507405,0.153564453125,0.7534739375114441,33.86392934918403,0.4831303431799692,0.9195012126437803,0.0,0,0.09508409766735307
307200,75,0,0,0.008582775574177503,1.0258676428347826,4.380159938335419,0.051707808271752434,0.0001,0.0171584,0,0,0,348.1988594637218,0.3319091796875,0.9027246832847595,12.405172398686409,0,0,0,0,0
311296,76,-9.171178063775661,170.0,0.017104226787341758,47.57005572319031,3.9896538466215135,0.05614519312948888,0.0001,0.01712,0.9,0.0,0.0,284.7057442472803,0.315625,0.5392805337905884,31.29015233516693,1.8994218843924386,0.6368331711937841,0.0,0,0.056650363288567075
315392,77,0,0,0.019840057101100685,29.14739809036255,3.029334458708763,0.05620281553310974,0.0001,0.0170816,0,0,0,254.7483448868074,0.354248046875,-0.00997936725616455,8.202944859862328,0,0,0,0,0
319488,78,-37.76153886005095,228.1,0.0008726130472496152,57.187963008880615,3.6649152129888534,0.00516722280736111,0.0001,0.0170432,1.0,0.0,0.0,216.24995039304167,0.040625,0.48526471853256226,95.49863721132279,1.7022300289421988,0.5730578001872879,0.0,0,0.0898186510448609
323584,79,0,0,0.00539239463978447,21.54148267507553,3.102997028827667,0.027089965550113913,0.0001,0.0170048,0,0,0,265.03698611590556,0.23486328125,0.05923980474472046,6.8697740018367766,0,0,0,0,0
327680,80,-0.3912577662184404,327.5,0.007539378071669489,18.426226556301117,3.5964830785989763,0.03702679645066546,0.0001,0.0169664,0.8,0.2,0.0,267.78871695915274,0.2144775390625,0.662631630897522,83.56159756183624,1.80903440041447,0.6706559457991268,0.0,0,0.10911223256312372
331776,81,0,0,0.0015067525731865317,31.49636857509613,3.3220319926738737,0.01090503706036818,0.0001,0.016928,0,0,0,240.1212812348556,0.1026611328125,0.14213556051254272,20.203680312633516,0,0,0,0,0
335872,82,-23.55801040497385,349.1,0.0016427974915131927,63.223513793945315,3.900862404704094,0.010787405451994865,0.0001,0.0168896,0.8,0.0,0.0,253.00591405090972,0.0953125,0.6048267483711243,141.28510122299195,1.503758550658509,0.9111320272906809,0.0,0,0.0792289178507091
339968,83,0,0,-0.00017186547047458588,33.422709941864014,3.873780208826065,0.006519086513437295,0.0001,0.0168512,0,0,0,294.6345336735022,0.0549560546875,0.7233601808547974,77.20479300022126,0,0,0,0,0
344064,84,-99.85652935202154,481.8,0.00023007973795756697,58.24683527946472,4.010348463058472,0.007404810161349308,0.0001,0.016812800000000003,1.0,0.0,0.0,276.75186689725416,0.0583251953125,0.7128362059593201,129.01195431947707,1.201462199135707,1.052664243307153,0.0,0,0.09297729071671143
348160,85,0,0,0.0017118301591835916,44.87312097549439,3.694190043210983,0.006979962942570364,0.0001,0.016774400000000002,0,0,0,282.17935416899354,0.05693359375,0.7586174011230469,72.3293842434883,0,0,0,0,0
352256,86,-155.07436558370276,778.5,0.00043382829171605407,62.65769934654236,4.346466851234436,0.005797016361204127,0.0001,0.016736,0.7,0.0,0.0,294.08601502849183,0.0426025390625,0.7900515794754028,184.3249358654022,0.6554965003465136,1.344955283171251,0.0,0,0.11001289767642479
356352,87,0,0,0.0002058612124528736,76.06779103279113,4.342067354917527,0.0018624954753491338,0.0001,0.0166976,0,0,0,300.49895246981674,0.013427734375,0.7128024101257324,290.13204100131986,0,0,0,0,0
360448,88,-73.88195091444544,635.2,0.0013603171450085939,20.626713824272155,4.0161234676837925,0.008092670666521407,0.0001,0.0166592,0.8,0.0,0.0,289.7625452746883,0.0693115234375,0.8613099455833435,53.25556945800781,0.9031900217970523,1.196097123614516,0.0,0,0.11102704273340655
364544,89,0,0,0.004937732609687373,43.3093343257904,3.6205062836408617,0.03658993476565384,0.0001,0.0166208,0,0,0,261.15600970765934,0.1687255859375,0.6758040189743042,112.1965057849884,0,0,0,0,0
368640,90,-40.41070395166927,661.3,-0.00014731587725691497,34.88519186973572,4.011896622180939,0.004436834306081401,0.0001,0.0165824,0.6,0.0,0.0,321.0205658589263,0.0349853515625,0.8481200933456421,105.70550721883774,0.9111352695344885,1.0713825931107732,0.0,0,0.11957006904613288
372736,91,0,0,-0.0009542860905639827,54.045839881896974,3.760991895198822,0.004104614327799673,0.0001,0.016544,0,0,0,270.9289591419933,0.0343505859375,0.5053640604019165,180.9559276342392,0,0,0,0,0
376832,92,-13.21919155586986,235.7,0.00019875352445524185,54.142288255691525,3.6544975340366364,0.006409551363414969,0.0001,0.016505600000000002,0.9,0.0,0.0,276.5445814024832,0.0491455078125,0.7472328543663025,123.85215681791306,1.5634628856692538,0.6784482638288856,0.0,0,0.07897866724470416
380928,93,0,0,-0.001816297136247158,23.86398607492447,3.1083304792642594,0.012559956571205542,0.0001,0.0164672,0,0,0,246.19926184370775,0.1215576171875,0.3833242654800415,16.64965856075287,0,0,0,0,0
385024,94,-134.68118638399946,372.4,0.0012463663064409048,61.18524899482727,3.758967098593712,0.007624957031299095,0.0001,0.0164288,0.9,0.0,0.0,278.9350643155606,0.0679443359375,0.7685078382492065,151.6611451148987,1.6065001749541985,0.8575056519995146,0.0,0,0.11126952618363299
389120,95,0,0,9.61607147473842e-06,15.68093181848526,3.545258551836014,0.009989276750278473,0.0001,0.0163904,0,0,0,261.6337949372409,0.0792236328125,0.8061473965644836,87.5604743897915,0,0,0,0,0
393216,96,-8.194218830037675,571.5,0.004647616308648139,43.465947604179384,3.6957885175943375,0.016416635207135398,0.0001,0.016352000000000002,0.8,0.0,0.0,271.3958075442164,0.14228515625,0.7379269599914551,85.75796530246734,1.0949393597616524,0.9735418521890905,0.0,0,0.12370515009666935
397312,97,0,0,-0.00113935629487969,95.64480495452881,3.962099611759186,0.0057533169612739455,0.0001,0.0163136,0,0,0,292.33186882686704,0.0564697265625,0.7001292705535889,147.98757996559144,0,0,0,0,0
401408,98,-83.64346591087333,353.0,0.00022195836645551027,71.18447098731994,4.122366005182267,0.00516803021828529,0.0001,0.0162752,1.0,0.0,0.0,261.80661877164096,0.0451171875,0.7050414085388184,194.25429409742355,1.3530870637609023,0.8587308138299153,0.0,0,0.08402088756118288
405504,99,0,0,-0.0003018339048139751,75.70740251541137,4.349957239627838,0.005238054472240009,0.0001,0.016236800000000003,0,0,0,261.28633128551525,0.0408203125,0.6282567977905273,268.085572886467,0,0,0,0,0
409600,100,-74.60985840810625,538.9,0.0006707853986881674,12.049087119102477,4.132950302958489,0.014958480212955826,0.0001,0.0161984,0.8,0.0,0.0,257.4262291274512,0.13095703125,0.7230256795883179,73.48955312371254,0.9592435877502451,1.0090311522736657,0.0,0,0.11818893829338209
413696,101,0,0,0.000812592136207968,48.944824600219725,4.335060173273087,0.005464978182501849,0.0001,0.01616,0,0,0,305.07202771680386,0.0410400390625,0.7335810661315918,197.59543113708497,0,0,0,0,0
417792,102,-116.5649558113701,541.1,0.0008868820441421121,70.72587904930114,3.874843826889992,0.007730498445018887,0.0001,0.0161216,1.0,0.0,0.0,262.9436357658657,0.06337890625,0.812934398651123,79.88868052959442,0.863436456973538,1.0793411510959743,0.0,0,0.0865532022742286
421888,103,0,0,-1.1855474440380931e-05,23.902410340309142,4.29427005648613,0.011498770465552057,0.0001,0.016083200000000002,0,0,0,306.3325497662681,0.0930908203125,0.8710957765579224,62.9440073132515,0,0,0,0,0
425984,104,-50.98197019802804,499.1,0.005152549443300814,11.576122707128524,4.051901498436928,0.028247911442057117,0.0001,0.0160448,0.8,0.0,0.0,257.82851574782194,0.1665283203125,0.5573464632034302,26.16515522003174,0.9432632352781744,0.9927977028888628,0.0,0,0.11079172621087101
430080,105,0,0,0.0034994421526789664,9.538993871212005,3.8901273012161255,0.014594698088696562,0.0001,0.0160064,0,0,0,245.88354723408816,0.1224365234375,0.7953919172286987,50.30152571797371,0,0,0,0,0
434176,106,3.757717188453141,473.8,0.007309474132489413,14.97781099677086,4.208540889620781,0.02499813563190561,0.0001,0.015968,0.7,0.0,0.0,289.11417089426436,0.20087890625,0.8844217658042908,115.23551416099072,1.315853847882551,0.8915208530646004,0.0,0,0.14228944682418915
438272,107,0,0,0.0017242209403775632,146.9682928085327,4.289378768205642,0.007277386779607382,0.0001,0.015929600000000002,0,0,0,304.2510586928315,0.0619140625,0.60625159740448,334.70307154655455,0,0,0,0,0
442368,108,7.774283469214188,409.3,0.00047500646323896947,25.155771589279176,4.250863945484161,0.01722259432499562,0.0001,0.0158912,0.8,0.0,0.0,300.22870478445697,0.1433349609375,0.8406088948249817,138.42137427330016,1.4896400191921162,0.5808192371539527,0.0,0,0.14457970215980123
446464,109,0,0,0.002184358146041632,46.06108536720276,4.110553067922592,0.012450574537799092,0.0001,0.0158528,0,0,0,293.7953621056265,0.09560546875,0.8025057315826416,98.72596774101257,0,0,0,0,0
450560,110,-31.60671872286074,352.6,0.007401879882672801,16.10374997854233,3.664288949966431,0.03511071802240792,0.0001,0.0158144,1.0,0.0,0.0,270.269368802006,0.2281494140625,0.5037921071052551,26.69404118657112,1.3195821005532467,0.7006121987982163,0.0,0,0.11673967359082868
454656,111,0,0,0.023025664314627648,44.34045431613922,4.516196125745774,0.12949209838407427,0.0001,0.015776,0,0,0,307.05303116106194,0.460595703125,0.7480858564376831,253.7711850643158,0,0,0,0,0
458752,112,-8.400386555914473,155.6,0.002680438832612708,12.143291544914245,3.702222666144371,0.018203559386168175,0.0001,0.0157376,1.0,0.0,0.0,283.73623388182597,0.146435546875,0.7584183812141418,41.74147058725357,1.7725227196296114,0.4270965415417309,0.0,0,0.07436104352782813
462848,113,0,0,-0.0021604001871310175,29.84340708255768,3.23970128595829,0.01184019129068756,0.0001,0.0156992,0,0,0,248.24888819631707,0.116064453125,0.5662514567375183,29.436348062753677,0,0,0,0,0
466944,114,28.644022079367026,371.9,0.0016293137799948455,46.50137758255005,3.5439727902412415,0.011381862244891164,0.0001,0.015660800000000002,0.7,0.2,0.0,304.86183414509776,0.08681640625,0.7196586728096008,87.76383233070374,1.871845035926834,0.7044556112546272,0.0,0,0.17004971703557273
471040,115,0,0,-0.0007385035802144557,54.15464787483215,3.6742560058832168,0.004186140622916157,0.0001,0.015622400000000002,0,0,0,300.947870106687,0.03720703125,0.7806835770606995,156.45137252807618,0,0,0,0,0
475136,116,-36.81286788136124,585.1,0.0023575314437039195,17.59771157503128,3.6529590606689455,0.014409245668187598,0.0001,0.015584,0.6,0.0,0.0,314.4533503346876,0.1186767578125,0.64151930809021,50.719423818588254,1.3144046100945599,0.7807362546714842,0.0,0,0.1686747180747474
479232,117,0,0,0.005430791171966121,7.21066752076149,3.508220010995865,0.019988091291455186,0.0001,0.0155456,0,0,0,300.50191169997186,0.157177734375,0.909325122833252,72.46225402355194,0,0,0,0,0
483328,118,55.70279220319263,930.0,0.005213602958247065,13.419814920425415,3.7807960122823716,0.017969501818881205,0.0001,0.015507200000000002,0.1,0.3,0.0,296.6495540587666,0.1546630859375,0.8339309692382812,63.586678355932236,0.9265989215158523,0.9713128289316157,0.0,0,0.2591015877259948
487424,119,0,0,-0.0011323425162117929,34.28414151668549,3.706807237863541,0.010262569066255278,0.0001,0.015468800000000001,0,0,0,270.9892587746927,0.08642578125,0.675051212310791,76.5280888557434,0,0,0,0,0
491520,120,24.323696619224243,1000.0,-3.255243063904345e-05,96.3347677230835,3.969976991415024,0.006265657239420542,0.0001,0.0154304,0.0,0.0,0.0,324.2986009466835,0.0554931640625,0.45581352710723877,173.55488634109497,0.7393303863158313,1.096017891182073,0.0,0,0.17199015634556672
495616,121,0,0,0.012005641422001645,14.05160332918167,3.9726769626140594,0.07548752333823534,0.0001,0.015392000000000001,0,0,0,334.27978267290166,0.277734375,0.8548418283462524,89.96378453969956,0,0,0,0,0
499712,122,37.47047360840298,919.8,-0.0005716965533792973,19.554014694690704,3.8147832632064818,0.008669805344290172,0.0001,0.015353600000000002,0.1,0.0,0.0,339.82158526750254,0.071484375,0.8703272342681885,62.24239662885666,0.644130797882185,1.0973879111547562,0.0,0,0.1642043046256941
503808,123,0,0,0.00045351076987572015,34.63637492656708,4.185908532142639,0.01297632197820503,0.0001,0.015315200000000001,0,0,0,261.3747599152616,0.1198974609375,0.6899939775466919,191.97407332658767,0,0,0,0,0
507904,124,66.46337791056803,915.0,0.001448786654509604,15.031732183694839,3.734458553791046,0.02385609423509059,0.0001,0.0152768,0.1,0.0,0.0,302.3098085357807,0.1826416015625,0.2613254189491272,40.86129331588745,0.9201520129012135,0.8888790446069113,0.0,0,0.20393594847583443
512000,125,0,0,0.008684087044093758,8.448744264245033,3.622199523448944,0.05578413937473823,0.0001,0.015238400000000001,0,0,0,249.95799835602625,0.322509765625,0.8589667081832886,52.054277658462524,0,0,0,0,0
516096,126,29.73425555669154,748.3,0.011638912395574153,3.210126656293869,3.639415004849434,0.05888389744796039,0.0001,0.015200000000000002,0.3,0.0,0.0,338.8079671517061,0.3506103515625,0.8225630521774292,16.946233811974526,1.1934189266390054,1.0864133840414654,0.0,0,0.23115663841535322
520192,127,0,0,-0.0019134941743686796,2.7336835265159607,3.5026049822568894,0.025575814157493014,0.0001,0.0151616,0,0,0,235.70083754831288,0.22646484375,0.8676373362541199,16.909993082284927,0,0,0,0,0
524288,128,138.72084185454966,624.9,0.00859206918394193,3.674865719676018,3.169009804725647,0.05740419630310665,0.0001,0.0151232,0.5,0.2,0.0,312.5278750245722,0.3794189453125,0.800290048122406,16.181587141752242,2.5361164351268597,0.39140268634968695,0.0,0,0.4419910166969598
528384,129,0,0,0.002606690622633323,15.400175416469574,2.8954586297273637,0.022915275840206584,0.0001,0.0150848,0,0,0,264.852592207444,0.1861328125,0.36291199922561646,39.48927156329155,0,0,0,0,0
532480,130,127.77768912926224,802.5,0.00728330917772837,23.63964492082596,2.9343040943145753,0.031649063550869085,0.0001,0.015046400000000001,0.2,0.0,0.2,277.85071847033834,0.26220703125,0.43526214361190796,53.72887329459191,2.8940777922523555,0.591570164462592,0.0,0,0.6197568765092892
536576,131,0,0,-0.0024763144087046386,12.146627306938171,2.89732146859169,0.011108096487443575,0.0001,0.015008,0,0,0,291.87303392368585,0.101708984375,0.6426489353179932,52.2596529006958,0,0,0,0,0
540672,132,291.00595046269234,901.3,-0.0017628262226935475,18.23055579662323,2.9070822328329085,0.005586504549139096,0.0001,0.0149696,0.0,0.1,0.3,271.80423592249406,0.049658203125,0.686792254447937,88.60376337766647,2.9719958878323256,0.4405414767362286,0.0,0,0.8090900103971098
544768,133,0,0,0.0011243002489209175,21.88222360610962,2.83590324819088,0.020612333915780174,0.0001,0.0149312,0,0,0,303.2504563177454,0.1800048828125,0.7181277871131897,61.672622656822206,0,0,0,0,0
548864,134,320.4064614677251,870.3,-0.0028633578273002057,24.138627147674562,3.001401224732399,0.009399310161827223,0.0001,0.014892800000000001,0.0,0.1,0.4,241.00988996804688,0.077197265625,0.6153818368911743,69.71078013181686,3.4243208209120217,0.47373179513228614,0.0,0,0.8030952164049527
552960,135,0,0,-0.0018494251940865069,19.548010885715485,2.830688589811325,0.008807685316426221,0.0001,0.0148544,0,0,0,265.38645998784375,0.0796142578125,0.6474049687385559,53.66217439174652,0,0,0,0,0
557056,136,317.25121810913026,803.6,-0.0034250060707563534,27.116120326519013,2.8391813933849335,0.009120268902919323,0.0001,0.014816000000000001,0.1,0.0,0.4,265.6163698605315,0.080224609375,0.796578049659729,75.29068293571473,3.6154442562270064,0.36243316298109435,0.0,0,0.7958707714904668
561152,137,0,0,0.02360021302010864,11.799825286865234,2.759173333644867,0.07125900825449424,0.0001,0.014777600000000002,0,0,0,266.4268184237936,0.3662841796875,0.7105952501296997,45.2172491312027,0,0,0,0,0
565248,138,330.97052955201076,923.6,0.017430661525577307,13.702877044677734,2.8718330562114716,0.06380112635088378,0.0001,0.014739200000000001,0.0,0.0,0.4,274.7287358339318,0.3649169921875,0.7311187982559204,43.69384790658951,3.3084965470815093,0.5651688321464812,0.0,0,0.7601591598072661
569344,139,0,0,-0.0024666849174536766,17.353358244895936,2.9563383787870405,0.010907032744946274,0.0001,0.0147008,0,0,0,287.94801476349875,0.1011474609375,0.5387543439865112,61.71206970214844,0,0,0,0,0
573440,140,193.49726505422535,603.2,0.004803671641275287,15.948419511318207,2.8595355629920958,0.02809582750342261,0.0001,0.014662400000000003,0.7,0.0,0.2,334.6571908482288,0.257275390625,0.6175229549407959,67.33912606239319,3.9148213778374314,0.8333189725428545,0.0,0,0.6417942195080827
577536,141,0,0,-0.003838797565549612,24.760784220695495,2.888563057780266,0.013294676435182545,0.0001,0.014624000000000002,0,0,0,286.6349574580765,0.149462890625,0.8029683828353882,87.2495537161827,0,0,0,0,0
581632,142,377.4861151248651,828.4,0.002557552978396416,20.36256113052368,2.8088907122612,0.027319471403463302,0.0001,0.0145856,0.2,0.1,0.4,274.0456281788558,0.2258544921875,0.7636968493461609,55.9824095249176,3.8680215231026382,0.5016883717468129,0.0,0,0.8674281709921923
585728,143,0,0,-0.0005852393456734717,27.80170533657074,2.725380465388298,0.008753449303187525,0.0001,0.0145472,0,0,0,240.2334693328944,0.0872314453125,0.641014575958252,75.59759489297866,0,0,0,0,0
589824,144,330.58897721908886,581.4,1.5341461403295397e-05,27.681809496879577,2.668094891309738,0.009603577835606867,0.0001,0.0145088,0.2,0.1,0.6,268.309539171734,0.091259765625,0.6793031692504883,100.41337192058563,4.890932048848585,0.4945404801077631,0.0,0,0.7849683940438756
593920,145,0,0,-0.0008172300062142312,27.19030878543854,2.6853436529636383,0.008543127690793012,0.0001,0.014470400000000001,0,0,0,260.9797260199391,0.0749267578125,0.721908688545227,88.46303627490997,0,0,0,0,0
598016,146,393.45675564944753,701.7,-0.0009839685633778572,29.154977989196777,2.771012580394745,0.0057051215015254285,0.0001,0.014432,0.3,0.0,0.5,255.4714001307405,0.049462890625,0.6391982436180115,91.46861528158188,4.685720210188221,0.3366149185334037,0.0,0,0.8328394028128437
602112,147,0,0,0.0006974110670853406,28.36657371520996,2.650092971324921,0.01030651448527504,0.0001,0.014393600000000001,0,0,0,259.68294774253536,0.1032470703125,0.7379183769226074,126.33534367084503,0,0,0,0,0
606208,148,289.9340648502344,495.2,0.002080427441978827,35.22728459835052,2.5487681686878205,0.016456321418811076,0.0001,0.014355200000000002,0.3,0.0,0.6,252.39207117933708,0.1404541015625,0.5596119165420532,92.15697697401046,5.094871842074539,0.5416703971361161,0.0,0,0.7421709048374043
610304,149,0,0,-0.0012224222184158862,33.78291451931,2.691153648495674,0.008848208165729654,0.0001,0.014316800000000001,0,0,0,238.06909890423222,0.0795166015625,0.7308782339096069,104.72910809516907,0,0,0,0,0
614400,150,491.34388381059335,744.9,0.00814245495130308,34.06627089977265,2.590099337697029,0.031340176517557286,0.0001,0.014278400000000002,0.0,0.0,1.0,256.66212376228304,0.2289794921875,0.5834797024726868,86.6086520075798,5.553204083524038,0.3690132730303072,0.0,0,1.0
618496,151,0,0,0.004441792808938772,47.376139879226685,2.57478089928627,0.014820064303061204,0.0001,0.014240000000000001,0,0,0,257.1156848751205,0.1232421875,0.41891229152679443,109.34203979969024,0,0,0,0,0
622592,152,352.1760814098243,608.3,-0.00034769944031722846,28.07610139846802,2.6948845475912093,0.018762471550146053,0.0001,0.0142016,0.2,0.1,0.7,243.71892235921374,0.1723388671875,0.6093877553939819,101.4695975780487,5.1768813429953795,0.40020024855539377,0.0,0,0.9041594630401593
626688,153,0,0,0.0014142796193482355,29.011536836624146,2.54252994954586,0.03040074217951973,0.0001,0.0141632,0,0,0,267.0860247261667,0.2057861328125,0.5136082172393799,94.18471450805664,0,0,0,0,0
630784,154,333.0962580858326,954.6,0.04031181334285065,32.252775979042056,2.6862760961055754,0.14166088456259146,0.0001,0.0141248,0.1,0.0,0.2,264.1388455952936,0.4046630859375,0.6469189524650574,82.89988416433334,3.127147601519002,0.6171673104725144,0.0,0,0.7584838308753624
634880,155,0,0,0.024300446396227925,23.668846309185028,3.0927988409996034,0.10423602638184279,0.0001,0.0140864,0,0,0,248.6956794340975,0.354541015625,0.5741916298866272,140.22412518262863,0,0,0,0,0
638976,156,338.19033258303676,867.0,-0.0015905855048913508,23.07492592334747,2.9537302792072295,0.007861123816749655,0.0001,0.014048000000000001,0.3,0.0,0.3,280.9217564977509,0.0805908203125,0.41300177574157715,98.94246953725815,3.471086616447951,0.5270225520791229,0.0,0,0.7918533465925365
643072,157,0,0,-0.0024673631531186404,20.777652060985567,2.8564009219408035,0.016018290391095855,0.0001,0.0140096,0,0,0,244.59398241543806,0.131591796875,0.7395807504653931,110.75817730426789,0,0,0,0,0
647168,158,334.26248724224297,776.2,-0.001975107321050018,21.93824372291565,2.88439522087574,0.016960967867636973,0.0001,0.013971200000000001,0.2,0.1,0.5,276.3886828622766,0.1241943359375,0.5344375371932983,64.24829622507096,3.737658188190634,0.5363070486326994,0.0,0,0.8333784130842032
651264,159,0,0,0.0051432925974950194,19.81139717102051,2.8151018768548965,0.0382403407245895,0.0001,0.013932800000000002,0,0,0,282.8397602106425,0.2521240234375,0.37994515895843506,74.061825299263,0,0,0,0,0
655360,160,236.30582413430312,1000.0,0.0526283816085197,18.96510637998581,2.943099853396416,0.2590039303027896,0.0001,0.013894400000000001,0.0,0.0,0.0,256.10295429082004,0.4589111328125,0.6117681264877319,78.98944562077523,2.1902343092414687,0.7166807037007106,0.0,0,0.6151627678847497
659456,161,0,0,0.07844237715471536,14.251106822490692,3.638996106386185,0.2932903633685803,0.0001,0.013856,0,0,0,290.8250889774116,0.6617919921875,0.44739872217178345,99.39284714460373,0,0,0,0,0
663552,162,155.0563758645546,903.8,0.0035065206437138842,13.149706524610519,3.5316160410642623,0.034578738428537495,0.0001,0.0138176,0.3,0.0,0.0,272.07166834065396,0.216650390625,0.2688831686973572,68.56566480696202,1.9877451244714504,0.32982211224692193,0.0,0,0.4845948336153124
667648,163,0,0,-0.00040849069482646884,63.86739077568054,3.6157821357250213,0.01651106806675809,0.0001,0.013779200000000002,0,0,0,274.10912951499705,0.1309814453125,0.41875511407852173,259.7123382806778,0,0,0,0,0
671744,164,177.6617821592211,933.4,-0.004148657398764044,17.293766272068023,3.6866179019212724,0.011497790788327552,0.0001,0.013740800000000001,0.2,0.0,0.0,276.60593280450104,0.1341796875,0.4992462992668152,51.89265847206116,2.0863333291423896,0.4825297562123797,0.0,0,0.45334454304552974
675840,165,0,0,0.00837347565102391,9.389562487602234,3.664067566394806,0.04698330400861,0.0001,0.0137024,0,0,0,287.8520963784412,0.304736328125,0.11938267946243286,26.49890839755535,0,0,0,0,0
679936,166,92.87813642222616,829.2,0.00253983557340689,29.67485146522522,3.9950568228960037,0.021626095783724184,0.0001,0.013664,0.3,0.0,0.0,304.635286085211,0.1466552734375,0.24975913763046265,110.75475597381592,1.5416865482355657,0.3580581923264371,0.0,0,0.3457022071956879
684032,167,0,0,-0.0031841799267567695,35.77237334251404,4.015930110216141,0.008949755628386083,0.0001,0.013625600000000002,0,0,0,276.2671416825276,0.0977294921875,0.6453183889389038,121.86180384159088,0,0,0,0,0
688128,168,94.4740541495864,947.0,0.005556245247134939,5.919935464859009,4.001261606812477,0.0346614704222721,0.0001,0.0135872,0.2,0.1,0.0,323.50020517375293,0.2598388671875,0.1568901538848877,22.430213382840158,1.3040499841672346,0.7634495331745377,0.0,0,0.31544270532768637
692224,169,0,0,0.0014621577109210193,5.189185529947281,4.225959628820419,0.021880340439385543,0.0001,0.013548800000000001,0,0,0,297.47833562893817,0.1843017578125,0.3785666823387146,28.833440631628036,0,0,0,0,0
696320,170,107.6357682879491,812.6,0.0017712945642415433,4.894450169801712,4.167239880561828,0.02534432095126423,0.0001,0.013510400000000002,0.3,0.1,0.0,278.3227905056342,0.212646484375,0.5658603310585022,24.00225241780281,1.6561520953409712,0.8788975683959338,0.0,0,0.3597634997252102
700416,171,0,0,-0.004504098364850506,5.183142855763435,4.0898430198431015,0.014984717440894729,0.0001,0.013472000000000001,0,0,0,295.88251177231274,0.1604736328125,0.7561324834823608,37.815207567811015,0,0,0,0,0
704512,172,158.33781967586214,925.3,-0.003468126634834334,4.579379165172577,4.2084500849246975,0.028745235792304858,0.0001,0.0134336,0.1,0.0,0.0,281.33811886894597,0.2644287109375,0.6984390020370483,27.188133198022843,1.5399262057558607,0.5086354566187337,0.0,0,0.40168281774470344
708608,173,0,0,0.0010359545587562025,4.163421508669853,4.00364199578762,0.02361328886909334,0.0001,0.013395200000000001,0,0,0,329.09293507753404,0.1966552734375,0.26196181774139404,14.463964977860451,0,0,0,0,0
712704,174,114.83662246032361,914.8,-0.0026844840846024453,7.585432279109955,4.058258855342865,0.012922413317575859,0.0001,0.013356800000000002,0.1,0.0,0.0,291.7371741860628,0.1345947265625,0.21495765447616577,29.0209879219532,1.7992904686877846,0.3191912428926126,0.0,0,0.4229077009426138
716800,175,0,0,-0.00032486527343280616,9.453423166275025,3.9496213763952257,0.01746712492931924,0.0001,0.013318400000000001,0,0,0,310.3558456302838,0.17080078125,0.42063724994659424,26.745252513885497,0,0,0,0,0
720896,176,182.65747256208354,1000.0,0.0003754018049221486,11.12259271144867,3.9865383982658384,0.014202982270218777,0.0001,0.01328,0.0,0.0,0.0,290.8805835698153,0.141455078125,0.6867241859436035,45.399622118473054,1.7095669126464272,0.3177782527191019,0.0,0,0.47062805685883535
724992,177,0,0,0.0003479249542579055,5.217001071572303,3.9254995822906493,0.013568297402754864,0.0001,0.013241600000000001,0,0,0,295.22078728972383,0.1357177734375,0.5448989272117615,26.245700311660766,0,0,0,0,0
729088,178,187.7587376708506,851.1,0.007047443214105442,4.066053736209869,3.9339432537555696,0.03159156481088103,0.0001,0.013203200000000002,0.3,0.0,0.0,291.72797473528203,0.2709716796875,0.4849742650985718,10.811075860261917,1.8862459143687516,0.5714972162279491,0.0,0,0.44632315173453535
733184,179,0,0,0.0028293150826357305,4.642659309506416,3.8974862694740295,0.028989311851912215,0.0001,0.0131648,0,0,0,267.3439200153187,0.2532958984375,0.2689771056175232,16.437620298564433,0,0,0,0,0
737280,180,220.62975329431333,915.6,0.003793284361017868,4.469407415390014,3.8636409282684325,0.03142976634190079,0.0001,0.013126400000000002,0.1,0.0,0.0,288.60441791548243,0.2275634765625,0.44531017541885376,20.66411426216364,2.1000510140938937,0.7120115914150393,0.0,0,0.5032266046296388
741376,181,0,0,-0.0003110326360911131,5.564645510911942,3.858085906505585,0.04236321414937437,0.0001,0.013088,0,0,0,296.37547601576136,0.3158447265625,0.2734605073928833,14.537238249182701,0,0,0,0,0
745472,182,264.6878687833965,929.1,0.003536736487876624,6.79948770403862,3.8441103130578993,0.03930266918178157,0.0001,0.013049600000000001,0.1,0.1,0.0,259.88564073401704,0.300341796875,0.32092219591140747,20.694281676411627,2.29180327083063,0.5439524469616366,0.0,0,0.629233903582713
749568,183,0,0,0.0038539432105608286,7.505039173364639,3.7340895622968673,0.026941827250995597,0.0001,0.0130112,0,0,0,303.61166111640415,0.207666015625,0.3394507169723511,28.57344833314419,0,0,0,0,0
753664,184,255.77627119761829,833.4,0.0037783734675031154,6.728856539726257,3.7198446959257128,0.026972072941137036,0.0001,0.0129728,0.2,0.0,0.0,271.5916909383169,0.17568359375,0.46058523654937744,23.708642661571503,2.4744112705540675,0.4818141229458499,0.0,0,0.5988990078891876
757760,185,0,0,0.009665137913543731,7.00453337430954,3.574963113665581,0.0401891082001403,0.0001,0.012934400000000002,0,0,0,279.0611813974516,0.2892822265625,0.25148117542266846,20.795409381389618,0,0,0,0,0
761856,186,304.6915993369886,918.6,0.03349777532275766,7.862786924839019,3.567981904745102,0.15503278413089222,0.0001,0.012896000000000001,0.1,0.0,0.2,254.51003488265843,0.4676513671875,0.17300039529800415,29.895218151807786,2.716317074884001,0.21770151891171263,0.0,0,0.7168536706833204
765952,187,0,0,0.025953764596488328,13.87109397649765,3.5939221352338793,0.07749141422682657,0.0001,0.0128576,0,0,0,273.7183004589787,0.4484130859375,0.31397008895874023,32.09383716583252,0,0,0,0,0
770048,188,332.93380451153524,1000.0,-0.003012281295377761,13.993874311447144,3.6080271303653717,0.011145294024029431,0.0001,0.012819200000000001,0.0,0.0,0.0,279.51169657163604,0.121337890625,0.3422527313232422,36.671723240613936,2.5952988268886963,0.21627660802080456,0.0,0,0.6223388654305464
774144,189,0,0,0.020440410426817834,8.021839147806167,3.5771551698446276,0.10207528987121176,0.0001,0.012780800000000002,0,0,0,282.3671697902828,0.3526611328125,0.160474956035614,20.686146610975264,0,0,0,0,0
778240,190,315.68489938777793,894.5,0.0011288417736068368,9.046817225217819,3.5959558963775633,0.01917286541284,0.0001,0.012742400000000001,0.2,0.0,0.1,266.5898958060062,0.1744140625,0.20522016286849976,20.516320383548738,2.961959329805609,0.6513323970315978,0.0,0,0.7376475282803914
782336,191,0,0,0.0038154232024680823,9.623774355649948,3.490118259191513,0.024832799768047947,0.0001,0.012704,0,0,0,296.5532957454635,0.204638671875,0.14635062217712402,22.671407958865167,0,0,0,0,0
786432,192,250.88725124399713,720.7,-0.003015373827656731,9.091337323188782,3.5504788130521776,0.01898541912087473,0.0001,0.0126656,0.4,0.1,0.0,250.23919923778715,0.1784912109375,0.40539246797561646,28.210720175504683,2.6447337586252964,0.597508417394953,0.0,0,0.51228530816399
790528,193,0,0,-0.002369599073426798,12.29715300798416,3.5373451113700867,0.012235384734233367,0.0001,0.012627200000000002,0,0,0,273.23151438749824,0.125927734375,0.3938221335411072,44.65369085073471,0,0,0,0,0
794624,194,343.6753615768622,938.2,-0.002882772556040436,10.289063984155655,3.4974858552217483,0.00924784763829155,0.0001,0.0125888,0.1,0.0,0.0,294.8681613300873,0.0876953125,0.36788272857666016,52.219295942783354,2.7910702952672386,0.5572864935322261,0.0,0,0.7200855356458258
798720,195,0,0,0.016801899491110817,14.546548891067506,3.499483820796013,0.07402902979811439,0.0001,0.012550400000000001,0,0,0,255.47008949625538,0.2982421875,0.323003351688385,42.6989068031311,0,0,0,0,0
802816,196,294.279301513567,782.4,0.0023919926199596373,7.22495676279068,3.47454774081707,0.01862828215962667,0.0001,0.012512000000000002,0.3,0.1,0.0,306.6651533929179,0.1566650390625,0.49029427766799927,40.87617488205433,3.0838088584410945,0.5425677393368729,0.0,0,0.5105171559520122
806912,197,0,0,0.0005042921402491629,13.452978610992432,3.4735155165195466,0.016140432107206237,0.0001,0.012473600000000001,0,0,0,268.8612818589743,0.15771484375,0.3390910029411316,50.949116909503935,0,0,0,0,0
811008,198,343.8640002622846,842.3,-0.003950195317156613,11.796458905935287,3.428698742389679,0.013739272035310857,0.0001,0.0124352,0.2,0.1,0.2,296.98392179382284,0.1263427734375,0.6016126275062561,68.04526789188385,3.177462784298141,0.6382243404414063,0.0,0,0.7300395320389118
815104,199,0,0,-0.002082778443582356,12.290432262420655,3.3471691638231276,0.00978002585689285,0.0001,0.012396800000000003,0,0,0,282.72129686793267,0.0940673828125,0.6138830184936523,95.34462438821792,0,0,0,0,0
819200,200,342.86536468537116,871.4,-0.000793535087723285,13.740205454826356,3.352519491314888,0.00897505309640457,0.0001,0.0123584,0.2,0.0,0.2,308.83058868394045,0.0949462890625,0.62673020362854,80.00585780143737,2.9657972337552327,0.5288437366686487,0.0,0,0.7000574402515921
823296,201,0,0,-0.0018038296897429974,11.807887679338455,3.3125620812177656,0.00836095100194342,0.0001,0.012320000000000001,0,0,0,292.031818587773,0.0665771484375,0.5355637669563293,72.88797558546067,0,0,0,0,0
827392,202,290.1881329250999,708.7,-0.00286854250007309,16.718692791461944,3.400465202331543,0.011460278472902506,0.0001,0.0122816,0.2,0.1,0.3,270.69306151047186,0.10732421875,0.6604788303375244,73.85566779375077,3.0423134058189834,0.48680612496446596,0.0,0,0.6629221193661958
831488,203,0,0,-0.0004978936980478465,17.214087456464767,3.325141102075577,0.013778943630497387,0.0001,0.0122432,0,0,0,278.508679777749,0.126171875,0.48918676376342773,80.59255537986755,0,0,0,0,0
835584,204,415.97343787107394,994.2,0.0009440012450795621,15.03972156047821,3.3106871098279953,0.01649416447544543,0.0001,0.012204800000000002,0.0,0.0,0.2,218.9785848912319,0.146630859375,0.6278396844863892,101.8295837879181,3.1047191370368767,0.2596553780422429,0.0,0,0.8319677932565372
839680,205,0,0,0.03305643082712777,11.343862348794937,3.3299352675676346,0.11671596929081943,0.0001,0.012166400000000003,0,0,0,305.4599023484551,0.474365234375,0.7028206586837769,115.01152834296227,0,0,0,0,0
843776,206,368.05695870425956,783.2,0.015830381476553156,12.097633743286133,3.32296943962574,0.06182645456865706,0.0001,0.012128000000000002,0.3,0.0,0.3,309.6044386441327,0.327001953125,0.42511165142059326,92.75874187350273,3.582078377163809,0.46176856215783146,0.0,0,0.8027024133888574
847872,207,0,0,0.0042055713303852825,15.263736295700074,3.103460982441902,0.0225356448630954,0.0001,0.012089600000000002,0,0,0,275.171336448965,0.1854736328125,0.3411388397216797,71.2077861070633,0,0,0,0,0
851968,208,379.9437837262753,866.3,0.019426508591277526,12.47614136338234,3.1212721437215807,0.058167988873904286,0.0001,0.012051200000000001,0.1,0.0,0.3,234.28027629246102,0.3216552734375,0.5408013463020325,119.13032786250115,3.2472101087572818,0.38685516023041516,0.0,0,0.8059120774504993
856064,209,0,0,0.025166098866611718,17.757269167900084,3.206705379486084,0.10317467552377235,0.0001,0.0120128,0,0,0,237.35639530314816,0.4470458984375,0.4134693741798401,122.24490487575531,0,0,0,0,0
860160,210,410.28174376969037,901.2,0.015266881522256881,11.230666214227677,3.2920708477497103,0.06575543446233711,0.0001,0.011974400000000001,0.1,0.0,0.3,295.1001169811193,0.360009765625,0.4975929856300354,88.02397510409355,3.215977600386831,0.513049211191323,0.0,0,0.7721296531548185
864256,211,0,0,0.011941390024730936,16.28111449480057,3.250153863430023,0.06453871612320855,0.0001,0.011936,0,0,0,241.59554263798634,0.361474609375,0.2983212471008301,72.6560348778963,0,0,0,0,0
868352,212,404.59204330049266,896.8,0.04723143588635139,14.004370403289794,3.2164697647094727,0.28265748414123903,0.0001,0.011897600000000001,0.1,0.1,0.2,265.1062966912955,0.4812744140625,0.22287684679031372,48.32666563391685,3.425091740544876,0.5667045680357261,0.0,0,0.7389081184973836
872448,213,0,0,-0.0016389891447033734,19.973177671432495,3.3313567876815795,0.01168217566155568,0.0001,0.0118592,0,0,0,225.47955994507024,0.110107421875,0.17621642351150513,48.65930499434471,0,0,0,0,0
876544,214,396.84303410719997,880.2,0.0032581994368229062,16.281852996349336,3.245153656601906,0.023417709276693132,0.0001,0.011820800000000001,0.2,0.0,0.1,271.6739280800578,0.217529296875,0.287467360496521,59.57001857757568,3.5046909525264383,0.6560279576615989,0.0,0,0.7275864880080744
880640,215,0,0,-0.0027514546643942596,15.880965459346772,3.2616342693567275,0.01135356583400315,0.0001,0.0117824,0,0,0,300.0045871364982,0.0892822265625,0.5704363584518433,103.20746202468872,0,0,0,0,0
884736,216,425.2474901630646,891.1,0.0018226126907393337,22.07918349504471,3.2269054681062697,0.020723739714596647,0.0001,0.011744000000000001,0.1,0.0,0.4,259.3007093226424,0.1888427734375,0.6014518141746521,94.18464533090591,3.510646683795194,0.5883445905746354,0.0,0,0.8485293774212254
888832,217,0,0,-0.002940169291105121,15.646858525276183,3.1593736588954924,0.009831497553396741,0.0001,0.011705600000000002,0,0,0,253.59734086254514,0.1015625,0.6112848520278931,77.34883352518082,0,0,0,0,0
892928,218,391.23319500827756,798.4,0.025019975553732365,17.40404235124588,3.0876703679561617,0.18912164012817986,0.0001,0.011667200000000003,0.2,0.0,0.3,271.00029168245345,0.3207763671875,0.41489285230636597,123.1320200741291,3.596113027978619,0.5881822509912168,0.0,0,0.7934552847028759
897024,219,0,0,0.0050140771985752505,16.271967911720274,3.202140048146248,0.03208980764611829,0.0001,0.0116288,0,0,0,284.24544526296063,0.2367431640625,0.44660377502441406,115.47708549499512,0,0,0,0,0
901120,220,294.4795721820964,609.4,0.010524225392146036,18.692836451530457,3.220611792802811,0.03940290829487093,0.0001,0.0115904,0.4,0.0,0.4,284.62887788054115,0.273876953125,0.36630040407180786,86.21407030820846,3.5053540185843834,0.590152676447145,0.0,0,0.622627164769533
905216,221,0,0,0.006052101071691141,20.25843495130539,3.2330612391233444,0.030542702713866728,0.0001,0.011552,0,0,0,266.9578899624452,0.255322265625,0.18171966075897217,55.82148150801659,0,0,0,0,0
909312,222,445.941136476094,838.6,0.002273570699617267,17.78023624420166,3.1165138602256777,0.02376341206600217,0.0001,0.011513600000000002,0.0,0.0,0.6,230.0487027256694,0.2100830078125,0.3987082242965698,66.47817451953888,3.8913530055717764,0.5478784398108907,0.0,0,0.9486571777448184
913408,223,0,0,-0.0021643931220751257,15.794001793861389,3.0551598131656648,0.021732590226387117,0.0001,0.011475200000000001,0,0,0,275.5065821076324,0.15673828125,0.41841787099838257,99.18106731176377,0,0,0,0,0
917504,224,463.0607450589092,869.6,0.015352668450213968,24.161002826690673,3.117533615231514,0.06858423887606713,0.0001,0.011436800000000002,0.0,0.0,0.6,267.01100651684334,0.32783203125,0.28293460607528687,120.69650896787644,3.948626479425002,0.5904655815949964,0.0,0,0.9080272521999678
921600,225,0,0,-0.002248441590927541,19.045192885398865,3.0230369955301284,0.020245876989433413,0.0001,0.011398400000000001,0,0,0,267.1678904671734,0.1729736328125,0.5973221659660339,100.32837637662888,0,0,0,0,0
925696,226,428.76326374139296,733.2,-0.0009805925248656422,16.453352391719818,2.952642413973808,0.010814112866140407,0.0001,0.011360000000000002,0.1,0.1,0.6,253.95540677617018,0.115771484375,0.6427173614501953,133.49577918052674,4.226027388633236,0.604681556847955,0.0,0,0.8356758569671392
929792,227,0,0,0.0032853968557901682,14.229411494731902,3.0111128121614454,0.014593045868607588,0.0001,0.011321600000000001,0,0,0,321.55764879075156,0.127392578125,0.5251367092132568,115.88616482019424,0,0,0,0,0
933888,228,444.80737685619005,790.1,0.02677040286362171,11.530688345432281,3.069332993030548,0.07915564723662497,0.0001,0.011283200000000002,0.2,0.0,0.5,269.961752256822,0.3413330078125,0.7740514278411865,141.26698604822158,4.166712055747045,0.4258993610021629,0.0,0,0.8765692601384234
937984,229,0,0,0.0008946996880695224,16.601711189746858,2.984750935435295,0.02026982539173698,0.0001,0.011244800000000001,0,0,0,278.50649453558964,0.15751953125,0.6120599508285522,115.093197453022,0,0,0,0,0
942080,230,517.1541548606872,808.9,0.002412658918183297,15.556557476520538,2.9083659410476685,0.018986561923524166,0.0001,0.011206400000000002,0.0,0.0,0.8,284.6877927828278,0.1625732421875,0.5468536019325256,134.86713391542435,4.533882001754746,0.40705484545976606,0.0,0,0.985696987990136
946176,231,0,0,0.002011121634859592,17.574164819717407,2.8845570415258406,0.022356660669904556,0.0001,0.011168,0,0,0,258.0919686936565,0.180322265625,0.7588793635368347,171.71960167884828,0,0,0,0,0
950272,232,496.9123852958786,732.7,0.057754714420298114,23.760523414611818,2.9153911590576174,0.21603427246918958,0.0001,0.011129600000000002,0.1,0.0,0.8,249.40177500507735,0.5072265625,0.6796594262123108,216.40047972202302,5.055835372494843,0.36965551824002024,0.0,0,0.9310984423612559
954368,233,0,0,0.022186553617939354,21.562008833885194,2.76392742395401,0.06548503464146278,0.0001,0.0110912,0,0,0,257.8480924574056,0.372607421875,0.6768038272857666,193.310472202301,0,0,0,0,0
958464,234,411.93622888630796,580.2,-0.0008967555448180064,24.347268724441527,2.781802749633789,0.008385159532192828,0.0001,0.0110528,0.2,0.0,0.8,261.3172953666935,0.0732421875,0.5240913033485413,212.61877756118776,5.146632132829669,0.38567220114485945,0.0,0,0.8602203086486512
962560,235,0,0,0.027679876860929653,24.543146014213562,2.839139553904533,0.09038913106488014,0.0001,0.011014400000000002,0,0,0,248.78130889187517,0.425830078125,0.6308562755584717,146.41622505187988,0,0,0,0,0
966656,236,398.1763378334428,542.7,-0.002446893835440278,27.054941773414612,2.7481006294488908,0.0065575344575388,0.0001,0.010976000000000001,0.4,0.0,0.6,228.40459259456418,0.0521728515625,0.6814462542533875,164.9007299900055,5.3346584353906525,0.34198063606138185,0.0,0,0.7662192791869862
970752,237,0,0,0.0011878170596901327,32.93850383758545,2.7566837847232817,0.021886701802813633,0.0001,0.010937600000000002,0,0,0,251.86462510508062,0.186767578125,0.6283048391342163,160.48003613948822,0,0,0,0,0
974848,238,322.5125939923522,453.3,0.02471758337924257,28.28269124031067,2.741770923137665,0.07001227903165486,0.0001,0.010899200000000001,0.4,0.1,0.5,224.00423665907056,0.3529541015625,0.6437140703201294,172.45752348899842,5.3863373384815825,0.4670760384890336,0.0,0,0.7495061241278981
978944,239,0,0,-0.0008541566348867491,52.032611799240115,2.596869969367981,0.011348995706071481,0.0001,0.0108608,0,0,0,232.6298917983825,0.110595703125,0.6812072396278381,196.10614533424376,0,0,0,0,0
983040,240,394.85680842055814,520.9,0.004371295520104468,56.90224623680115,2.617935433983803,0.01972513454530016,0.0001,0.010822400000000001,0.2,0.1,0.7,261.72408571714936,0.1724853515625,0.6277291774749756,241.36040999889374,5.72717980744702,0.43550036583107704,0.0,0,0.8439073571128226
987136,241,0,0,0.0008866886841133237,61.47529511451721,2.6262551695108414,0.00878072130654114,0.0001,0.010784000000000002,0,0,0,245.70954942131956,0.0989013671875,0.5998672842979431,305.44499158859253,0,0,0,0,0
991232,242,391.63931822866965,484.9,0.00037274343776516616,37.06216027736664,2.58239708840847,0.015995717851005186,0.0001,0.010745600000000001,0.5,0.0,0.5,234.61649298768572,0.1416259765625,0.6499028205871582,256.009929060936,6.455361210119565,0.36455894828479474,0.0,0,0.8071447883321328
995328,243,0,0,0.0013621878635603935,49.025228476524354,2.544402951002121,0.017494857508703048,0.0001,0.010707200000000002,0,0,0,255.53810828814716,0.1394287109375,0.5811174511909485,168.7330692768097,0,0,0,0,0
999424,244,409.619699724548,480.7,-0.0010227811289951205,33.48372366428375,2.587340572476387,0.0072026106303401515,0.0001,0.0106688,0.4,0.0,0.6,256.15663187785606,0.0746337890625,0.7608754634857178,277.86752195358275,6.539914724971993,0.33966875585829404,0.0,0,0.8393103669392741
1003520,245,0,0,-0.0036786623764783143,94.82479095458984,2.598596054315567,0.005619671440765831,0.0001,0.010630400000000002,0,0,0,244.55301949834077,0.052294921875,0.470954954624176,242.8919539451599,0,0,0,0,0
1007616,246,309.61540196991007,357.8,0.0010478383279405533,54.56396842002869,2.5526693373918534,0.009704652383159113,0.0001,0.010592,0.3,0.3,0.4,223.51000156328092,0.0955078125,0.6673387289047241,232.8263418674469,6.556088088961452,0.4970190176378149,0.0,0,0.6859506619345457
1011712,247,0,0,0.000896990718320012,61.376773023605345,2.5726482391357424,0.01929170570365778,0.0001,0.010553600000000002,0,0,0,239.4289893434474,0.168212890625,0.6026561856269836,202.52654643058776,0,0,0,0,0
1015808,248,397.75504329137266,459.2,0.001906335516832769,72.63580017089843,2.6242763221263887,0.010389428753120848,0.0001,0.010515200000000002,0.3,0.0,0.7,230.84954332291503,0.1016357421875,0.6380070447921753,425.36029825210574,6.654883193119967,0.581507090169226,0.0,0,0.8036049893180177
1019904,249,0,0,0.0062467132287565615,64.90867795944214,2.515181005001068,0.0335550611751422,0.0001,0.010476800000000001,0,0,0,237.01073908250623,0.2281982421875,0.6709509491920471,308.5430225133896,0,0,0,0,0
1024000,250,367.5675709310735,458.3,-0.0010103055334184318,56.811852073669435,2.55219409763813,0.010060558460102384,0.0001,0.010438400000000002,0.5,0.1,0.4,234.23900280070447,0.1060791015625,0.7503730654716492,243.5526439189911,6.553374442983452,0.7607733633901583,0.0,0,0.7866345933381312
1028096,251,0,0,-0.00148547682329081,57.753272485733035,2.558416584134102,0.010312165303916286,0.0001,0.010400000000000001,0,0,0,222.91836755454767,0.112841796875,0.7376109957695007,263.7572389125824,0,0,0,0,0
1032192,252,296.2376026480414,371.3,-0.000871430744882673,76.70035252571105,2.497163388133049,0.010734272896664322,0.0001,0.010361600000000002,0.2,0.3,0.5,257.050062107688,0.1103759765625,0.7042357921600342,289.5388687133789,6.132920245102691,0.5756081027528878,0.0,0,0.6333260931047868
1036288,253,0,0,0.0006464513600803912,71.87187867164612,2.5372151702642443,0.008513084054905235,0.0001,0.010323200000000003,0,0,0,209.14343320470914,0.087158203125,0.6174817085266113,324.5182567596436,0,0,0,0,0
1040384,254,301.57982815379,376.2,-0.002184267120901495,80.91495051383973,2.6504475325345993,0.006180646987197836,0.0001,0.0102848,0.4,0.2,0.4,220.15553612413996,0.0622802734375,0.6814639568328857,250.52829413414003,6.224533229326091,0.5727743076390109,0.0,0,0.6987113761565664
1044480,255,0,0,0.016151563299354167,83.55437445640564,2.5878261774778366,0.0543840672980936,0.0001,0.010246400000000001,0,0,0,128.05515280528527,0.2944091796875,0.6376693248748779,303.4933425426483,0,0,0,0,0
1048576,256,397.26724735040756,486.5,0.0030396716319955885,66.81447067260743,2.640606793761253,0.014216473289710176,0.0001,0.010208,0.3,0.0,0.7,217.16625863411522,0.1461669921875,0.6309247612953186,315.1747116565704,6.428251351499368,0.38600445040406706,0.0,0,0.8847013993543076
1052672,257,0,0,-0.0009097191446926445,61.46925506591797,2.5853284031152723,0.009864617825226924,0.0001,0.0101696,0,0,0,236.25144573096574,0.090625,0.685431718826294,384.9634129524231,0,0,0,0,0
1056768,258,364.6239750413125,452.5,0.0012487897940445692,49.40967655181885,2.6288170605897903,0.011653870822195336,0.0001,0.010131200000000002,0.4,0.2,0.4,253.41155221200543,0.1099365234375,0.705257773399353,279.44808826446535,6.036554682480778,0.30432718379611945,0.0,0,0.6900076505552184
1060864,259,0,0,0.001650715246796608,60.22643156051636,2.6570420175790788,0.012627680538575107,0.0001,0.0100928,0,0,0,231.96745701335522,0.1187255859375,0.7368627786636353,374.5900572776794,0,0,0,0,0
1064960,260,429.128047537199,516.6,0.0019697753654327244,56.76049122810364,2.615596354007721,0.014760436731742566,0.0001,0.010054400000000002,0.1,0.1,0.8,231.02385069129505,0.122412109375,0.756924569606781,362.595015335083,6.317227183227905,0.3322140546333795,0.0,0,0.9102882546780255
1069056,261,0,0,0.004823155404301361,46.78495955467224,2.6123576521873475,0.019163895454044098,0.0001,0.010016000000000002,0,0,0,239.02253098071412,0.17060546875,0.7694021463394165,328.8838874340057,0,0,0,0,0
1073152,262,343.77189371265314,541.4,0.07329927779501304,51.393324565887454,2.7021786004304884,0.3119877676737841,0.0001,0.009977600000000001,0.4,0.1,0.5,234.82659651521786,0.5236083984375,0.7921786904335022,403.294424700737,5.695636302965022,0.41012324236079756,0.0,0,0.8281258798170008
1077248,263,0,0,0.0016990404285024852,94.39184274673462,2.7385334730148316,0.01095574053615797,0.0001,0.0099392,0,0,0,245.17167855099524,0.09033203125,0.4262688159942627,326.0135764122009,0,0,0,0,0
1081344,264,398.14268528592993,528.8,-0.0013911846093833447,68.55471529960633,2.716672274470329,0.015819872048816925,0.0001,0.009900800000000001,0.3,0.1,0.6,255.03475066437207,0.138037109375,0.6212122440338135,206.3112813472748,6.291510973340719,0.30676829798832594,0.0,0,0.8960039703594507
1085440,265,0,0,-0.001279526762664318,66.91531524658203,2.639258474111557,0.011623776139460713,0.0001,0.0098624,0,0,0,251.8941533880806,0.0896728515625,0.6026519536972046,444.06145696640016,0,0,0,0,0
1089536,266,344.910179729393,449.9,-0.0028122574323788284,50.76825098991394,2.6538089483976366,0.010726648411584468,0.0001,0.009824000000000003,0.2,0.1,0.7,204.449752847761,0.096630859375,0.7700936198234558,225.72333297729492,6.103376390647269,0.3442813268256395,0.0,0,0.8018730627391288
1093632,267,0,0,-0.000963738386053592,62.1385516166687,2.662094658613205,0.025680497138099757,0.0001,0.0097856,0,0,0,242.13412133791198,0.2006591796875,0.6553940773010254,264.3911461830139,0,0,0,0,0
1097728,268,346.45336699415657,434.5,-0.001909767318284139,61.53472204208374,2.7707006633281708,0.009423698966568871,0.0001,0.009747200000000003,0.1,0.1,0.8,225.4767870798875,0.0811767578125,0.7490888237953186,387.86612577438353,6.249627460225101,0.2620155349014965,0.0,0,0.9297163372924195
1101824,269,0,0,-0.00327640661271289,67.1391037940979,2.6554902642965317,0.008346991938017906,0.0001,0.0097088,0,0,0,223.48113311208706,0.0685546875,0.7628582715988159,257.65568561553954,0,0,0,0,0
1105920,270,334.19199917241053,403.2,0.0056066692079184575,76.82655773162841,2.6394610315561295,0.02637024494761403,0.0001,0.009670400000000003,0.4,0.1,0.5,219.00883957257255,0.20419921875,0.7182395458221436,310.62322788238527,6.418264192922379,0.31959904152469487,0.0,0,0.7731217193434107
1110016,271,0,0,-0.0007587303407490253,60.44497299194336,2.592018136382103,0.01959616100648702,0.0001,0.009632000000000002,0,0,0,205.8759256158625,0.15869140625,0.8039884567260742,242.5398549556732,0,0,0,0,0
1114112,272,296.7072284936366,340.8,0.039924447308294475,47.010283422470096,2.5736492425203323,0.1045658576840713,0.0001,0.009593600000000002,0.6,0.0,0.4,238.913590498654,0.4396728515625,0.8054410815238953,329.16828510761263,6.885971162220601,0.3114512216975144,0.0,0,0.7225420861070565
1118208,273,0,0,0.008615943684708327,62.453291702270505,2.611610195040703,0.027690554750736524,0.0001,0.009555200000000002,0,0,0,238.14644007798344,0.2371337890625,0.7588270902633667,296.58102655410767,0,0,0,0,0
1122304,274,296.21758204514504,360.4,0.0026564124680589886,37.174226427078246,2.6570807099342346,0.01872613959713096,0.0001,0.0095168,0.2,0.3,0.5,229.20836104567573,0.163916015625,0.8204631805419922,227.2195764541626,6.5651562413991655,0.3424135087278353,0.0,0,0.7740221949934297
1126400,275,0,0,1.0068423580378295e-05,47.37378945350647,2.674053555727005,0.016623301933582114,0.0001,0.009478400000000001,0,0,0,232.50468669003794,0.1270263671875,0.7768067121505737,290.0019195556641,0,0,0,0,0
1130496,276,264.6649234664392,383.7,0.0017779732937924565,141.01749696731568,2.7475468277931214,0.016156102249808898,0.0001,0.009440000000000002,0.7,0.1,0.2,211.77322105503362,0.14951171875,0.4391738772392273,355.402402305603,6.103854077854247,0.3512355816116258,0.0,0,0.6597468253403749
1134592,277,0,0,-0.002378515066811815,94.5443754196167,2.634107705950737,0.007887558365475882,0.0001,0.009401600000000001,0,0,0,234.65759834259995,0.064208984375,0.586181104183197,440.00331411361697,0,0,0,0,0
1138688,278,364.66630209302184,455.6,0.010437168955104426,135.27231979370117,2.6282206892967226,0.03304219065194757,0.0001,0.009363200000000002,0.2,0.1,0.7,235.59558171817025,0.2807373046875,0.4851132035255432,316.86449856758117,6.4647528251637185,0.3181957701598256,0.0,0,0.8893422778723539
1142784,279,0,0,0.0006425489205867052,90.57061138153077,2.7402396857738496,0.012857506290313167,0.0001,0.009324800000000003,0,0,0,238.32147139520598,0.13876953125,0.6720852851867676,416.8610462665558,0,0,0,0,0
1146880,280,365.58081743886976,451.9,0.002491242901305668,82.80966830253601,2.6402837216854094,0.01850075233742643,0.0001,0.0092864,0.5,0.0,0.5,230.85897370982715,0.1504638671875,0.6597740650177002,382.5970606327057,6.911244227141734,0.361935943706606,0.0,0,0.7872740393606974
1150976,281,0,0,0.003633050114149228,93.2023585319519,2.5497649013996124,0.023886986993605128,0.0001,0.009248000000000003,0,0,0,223.9773953720677,0.179296875,0.6035700440406799,281.08740029335024,0,0,0,0,0
1155072,282,276.87937133965016,349.6,0.0012245468387845904,145.77238569259643,2.685979440808296,0.015929057842734528,0.0001,0.0092096,0.8,0.0,0.2,209.0291419625414,0.1576171875,0.6530663967132568,529.8443674087524,7.652187427260094,0.4361830680467227,0.0,0,0.6784079579637144
1159168,283,0,0,0.0006557149987202138,97.0191987991333,2.615962800383568,0.013855987848367607,0.0001,0.009171200000000001,0,0,0,233.28218852622285,0.1319580078125,0.6924474239349365,475.3214010238647,0,0,0,0,0
1163264,284,255.2260918951984,384.1,-0.0018306984915398062,161.29021606445312,2.585591289401054,0.010191684214081046,0.0001,0.009132800000000002,0.4,0.1,0.5,233.8604492346423,0.09853515625,0.6094264984130859,669.5126048088074,6.858203594705422,0.36030833863507883,0.0,0,0.7384531867181446
1167360,285,0,0,0.002408161241328344,100.10615148544312,2.774904581904411,0.02191650184741383,0.0001,0.0090944,0,0,0,216.73831239528153,0.136376953125,0.7250993251800537,448.7726524829865,0,0,0,0,0
1171456,286,327.6873265525718,487.8,0.02509496590355411,128.07767553329467,2.731802812218666,0.07640709041952745,0.0001,0.009056000000000002,0.5,0.1,0.4,231.62595504807064,0.37109375,0.6259530782699585,550.3221835136413,6.832900319157703,0.5086539398587281,0.0,0,0.7970526221951382
1175552,287,0,0,0.012414638616610319,122.34111528396606,2.575180345773697,0.06225585345528587,0.0001,0.0090176,0,0,0,223.87798885092158,0.32080078125,0.6333228945732117,489.87383222579956,0,0,0,0,0
1179648,288,319.8298383223757,445.9,-0.0030822710774373262,200.9553985595703,2.5687709391117095,0.009786805845217333,0.0001,0.008979200000000001,0.4,0.1,0.5,242.61479712983663,0.09423828125,0.4752877950668335,512.3653658866882,6.867898169740057,0.3398920749768436,0.0,0,0.729414386476969
1183744,289,0,0,0.012930501630762592,76.46192951202393,2.6461171597242354,0.044432247788067286,0.0001,0.008940800000000002,0,0,0,209.7372157509551,0.2580322265625,0.673877477645874,339.9237558364868,0,0,0,0,0
1187840,290,287.13432626826636,351.4,-0.002371629036497325,89.04438004493713,2.6879099011421204,0.011150766572979634,0.0001,0.008902400000000001,0.6,0.2,0.2,231.40444920331274,0.1202392578125,0.6378467082977295,284.34357438087466,6.872839470497529,0.33852753168087324,0.0,0,0.6719997945480919
1191936,291,0,0,0.008911560382694006,63.343824529647826,2.7913231760263444,0.0339658932818593,0.0001,0.008864000000000002,0,0,0,210.16503321440203,0.2435791015625,0.7588769197463989,222.07294664382934,0,0,0,0,0
1196032,292,291.0294992887242,344.9,0.04490965681616217,87.98408885002137,2.741171509027481,0.15448520940990682,0.0001,0.0088256,0.5,0.2,0.3,220.2804070920625,0.4382080078125,0.6804600954055786,364.0076396942139,7.3379587074395705,0.3807742754868039,0.0,0,0.70154195339823
1200128,293,0,0,0.0059548304183408615,68.78176183700562,2.727236044406891,0.021905790845632572,0.0001,0.008787200000000002,0,0,0,230.16871339746987,0.1996337890625,0.7431703805923462,420.68352856636045,0,0,0,0,0
1204224,294,370.56201737950414,476.6,0.006044592382386327,109.01431188583373,2.67721084356308,0.030422203024502048,0.0001,0.008748800000000001,0.3,0.0,0.7,226.58864691493253,0.224462890625,0.6982507705688477,389.6620895385742,7.53340765670557,0.44515836578935364,0.0,0,0.8886227394835124
1208320,295,0,0,-0.0002256854495499283,108.11191368103027,2.599883133172989,0.014003764715748124,0.0001,0.008710400000000002,0,0,0,224.49906055967074,0.1276611328125,0.6930235028266907,405.70678515434264,0,0,0,0,0
1212416,296,302.33419621114916,346.9,0.000472655997145921,115.77436819076539,2.502408480644226,0.012906659479090291,0.0001,0.008672000000000001,0.6,0.0,0.4,236.67235778476348,0.1286865234375,0.8009280562400818,422.60053539276123,7.739694279028415,0.3832201849509012,0.0,0,0.7047565936323723
1216512,297,0,0,0.0018370843899901956,180.41673412323,2.3962026715278624,0.01639742217230828,0.0001,0.008633600000000003,0,0,0,230.39603091401847,0.1661865234375,0.6079508066177368,399.7737062454224,0,0,0,0,0
1220608,298,176.11048586317753,205.8,0.008085689396830275,60.00866851806641,2.7918583661317826,0.027861593017592647,0.0001,0.0085952,0.7,0.1,0.2,212.4688344803481,0.2160400390625,0.829864501953125,417.35916419029235,8.067367832326678,0.5005602399465895,0.0,0,0.4982080904121947
1224704,299,0,0,0.000732808094471693,127.18400030136108,2.5497785329818727,0.016901449562285634,0.0001,0.008556800000000003,0,0,0,211.95860014812294,0.15244140625,0.6357762813568115,361.06554021835325,0,0,0,0,0
1228800,300,-3.896286726081604,140.0,0.012936037604231388,159.60333709716798,2.4433786630630494,0.06337958489985167,0.0001,0.0085184,0.9,0.1,0.0,230.77758754825342,0.2419189453125,0.6330482959747314,501.5030990600586,6.386990533753193,0.5890600221060438,0.0,0,0.2600455990245634
1232896,301,0,0,0.06147380110342056,374.6283237457275,2.3916995733976365,0.3753609527382682,0.0001,0.008480000000000001,0,0,0,242.79957309348134,0.414453125,0.2937871813774109,1354.307667350769,0,0,0,0,0
1236992,302,-30.981742690365632,39.2,0.005635999527294188,244.89532432556152,2.3427945733070374,0.05416990639933276,0.0001,0.008441600000000002,1.0,0.0,0.0,236.70949341674608,0.316064453125,0.39927178621292114,1581.425177192688,3.267410834881532,0.6183145868894491,0.0,0,0.04755164613146777
1241088,303,0,0,0.02894214159459807,52.28513181209564,2.465475896000862,0.0688700362050472,0.0001,0.0084032,0,0,0,239.22161850252672,0.420361328125,0.29866814613342285,871.8123659610749,0,0,0,0,0
1245184,304,-15.970745671606219,31.6,0.032865572668379174,21.47060799598694,2.354659104347229,0.07666605544509582,0.0001,0.008364800000000002,1.0,0.0,0.0,238.26820336126875,0.4306396484375,0.5287047028541565,223.96451742649077,2.856128390133106,0.5210600735938419,0.0,0,0.033224666373022946
1249280,305,0,0,0.03763587073772214,8.690354537963866,2.4088336646556856,0.1648425631516168,0.0001,0.0083264,0,0,0,214.59596947227925,0.396044921875,0.38607072830200195,86.40712512731552,0,0,0,0,0
1253376,306,-16.291165896137336,42.0,0.0010791834909468889,18.66024854183197,2.2091987818479537,0.02329068272374809,0.0001,0.008288000000000002,1.0,0.0,0.0,230.12704159603402,0.225830078125,0.5871416330337524,57.43964725732803,3.1100652790013723,0.4000462344803396,0.0,0,0.044324386111331486
1257472,307,0,0,0.016235780029091984,11.006561440229415,2.1917505711317062,0.06504462038865587,0.0001,0.008249600000000001,0,0,0,237.71239216035718,0.3704833984375,0.7192621231079102,52.58579463362694,0,0,0,0,0
1261568,308,-14.71675343303283,36.8,-0.003924270672723651,8.672117030620575,2.4324864953756333,0.017758056853201705,0.0001,0.008211200000000002,1.0,0.0,0.0,227.36804743118867,0.17392578125,0.7532289028167725,48.14115605354309,2.778195468692913,0.5492724758205787,0.0,0,0.03749435018287231
1265664,309,0,0,-0.008992576616583392,10.101435846090316,2.388718244433403,0.016517145176477958,0.0001,0.008172800000000001,0,0,0,250.72913673972232,0.17783203125,0.7688616514205933,54.88824815750122,0,0,0,0,0
1269760,310,-6.590368945551207,48.0,-0.012759521143743768,8.464182829856872,2.324341943860054,0.01961840375952499,0.0001,0.008134400000000003,1.0,0.0,0.0,253.16078262054202,0.19716796875,0.8054122924804688,52.82499017715454,3.3580947047812986,0.4512171757658052,0.0,0,0.0627282009207475
1273856,311,0,0,-0.0057939267717301846,14.061696708202362,2.3186933517456056,0.018638766452206034,0.0001,0.008096,0,0,0,262.7644128563255,0.2238525390625,0.7524072527885437,61.55234981775284,0,0,0,0,0
1277952,312,17.98607579964091,102.1,-0.00943172153783962,25.840382599830626,2.346553495526314,0.015948416992070544,0.0001,0.008057600000000002,1.0,0.0,0.0,258.5818316733849,0.1957275390625,0.7112085819244385,118.38099317550659,4.3894357143330165,0.8180600459951816,0.0,0,0.11679841620997773
1282048,313,0,0,-0.003400553506799042,40.47742900848389,2.445321077108383,0.012895482488967866,0.0001,0.0080192,0,0,0,254.68044001228583,0.1296142578125,0.6509970426559448,117.64695773124694,0,0,0,0,0
1286144,314,17.52040125066909,88.6,-0.004571277881041169,50.151667785644534,2.4698877543210984,0.01166945816367154,0.0001,0.007980800000000001,0.9,0.1,0.0,160.57972061028272,0.1170166015625,0.712409496307373,141.77000565528868,4.716411759063184,0.7524469745538132,0.0,0,0.15134261425727516
1290240,315,0,0,-0.0029343259520828724,58.386522912979125,2.50375936627388,0.005269751933066623,0.0001,0.007942400000000002,0,0,0,246.77425221158384,0.0447021484375,0.6584808826446533,123.12387802600861,0,0,0,0,0
1294336,316,43.002012033591306,128.7,-0.004119677905691788,39.35201826095581,2.5290004342794417,0.008038443353645458,0.0001,0.007904000000000001,0.8,0.2,0.0,249.26695563958955,0.0804931640625,0.729417085647583,85.15416572093963,5.990750004257518,0.7884253271597295,0.0,0,0.2112052537523411
1298432,317,0,0,-0.0023702371399849653,55.13583574295044,2.569628170132637,0.012268221194246412,0.0001,0.007865600000000002,0,0,0,239.4210145939926,0.11708984375,0.6409710645675659,120.03077378273011,0,0,0,0,0
1302528,318,91.64578947067874,208.6,-0.005305045749992132,47.448791933059695,2.6107841938734055,0.01162436314407544,0.0001,0.007827200000000001,0.8,0.2,0.0,227.63461826854598,0.1170654296875,0.7050405740737915,110.71078624725342,5.901155410608342,0.602050898031975,0.0,0,0.34712642678686356
1306624,319,0,0,-0.002655335672898218,59.601570510864256,2.591054320335388,0.00828401843027959,0.0001,0.007788800000000002,0,0,0,238.88484125091512,0.0706787109375,0.6953905820846558,175.29050278663635,0,0,0,0,0
1310720,320,105.53083017107096,175.4,-0.004423485096776858,71.32470464706421,2.3873766630887987,0.010444399906648362,0.0001,0.007750400000000003,1.0,0.0,0.0,238.06354346813583,0.0910400390625,0.6500492691993713,207.24186656475067,7.374409541020735,0.6543223346480092,0.0,0,0.4081592536071145
1314816,321,0,0,-0.00143209170200862,76.57913951873779,2.3948956936597825,0.007177789601202737,0.0001,0.007712,0,0,0,235.88842930571096,0.0664306640625,0.7219808101654053,250.77691597938536,0,0,0,0,0
1318912,322,160.02956381051308,259.9,-0.0022016052942490207,65.81598386764526,2.3279161900281906,0.007366112559614536,0.0001,0.007673600000000003,0.9,0.1,0.0,241.12125188861623,0.0595458984375,0.7635422945022583,198.87802460193635,7.151320265099963,0.6390389386278683,0.0,0,0.46915239741549336
1323008,323,0,0,-0.0011026760446839034,91.04717655181885,2.330898654460907,0.005592932239599916,0.0001,0.0076352,0,0,0,230.32018589205992,0.0473388671875,0.6686815619468689,277.51563334465027,0,0,0,0,0
1327104,324,169.2695960688623,230.6,-0.0026811854913830757,83.63097457885742,2.337081703543663,0.0056297907605789175,0.0001,0.0075968000000000025,0.7,0.3,0.0,235.69152480297657,0.05419921875,0.7466793656349182,284.35851354599,7.759981310923531,0.5182294689422176,0.0,0,0.46386082568013914
1331200,325,0,0,-0.001585250667994842,86.01246395111085,2.4125028163194657,0.007713260673156762,0.0001,0.007558400000000002,0,0,0,245.3839111799461,0.063427734375,0.7737696170806885,333.783767414093,0,0,0,0,0
1335296,326,133.22868947058424,167.8,-0.002730700490064919,79.02543587684632,2.369068738818169,0.007215467402422651,0.0001,0.007520000000000001,0.8,0.2,0.0,223.80337376905743,0.0599365234375,0.6957062482833862,290.92573947906493,8.511544905194526,0.5665640366050133,0.0,0,0.4083409168728306
1339392,327,0,0,-0.0010034589096903801,91.5107816696167,2.440289783477783,0.009264254041593792,0.0001,0.0074816000000000014,0,0,0,213.1015982257805,0.084521484375,0.741155743598938,347.3293647766113,0,0,0,0,0
1343488,328,202.72222730319197,221.2,0.0007575406692922115,90.36256551742554,2.2566393435001375,0.012305581667353764,0.0001,0.007443200000000002,0.8,0.1,0.1,238.96221153838798,0.1172607421875,0.7889304161071777,342.61774973869325,8.622750374502306,0.5617186297461083,0.0,0,0.5138569123275528
1347584,329,0,0,-0.001290375943062827,107.63121128082275,2.3096242547035217,0.00985093103372702,0.0001,0.007404800000000001,0,0,0,240.2214268909045,0.089892578125,0.7788807153701782,295.8952880382538,0,0,0,0,0
1351680,330,150.1874057743833,200.4,0.006394585699308663,107.12062702178955,2.23784177005291,0.025773852948626542,0.0001,0.007366400000000002,0.8,0.2,0.0,227.38073758399403,0.1964111328125,0.8050832748413086,375.74277954101564,8.381068492150144,0.7233157935400192,0.0,0,0.45702844193213926
1355776,331,0,0,-0.0038381470716558398,97.46678743362426,2.3373036324977874,0.00729703922661609,0.0001,0.007328000000000001,0,0,0,220.14275384741475,0.079931640625,0.8393957614898682,640.8185198783874,0,0,0,0,0
1359872,332,209.91979012907737,274.6,-0.0010984678985551,112.99040126800537,2.26832894384861,0.008585246922495581,0.0001,0.0072896,0.6,0.2,0.2,213.27186766476675,0.090966796875,0.7646151781082153,521.8252095222473,8.009325807409942,0.696565087855725,0.0,0,0.5754691741521718
1363968,333,0,0,0.0535511190246325,88.28728122711182,2.341927084326744,0.17406307080819156,0.0001,0.007251200000000003,0,0,0,216.50409392447585,0.4741943359375,0.8109772205352783,358.40482692718507,0,0,0,0,0
1368064,334,136.46520601720812,218.4,0.0070906637061852965,114.27918844223022,2.229623627662659,0.02238416931650538,0.0001,0.0072128,0.7,0.2,0.1,238.6907938677284,0.218701171875,0.7852159738540649,447.4121735572815,7.947541170146937,0.9147217191811718,0.0,0,0.43762534211286874
1372160,335,0,0,-0.0014741804101504386,95.18559379577637,2.3004748076200485,0.010895425491074816,0.0001,0.007174400000000003,0,0,0,226.34160441215082,0.1197509765625,0.7721691727638245,346.52597017288207,0,0,0,0,0
1376256,336,130.86983331937753,192.9,-0.002646225830540061,97.8808180809021,2.241318368911743,0.010440995202228553,0.0001,0.007136,0.9,0.1,0.0,220.27138056138986,0.1083984375,0.6950762867927551,389.64880566596986,8.512136216591419,0.9126985759811609,0.0,0,0.45935979855949627
1380352,337,0,0,-0.0030971391883213074,91.54352264404297,2.210513725876808,0.010933048723384343,0.0001,0.0070976000000000025,0,0,0,227.04758648361945,0.108447265625,0.7461594939231873,382.08265433311465,0,0,0,0,0
1384448,338,129.01719150095576,186.1,0.007823660923168062,109.78386898040772,2.2372194290161134,0.029372113080175632,0.0001,0.007059200000000002,0.8,0.2,0.0,235.7563865423082,0.15830078125,0.7566424012184143,409.7725063323975,8.063404381215127,0.7727711609960992,0.0,0,0.4488844186674578
1388544,339,0,0,0.0028084281948395073,89.7731309890747,2.2336805880069734,0.019414942491860265,0.0001,0.007020800000000002,0,0,0,234.33963262522485,0.1660400390625,0.8056839108467102,324.934948348999,0,0,0,0,0
1392640,340,233.07833845009455,291.4,-0.0007423661125358194,114.00738744735717,2.140847271680832,0.010933133389337938,0.0001,0.0069824000000000015,0.5,0.2,0.3,211.1073696079505,0.1143310546875,0.8045228719711304,474.95792961120605,8.186655121870709,0.707707000191327,0.0,0,0.6174468604782597
1396736,341,0,0,0.0016789279063232243,69.61612334251404,2.308737078309059,0.014921786332708614,0.0001,0.0069440000000000005,0,0,0,212.1299886657763,0.133447265625,0.8550537824630737,439.14375281333923,0,0,0,0,0
1400832,342,152.95747022648644,225.5,0.02181235224707052,94.7183464050293,2.2690124243497847,0.06647205038680656,0.0001,0.006905600000000001,0.8,0.1,0.1,212.46239425942522,0.3823486328125,0.8096084594726562,480.268087720871,8.393973111052933,0.832091229156197,0.0,0,0.5450593732629792
1404928,343,0,0,0.0011214693950023502,113.91560211181641,2.101140573620796,0.018279994709884846,0.0001,0.006867200000000002,0,0,0,226.20101850219922,0.17705078125,0.7256340980529785,376.5043915748596,0,0,0,0,0
1409024,344,214.44815649902472,285.9,-0.0014971876138588414,99.13562517166137,2.231395325064659,0.008691629339593762,0.0001,0.006828800000000001,0.7,0.1,0.2,214.7118154812097,0.0927734375,0.7580996751785278,534.5327570915222,7.493173434127175,0.6531656075281245,0.0,0,0.5218280692942592
1413120,345,0,0,-0.0036065015505300836,80.82725200653076,2.216941124200821,0.008802268557794582,0.0001,0.006790400000000002,0,0,0,222.95218878489263,0.0951171875,0.8120728731155396,360.160448551178,0,0,0,0,0
1417216,346,229.83931699412432,250.6,0.004675967496586964,106.33679761886597,2.3962051451206205,0.018267614973595775,0.0001,0.006752000000000003,0.9,0.0,0.1,187.02909985931996,0.1891357421875,0.5996471643447876,533.8376873493195,8.450229788867045,0.5927151101059149,0.0,0,0.5826423347529031
1421312,347,0,0,0.0008603246416896582,71.93216619491577,2.304545742273331,0.014485391028578196,0.0001,0.006713600000000002,0,0,0,239.77534169013984,0.151416015625,0.8339108824729919,349.058035326004,0,0,0,0,0
1425408,348,234.01331060451338,292.6,-0.0012770414119586348,127.76368837356567,2.17632472217083,0.017308140121169897,0.0001,0.006675200000000003,0.7,0.1,0.2,246.3255692633704,0.1102783203125,0.7978500723838806,775.9870471954346,7.751929730578946,0.6904193100543521,0.0,0,0.7249585934642246
1429504,349,0,0,0.016333824954926968,101.48785276412964,2.3287071734666824,0.06019089121255342,0.0001,0.0066368,0,0,0,220.9702148532396,0.315869140625,0.8053100109100342,450.876265001297,0,0,0,0,0
1433600,350,182.18359262684265,224.1,-0.0008039859822019935,78.50566444396972,2.345641720294952,0.010909729558628095,0.0001,0.006598400000000001,0.5,0.4,0.1,249.6164686983287,0.12060546875,0.778617262840271,421.5668365955353,7.554111503736745,0.5118800064132822,0.0,0,0.48602477361870056
1437696,351,0,0,0.004792864876799285,91.27190589904785,2.2618762075901033,0.023780602294575837,0.0001,0.006560000000000002,0,0,0,219.13964106464766,0.1873046875,0.8387727737426758,490.0491478919983,0,0,0,0,0
1441792,352,281.0226278753265,306.2,0.0012040969741065055,96.1813105583191,2.3383282661437987,0.011763157744282993,0.0001,0.006521600000000001,0.6,0.1,0.3,225.4941415440917,0.11650390625,0.751836895942688,352.0763525009155,8.272259975456615,0.4811547626606326,0.0,0,0.6251435961421421
1445888,353,0,0,-0.00036408710875548425,113.65906839370727,2.037727814912796,0.010110923543836851,0.0001,0.0064832000000000015,0,0,0,224.72126710378294,0.0945068359375,0.7958050966262817,453.98961267471316,0,0,0,0,0
1449984,354,203.76418672712632,233.0,-0.000782233098288998,115.59845600128173,2.231918105483055,0.007188972836596615,0.0001,0.0064448000000000005,0.8,0.2,0.0,232.1912161934685,0.0729736328125,0.6988036632537842,534.353588104248,9.037280003640573,0.515599205125904,0.0,0,0.4658695167617667
1454080,355,0,0,0.012180082272971049,87.08564147949218,2.2334245443344116,0.04243427888086823,0.0001,0.006406400000000001,0,0,0,219.01374509114814,0.22119140625,0.8360468149185181,606.7315979957581,0,0,0,0,0
1458176,356,232.72545819401913,259.6,3.098489250987768e-05,98.75131950378417,2.2614721596240996,0.011623218530442769,0.0001,0.006368000000000002,0.8,0.1,0.1,229.60882596317694,0.131591796875,0.7818471193313599,458.7677683830261,7.8759568262291335,0.47325217279840465,0.0,0,0.5558642297670752
1462272,357,0,0,0.021056534117087723,92.22651615142823,2.2330871403217314,0.06205911080615115,0.0001,0.006329600000000001,0,0,0,198.3610654028546,0.24453125,0.796450674533844,446.4112629890442,0,0,0,0,0
1466368,358,274.21039834439415,338.8,0.0008237253583502025,101.66473264694214,2.2290545225143434,0.010779471034768392,0.0001,0.006291200000000002,0.7,0.0,0.3,228.67839802880383,0.116357421875,0.8359575271606445,733.6244641780853,7.710665975108381,0.6800515735494732,0.0,0,0.6872216763245815
1470464,359,0,0,0.005520029441686347,97.86074199676514,2.4058369249105453,0.02566210528530513,0.0001,0.006252800000000003,0,0,0,202.14643001156057,0.217333984375,0.7682548761367798,455.40865898132324,0,0,0,0,0
1474560,360,138.4122998892077,181.5,-0.0010008535522501917,114.81443424224854,2.1912743985652923,0.00871608359448445,0.0001,0.006214400000000002,0.8,0.2,0.0,217.82089736857927,0.0774658203125,0.8302210569381714,848.9952207565308,7.767715394145879,0.6289814100795459,0.0,0,0.41806616642426836
1478656,361,0,0,0.0011829971335828304,120.8532730102539,2.2597867846488953,0.016630187087869713,0.0001,0.006176000000000001,0,0,0,226.44786448349754,0.1540283203125,0.7761372327804565,604.4530700683594,0,0,0,0,0
1482752,362,188.81194139959138,211.7,0.00017067328444682063,103.04903554916382,2.3010134398937225,0.009920429144770218,0.0001,0.006137600000000002,0.7,0.2,0.1,218.8104522957295,0.0944580078125,0.8018884658813477,552.037760066986,7.790923728703565,0.4960476495642642,0.0,0,0.4662817231155869
1486848,363,0,0,0.005507628427585587,86.80318975448608,2.307269337773323,0.021518346810947553,0.0001,0.006099200000000001,0,0,0,220.37402045535444,0.2026611328125,0.8300251960754395,584.2328296661377,0,0,0,0,0
1490944,364,276.2910948244018,316.1,0.005246258951956406,156.10399351119995,2.204153022170067,0.01752115498493653,0.0001,0.006060800000000003,0.4,0.1,0.5,234.64424641575795,0.168408203125,0.6031361222267151,723.8556799888611,7.378282135643398,0.4901814675811604,0.0,0,0.6549311813609364
1495040,365,0,0,0.014488738126237877,90.05545425415039,2.332599315047264,0.05360919241502664,0.0001,0.006022400000000001,0,0,0,207.21292434722758,0.3400390625,0.7744770646095276,619.8015560150146,0,0,0,0,0
1499136,366,293.04941277279175,343.4,0.0003143805544823408,85.20619840621949,2.370641592144966,0.009810940206809986,0.0001,0.005984000000000003,0.6,0.1,0.3,215.82224232223487,0.10048828125,0.8111631870269775,435.7246389389038,7.539221152729927,0.45296343682273205,0.0,0,0.657079387304325
1503232,367,0,0,-0.00013999080983921884,92.45711793899537,2.3991274744272233,0.014445063009046966,0.0001,0.0059456000000000005,0,0,0,220.39699373645703,0.1554443359375,0.6426638960838318,425.7509160041809,0,0,0,0,0
1507328,368,235.51794898561258,238.3,0.013229028513887898,81.32836279869079,2.3038653165102003,0.04699199910683376,0.0001,0.005907200000000003,0.7,0.1,0.2,204.87372526102607,0.29189453125,0.6594240665435791,299.408540058136,8.318523989747337,0.4105630171796274,0.0,0,0.5384501114448078
1511424,369,0,0,0.002671586547512561,101.53923902511596,2.1919732987880707,0.027067412623730736,0.0001,0.005868800000000002,0,0,0,200.70897520242758,0.19599609375,0.7326024174690247,547.9109299659729,0,0,0,0,0
1515520,370,190.457433593012,196.7,0.0027350545627996326,130.1256323814392,2.157309573888779,0.014139676508059973,0.0001,0.005830400000000001,0.8,0.1,0.1,231.66533494942936,0.140576171875,0.7415972948074341,589.1439328193665,8.715965709428911,0.46373415102517973,0.0,0,0.5095350154877204
1519616,371,0,0,-0.0002495425520464778,135.2567813873291,2.268760135769844,0.007354574873901373,0.0001,0.005792000000000002,0,0,0,213.76375026196524,0.0732177734375,0.6868788003921509,613.9363291740417,0,0,0,0,0
1523712,372,226.9019205739782,252.6,-0.0011050724715460092,122.26256093978881,2.2341064333915712,0.011644832279128742,0.0001,0.005753600000000001,0.8,0.1,0.1,214.65353087006162,0.1004150390625,0.7194219827651978,409.0071544647217,8.553070573845785,0.44512520911967657,0.0,0,0.6016521407830322
1527808,373,0,0,4.814837593585253e-05,89.69303636550903,2.352856406569481,0.015478881611492721,0.0001,0.005715200000000002,0,0,0,232.78862796942246,0.1533935546875,0.7905135154724121,520.3213040351868,0,0,0,0,0
1531904,374,201.8076335634852,263.8,0.026909455575514586,125.12278718948365,2.406376138329506,0.09287650230981363,0.0001,0.005676800000000001,0.8,0.0,0.2,214.60794682039543,0.3736572265625,0.7111482620239258,645.0082313537598,7.33574070799867,0.41279132648324096,0.0,0,0.5002478076299186
1536000,375,0,0,-0.0022580220946110787,127.57954025268555,2.4434945613145826,0.009854218383410284,0.0001,0.005638400000000002,0,0,0,185.8538140440974,0.105810546875,0.5998783111572266,439.1559930801392,0,0,0,0,0
1540096,376,220.50244174242735,244.1,0.025140030193142593,125.91902418136597,2.321909210085869,0.09709026769451415,0.0001,0.005600000000000001,0.7,0.2,0.1,215.0933826517753,0.378369140625,0.6862973570823669,454.5655005455017,8.455683998820811,0.4173040736634405,0.0,0,0.5087477851708428
1544192,377,0,0,0.003284802532289177,124.7995834350586,2.192980593442917,0.024832085661185783,0.0001,0.005561600000000003,0,0,0,228.82689671537,0.1515625,0.8002753257751465,735.3995742797852,0,0,0,0,0
1548288,378,217.84793839357218,218.9,-0.0016565537604037671,175.25349197387695,2.0248733416199682,0.008867509655740426,0.0001,0.005523200000000001,0.9,0.0,0.1,226.96683797685083,0.0792236328125,0.7083721160888672,564.4719199180603,8.608574623804644,0.34677469316111653,0.0,0,0.4942272494864324
1552384,379,0,0,0.002680504857562482,140.04178104400634,2.3224844932556152,0.020557735688638282,0.0001,0.0054848000000000015,0,0,0,200.4258952508431,0.1794677734375,0.6354938745498657,515.9639860153198,0,0,0,0,0
1556480,380,186.82014029131832,193.7,0.00012032125086989254,157.29474954605104,2.0770239725708963,0.012165550707144774,0.0001,0.0054464000000000005,0.9,0.0,0.1,209.06006262236207,0.118359375,0.7174676656723022,664.2068281173706,8.740651405181044,0.40084215641860377,0.0,0,0.4555033106520348
1560576,381,0,0,0.001349969790317118,123.63519144058228,2.116505554318428,0.013573698313124067,0.0001,0.005408000000000001,0,0,0,204.78674890431103,0.1254638671875,0.822385847568512,393.9943780899048,0,0,0,0,0
1564672,382,212.2174965827427,281.2,0.0007891022716648877,155.02768812179565,2.1736052483320236,0.020371242653348453,0.0001,0.005369600000000002,0.7,0.0,0.3,213.26645617098887,0.1833740234375,0.6331126689910889,500.3155488014221,7.855207980306756,0.5287936655009152,0.0,0,0.53580600104945
1568768,383,0,0,-0.0004283214919269085,152.45282640457154,2.1005693465471267,0.015489529083428063,0.0001,0.005331200000000001,0,0,0,212.4475314781502,0.15927734375,0.6822364926338196,456.0385124206543,0,0,0,0,0
1572864,384,294.24443850484033,340.2,0.02067330395220779,131.68085680007934,2.17203488945961,0.14090352032945183,0.0001,0.005292800000000002,0.5,0.1,0.4,220.06730349864074,0.2401611328125,0.7651160955429077,531.6419209480285,7.720886340967015,0.7149982020252602,0.0,0,0.7173200281035416
1576960,385,0,0,0.0109685013681883,90.2996413230896,2.473527130484581,0.024234701332175878,0.0001,0.005254400000000001,0,0,0,201.91351040617033,0.2209228515625,0.8141497373580933,786.8003596305847,0,0,0,0,0
1581056,386,124.57866313426423,201.2,0.012616023162263446,61.88032078742981,2.589743587374687,0.0527697733079574,0.0001,0.005216000000000002,0.7,0.2,0.1,205.9527805899031,0.288134765625,0.8246101140975952,523.0563100814819,7.872340779912352,0.8867406293742846,0.0,0,0.4369232155253102
1585152,387,0,0,0.017838900472270325,124.71872491836548,2.4248776167631148,0.06387697883183546,0.0001,0.005177600000000003,0,0,0,109.15262383748552,0.36396484375,0.7726583480834961,686.1217900276184,0,0,0,0,0
1589248,388,359.68351214940105,433.8,0.003068943094694987,92.3757525920868,2.5569181948900224,0.029605598637138297,0.0001,0.005139200000000002,0.3,0.1,0.6,234.8456898147086,0.191455078125,0.8016000986099243,463.8274495124817,6.73326054968108,0.5567551925157409,0.0,0,0.8287628082205891
1593344,389,0,0,0.0030084766331128776,82.25801796913147,2.572219106554985,0.014367801630581883,0.0001,0.0051008000000000026,0,0,0,242.23603873662933,0.1253173828125,0.6451553702354431,503.2044349193573,0,0,0,0,0
1597440,390,316.89057407847963,388.0,0.015427435672609135,73.04607076644898,2.703069859743118,0.057641881504972084,0.0001,0.0050624,0.7,0.1,0.2,210.4337908090174,0.286767578125,0.7700943350791931,469.3748779296875,6.798042053043206,0.5110803195984754,0.0,0,0.6308897892816075
1601536,391,0,0,0.015252303215675056,83.52991466522217,2.4675370186567305,0.03748297276033948,0.0001,0.005024000000000002,0,0,0,212.1466015306605,0.30478515625,0.6998121738433838,488.1613720417023,0,0,0,0,0
1605632,392,303.0997176654081,347.3,0.0026561163598671556,68.27326378822326,2.5649766713380813,0.01805446034413969,0.0001,0.005,0.5,0.1,0.4,209.25518088957028,0.1755859375,0.7995706796646118,354.3923186302185,7.696437198762302,0.437958216278653,0.0,0,0.7812917823308665
1609728,393,0,0,0.00418537239311263,67.1998692035675,2.489808788895607,0.020067167426170825,0.0001,0.005,0,0,0,219.74349144368864,0.16943359375,0.7438215017318726,438.83804693222044,0,0,0,0,0
1613824,394,198.05912818944626,277.6,0.00708367787883617,98.36397094726563,2.4634646505117415,0.02781921567803115,0.0001,0.005,0.6,0.1,0.3,221.21985864844763,0.21484375,0.7600767612457275,541.7588371276855,6.181312700126858,0.6036020754666311,0.0,0,0.5309052732406937
1617920,395,0,0,-0.0005311181535944343,79.29995584487915,2.507059860229492,0.00958289507252827,0.0001,0.005,0,0,0,210.08350264056673,0.08984375,0.8359162211418152,523.5763996124267,0,0,0,0,0
1622016,396,424.8857748477525,494.4,0.004688845918281004,111.7759108543396,2.5025029361248015,0.022560854256155477,0.0001,0.005,0.4,0.0,0.6,221.70525968632882,0.2062255859375,0.6362541913986206,418.5550959587097,6.941763936082654,0.48193603448253575,0.0,0,0.9163038190507858
1626112,397,0,0,0.025540508481208236,68.75535655021667,2.4961191177368165,0.05512901899637902,0.0001,0.005,0,0,0,238.2084060171458,0.380029296875,0.7398548722267151,577.8727719306946,0,0,0,0,0
1630208,398,197.24606548553933,278.1,0.05483753596199677,82.94390068054199,2.4092540800571443,0.2776026832652885,0.0001,0.005,0.7,0.1,0.2,234.607272137932,0.41181640625,0.6873531341552734,542.2523729324341,6.485528861848694,0.5015452947054259,0.0,0,0.5221325925155754
1634304,399,0,0,0.009168113308260218,69.81392097473145,2.716713789105415,0.030255440037583216,0.0001,0.005,0,0,0,209.73017450916387,0.1992431640625,0.767503023147583,449.67072496414187,0,0,0,0,0
1638400,400,304.53771162977426,390.6,0.0017837041523307562,59.55501961708069,2.4654084026813505,0.018999409155369237,0.0001,0.005,0.6,0.0,0.4,221.45968676621987,0.1709228515625,0.7627307176589966,538.947695350647,6.920290529021858,0.49280361344374446,0.0,0,0.7321097750967068
1642496,401,0,0,0.0049137379042804245,89.21529011726379,2.502156835794449,0.024002102650052155,0.0001,0.005,0,0,0,230.95855472295423,0.1537109375,0.6792712211608887,473.3163137435913,0,0,0,0,0
1646592,402,289.0452333930364,338.8,0.0002981057739816606,68.62130527496338,2.662793996930122,0.011699544372097281,0.0001,0.005,0.5,0.2,0.3,245.1119823448404,0.1095458984375,0.7701056003570557,382.813964176178,6.828281927590626,0.3862915295594391,0.0,0,0.5645701026991886
1650688,403,0,0,0.014054430910618976,61.094277667999265,2.5342141181230544,0.07591253340360904,0.0001,0.005,0,0,0,242.73158106453755,0.2627197265625,0.7330498695373535,426.984015083313,0,0,0,0,0
1654784,404,306.8400672555501,608.8,-0.0008321380126290023,74.0469135761261,2.7914109736680985,0.012697612048943745,0.0001,0.005,0.6,0.0,0.4,258.36491247836983,0.1167724609375,0.7792533040046692,485.5321608543396,4.69536114428046,0.8581559384236996,0.0,0,0.7766185503655206
1658880,405,0,0,-0.00497979843057692,45.89822945594788,2.833588123321533,0.016057420067320225,0.0001,0.005,0,0,0,240.2387771244125,0.141357421875,0.8333479166030884,359.4040949821472,0,0,0,0,0
1662976,406,314.19499185056094,477.7,-0.0024426839256193487,39.21707634925842,2.771080532670021,0.014283218895435707,0.0001,0.005,0.6,0.0,0.4,229.11983178475333,0.1175537109375,0.8454917669296265,529.6888987541199,5.792433351298174,0.6432323034915128,0.0,0,0.7105056410398011
1667072,407,0,0,-0.0013318179233465343,53.36231698989868,2.726159355044365,0.011053533598898988,0.0001,0.005,0,0,0,220.1995251549496,0.098779296875,0.7229018211364746,353.5529398918152,0,0,0,0,0
1671168,408,305.5954325220428,519.8,-8.03103088401258e-05,80.13630776405334,2.7746042907238007,0.011104863745278425,0.0001,0.005,0.3,0.2,0.5,253.447277054873,0.1007568359375,0.7154848575592041,551.1572514533997,5.480662527907562,0.6743131229459027,0.0,0,0.7904640451927939
1675264,409,0,0,0.007152871234575286,52.0674651145935,2.7784760266542436,0.03471272329334461,0.0001,0.005,0,0,0,240.16360304065094,0.2665771484375,0.7423546314239502,331.85276384353637,0,0,0,0,0
1679360,410,393.14538343386096,534.4,0.0022330192965455352,52.65456871986389,3.1526130855083467,0.01806682128808741,0.0001,0.005,0.3,0.0,0.6,234.23245583160974,0.14951171875,0.8443701267242432,409.0121966362,5.653244931574442,0.4928478997704235,0.0,0,0.8415228329076312
1683456,411,0,0,0.03493573706946336,48.04557466506958,2.825929668545723,0.14122894837055694,0.0001,0.005,0,0,0,205.91622413219164,0.325732421875,0.8379911184310913,506.26311054229734,0,0,0,0,0
1687552,412,395.91933841879734,476.3,-0.0028972723230253905,66.30464777946472,2.7759156078100204,0.014162932406183095,0.0001,0.005,0.1,0.0,0.9,210.0277932457457,0.115869140625,0.7959359288215637,471.68221073150636,6.392498349888922,0.4504104384388318,0.0,0,0.9150778218562113
1691648,413,0,0,0.016401351790409534,55.19094276428223,3.1281719654798508,0.2996242277324218,0.0001,0.005,0,0,0,200.06817257271322,0.3011474609375,0.9133920669555664,280.5483507394791,0,0,0,0,0
1695744,414,354.9617636693644,480.1,0.06298964491579681,61.18646693229675,2.6935342252254486,0.19968243620824372,0.0001,0.005,0.4,0.1,0.5,204.1768384546971,0.5440185546875,0.838310718536377,625.1461866855622,6.43653096600219,0.6671070021448265,0.0,0,0.8608219395735747
1699840,415,0,0,0.004795701697003096,93.46882982254029,2.5153134763240814,0.0365240146551533,0.0001,0.005,0,0,0,207.04586522643277,0.211962890625,0.8404409885406494,797.8481699943543,0,0,0,0,0
1703936,416,221.42583787835036,327.2,-0.001708681636955589,80.87710585594178,2.642741447687149,0.013266818557169532,0.0001,0.005,0.5,0.2,0.3,206.10718948740717,0.1315185546875,0.8509077429771423,553.9347866535187,6.718889636268502,0.7725561281828099,0.0,0,0.5915284028490589
1708032,417,0,0,0.008914148586336523,68.27300515174866,2.610024204850197,0.03152395301331518,0.0001,0.005,0,0,0,223.58627759095847,0.2343994140625,0.7753212451934814,484.0059769630432,0,0,0,0,0
1712128,418,268.9446177127528,379.1,0.00028054192080162466,98.92149953842163,2.413515272736549,0.011041008026224614,0.0001,0.005,0.5,0.0,0.5,195.19524256261263,0.1239501953125,0.8160290718078613,610.4036427497864,6.493981413400116,0.7100797886466911,0.0,0,0.7195749199898355
1716224,419,0,0,-0.004643113620113581,85.672700548172,2.5197111487388613,0.012480720790338368,0.0001,0.005,0,0,0,226.98695673865194,0.134228515625,0.873263955116272,1138.6421664237976,0,0,0,0,0
1720320,420,256.2967989865386,316.7,0.044380357838235795,67.84015040397644,2.5773187637329102,0.15596996414824757,0.0001,0.005,0.4,0.2,0.4,248.3109119109899,0.4372802734375,0.822253406047821,447.198127412796,7.489762162992832,0.36824639693582795,0.0,0,0.6998291174946314
1724416,421,0,0,-0.003013651433866471,106.25937395095825,2.4845444738864897,0.006969309086709901,0.0001,0.005,0,0,0,227.65388421893775,0.06318359375,0.5258511304855347,465.65008945465087,0,0,0,0,0
1728512,422,262.0797326762589,351.7,0.00652073158416897,79.92371778488159,2.5164170622825623,0.031701836554569235,0.0001,0.005,0.4,0.0,0.6,239.21916354474928,0.2494384765625,0.6846816539764404,365.0779807090759,7.061489815782193,0.34375979009572477,0.0,0,0.7050154439113973
1732608,423,0,0,-0.00310075429151766,110.40015735626221,2.4466898500919343,0.00926017661404543,0.0001,0.005,0,0,0,242.52921304967307,0.0887939453125,0.6257925033569336,385.85438413619994,0,0,0,0,0
1736704,424,384.9203619530744,441.3,0.0017347005777992308,99.03815450668336,2.6464178025722505,0.02093341080035506,0.0001,0.005,0.3,0.1,0.6,211.30606226211282,0.1965087890625,0.6862484812736511,331.09774589538574,7.622402066311008,0.34320855073780654,0.0,0,0.8153852464737419
1740800,425,0,0,-0.001968385168584064,93.49880313873291,2.4752805650234224,0.013997592814852914,0.0001,0.005,0,0,0,155.92889874884983,0.1387451171875,0.7413380146026611,493.6806623458862,0,0,0,0,0
1744896,426,344.87759545916424,374.4,-0.0032764492381829767,104.02892045974731,2.463133844733238,0.009142886098928769,0.0001,0.005,0.5,0.0,0.5,210.0018838461446,0.0955810546875,0.7453608512878418,522.7653339385986,7.490988081283071,0.2919981080470853,0.0,0,0.7589605102814059
1748992,427,0,0,0.0041685763513669375,103.03024291992188,2.449913737177849,0.02064430917235159,0.0001,0.005,0,0,0,243.6794686215261,0.191796875,0.775610089302063,387.75594453811647,0,0,0,0,0
1753088,428,336.29656341892195,418.0,-0.0007681843708269298,94.47095680236816,2.451172184944153,0.010311262928739056,0.0001,0.005,0.4,0.1,0.5,238.96931477099778,0.1008056640625,0.767409086227417,393.1213578224182,7.020127961108292,0.33088982841207754,0.0,0,0.8208986696525553
1757184,429,0,0,0.005806667904835194,100.82955694198608,2.5906961977481844,0.02282702628290561,0.0001,0.005,0,0,0,229.93761233802692,0.181396484375,0.7532663941383362,390.2793169975281,0,0,0,0,0
1761280,430,332.3933057179571,339.0,0.0035280346288345753,77.35853900909424,2.4003927916288377,0.018700136095873884,0.0001,0.005,0.4,0.1,0.5,214.48103831485733,0.154150390625,0.7666000127792358,450.50234513282777,8.208321988237508,0.608632723168749,0.0,0,0.7367964269625109
1765376,431,0,0,0.037583264644490556,101.62547616958618,2.345228961110115,0.11110723184101841,0.0001,0.005,0,0,0,219.33663776665293,0.394140625,0.7785400152206421,481.029537153244,0,0,0,0,0
1769472,432,303.3980379306111,363.1,0.000843539769994095,102.42382144927979,2.3548765391111375,0.01412769176531772,0.0001,0.005,0.3,0.3,0.4,218.6031192993999,0.145849609375,0.8245658278465271,747.6331966400146,8.354186303086466,0.7030475474620508,0.0,0,0.7763384401805807
1773568,433,0,0,0.0024245781358331444,85.6177056312561,2.367816424369812,0.020250870124439303,0.0001,0.005,0,0,0,238.9425161542296,0.1793701171875,0.7864329814910889,462.4644486427307,0,0,0,0,0
1777664,434,280.91483908315547,343.6,0.00047432975261472163,71.83780422210694,2.447001242637634,0.015058494682309426,0.0001,0.005,0.5,0.0,0.5,214.91093686457793,0.1316162109375,0.7781062126159668,394.93434143066406,6.768354209921296,0.47693085549311254,0.0,0,0.6974167349743624
1781760,435,0,0,0.0001376446947688237,114.90194187164306,2.32190945148468,0.01061270694918063,0.0001,0.005,0,0,0,228.43936106114535,0.1049560546875,0.7187983989715576,607.474213218689,0,0,0,0,0
1785856,436,395.5338806442369,443.4,-0.0018503778148442507,68.68832869529724,2.4882171213626862,0.006813911717865108,0.0001,0.005,0.3,0.0,0.7,200.10913583434694,0.0704833984375,0.8137030601501465,509.94397125244143,7.108656338601037,0.49705153385313866,0.0,0,0.8283585328442433
1789952,437,0,0,0.002329417772125453,64.48901987075806,2.283956155180931,0.014339853325513102,0.0001,0.005,0,0,0,221.60960881813793,0.12021484375,0.8125728964805603,618.510817527771,0,0,0,0,0
1794048,438,429.43196947213147,471.1,0.018966378195909784,84.71458082199096,2.4091794401407243,0.05840300098643932,0.0001,0.005,0.2,0.1,0.7,221.32658657426052,0.3428955078125,0.733921468257904,375.47810459136963,7.005582238852836,0.34175688759555684,0.0,0,0.8380080391583359
1798144,439,0,0,0.009347764257108792,74.26775856018067,2.500307008624077,0.02992942403653163,0.0001,0.005,0,0,0,212.2666518927293,0.2388427734375,0.8247189521789551,396.70434188842773,0,0,0,0,0
1802240,440,319.32838600751,396.5,0.01589604786131531,81.02297306060791,2.335344934463501,0.05161148655461471,0.0001,0.005,0.4,0.0,0.6,260.520860745035,0.2735107421875,0.6883546710014343,474.89040050506594,6.476989905076867,0.4434831489616629,0.0,0,0.8125894056088075
1806336,441,0,0,-0.0007929500134196132,83.80029792785645,2.478555390238762,0.02352377063507718,0.0001,0.005,0,0,0,219.90197652678285,0.1706298828125,0.766861617565155,356.6120816707611,0,0,0,0,0
1810432,442,474.0385030794975,556.3,0.0036274234706070276,74.46968321800232,2.545226925611496,0.016575553688384093,0.0001,0.005,0.2,0.0,0.8,235.41300359256957,0.1412841796875,0.7998836040496826,510.48627586364745,6.909566947291585,0.3213490465708276,0.0,0,0.9303212054952734
1814528,443,0,0,0.012132259132340551,72.80991849899291,2.5287367731332777,0.03691082148725629,0.0001,0.005,0,0,0,229.5370587597433,0.27216796875,0.7631819248199463,551.5073492527008,0,0,0,0,0
1818624,444,384.65617363863805,488.2,0.0128461898653768,74.97460198402405,2.4766011118888853,0.0380685972952085,0.0001,0.005,0.5,0.0,0.4,231.36797469800896,0.281494140625,0.7757453918457031,479.57914028167727,7.196690820750662,0.38817545984079477,0.0,0,0.7540670045532254
1822720,445,0,0,0.023593058926053345,71.7295744895935,2.561422494053841,0.0715630030637868,0.0001,0.005,0,0,0,208.27206173163026,0.2873779296875,0.8225440382957458,394.7633620262146,0,0,0,0,0
1826816,446,186.6923857176809,264.1,-0.0013979520299471915,92.92489137649537,2.5075995117425918,0.012227267604614617,0.0001,0.005,0.7,0.1,0.2,224.8911466723999,0.0939697265625,0.8021329641342163,499.3354687690735,7.274743856868071,0.5232176274094085,0.0,0,0.5072356164031568
1830912,447,0,0,-0.0011331149376928805,99.3631238937378,2.4371926933526993,0.007868668450287239,0.0001,0.005,0,0,0,242.1309339619352,0.0727783203125,0.7724223732948303,506.66582555770873,0,0,0,0,0
1835008,448,297.41507156494623,419.3,-0.0004403513332363218,110.11962928771973,2.5482822328805925,0.0061709282767002955,0.0001,0.005,0.6,0.0,0.4,204.3399298880336,0.0602294921875,0.7461352348327637,471.34168272018434,6.1966428652460595,0.5423979237959616,0.0,0,0.7625623049289786
1839104,449,0,0,-0.00045358684146776793,104.64423942565918,2.615179979801178,0.00943082374506279,0.0001,0.005,0,0,0,241.13292781240648,0.09423828125,0.7679541110992432,509.2503987312317,0,0,0,0,0
1843200,450,308.4848038265409,358.8,0.001637992012547329,70.74056692123413,2.5775941610336304,0.012943461626494665,0.0001,0.005,0.6,0.0,0.4,245.82928671588516,0.12265625,0.8156795501708984,454.1328377723694,7.06717079392036,0.47891486550078427,0.0,0,0.7103147791100534
1847296,451,0,0,0.003926868585404008,70.11572637557984,2.467800173163414,0.02186014718954786,0.0001,0.005,0,0,0,241.43190140734228,0.1928955078125,0.7453335523605347,436.03980522155763,0,0,0,0,0
1851392,452,306.63579715453307,409.3,0.007741717371391133,74.58793144226074,2.5125780791044234,0.028172587606972648,0.0001,0.005,0.5,0.1,0.3,253.22112374317794,0.2087646484375,0.7709475755691528,410.2198666095734,7.0962497463811545,0.3320435479795881,0.0,0,0.6708810897553099
1855488,453,0,0,-0.00032081936951726674,97.63656368255616,2.6034259110689164,0.006957721682559012,0.0001,0.005,0,0,0,245.40187847569305,0.0677734375,0.734870195388794,594.4861521720886,0,0,0,0,0
1859584,454,252.61889100571608,314.6,0.001553199242334813,61.948919010162356,2.586973911523819,0.015745782072192953,0.0001,0.005,0.7,0.0,0.3,240.61310006850104,0.1501220703125,0.8110842704772949,463.78390283584594,6.611094144466362,0.5821482014491516,0.0,0,0.5240996010085625
1863680,455,0,0,-7.707012700848281e-05,115.56473302841187,2.422886049747467,0.013873178433281503,0.0001,0.005,0,0,0,228.1279038177814,0.1255615234375,0.7275264263153076,500.5692374229431,0,0,0,0,0
1867776,456,305.58261725614517,409.3,0.014990146172931419,73.14105329513549,2.5912937432527543,0.03954654603258265,0.0001,0.005,0.4,0.1,0.4,219.4467078425741,0.27109375,0.867773175239563,689.9568197250367,6.6784684767424185,0.5763397176186233,0.0,0,0.6886805043925515
1871872,457,0,0,0.026625531300669535,66.56487617492675,2.5125055104494094,0.10508478105621481,0.0001,0.005,0,0,0,129.13933864144155,0.3371337890625,0.79304039478302,577.0835079193115,0,0,0,0,0
1875968,458,270.45371183408963,331.1,0.0034888600348494947,111.53418579101563,2.3936703711748124,0.01912154006022659,0.0001,0.005,0.5,0.1,0.4,252.98619020630284,0.1735595703125,0.7334638237953186,685.8836845397949,7.266272651941163,0.748511554664168,0.0,0,0.7158895652364193
1880064,459,0,0,0.006559425458544865,79.38720965385437,2.5461794406175615,0.026204753796630915,0.0001,0.005,0,0,0,218.94791443068019,0.1860595703125,0.8495190739631653,861.2667457580567,0,0,0,0,0
1884160,460,370.69835380645304,418.4,-0.0018760015605948865,100.61764554977417,2.503966909646988,0.011411190968650014,0.0001,0.005,0.4,0.1,0.5,238.13416694787642,0.1161865234375,0.8216357231140137,707.0257078170777,6.878801527668766,0.5254101496136071,0.0,0,0.745358722759369
1888256,461,0,0,-0.0006094779528211802,86.09772453308105,2.616509500145912,0.011580942984441555,0.0001,0.005,0,0,0,223.79088445371116,0.1161376953125,0.8223409056663513,480.24581279754636,0,0,0,0,0
1892352,462,308.78835199390323,349.9,0.01771293050260283,85.2951602935791,2.5419574946165087,0.04495005784993085,0.0001,0.005,0.6,0.0,0.4,244.48395155560573,0.30126953125,0.7940559983253479,401.08541622161863,6.620691355223238,0.5266727851312993,0.0,0,0.6990326148807051
1896448,463,0,0,0.0015453096944838761,79.87058520317078,2.402076894044876,0.01657944449980748,0.0001,0.005,0,0,0,195.5011628993867,0.1528564453125,0.8201236724853516,517.7036876678467,0,0,0,0,0
1900544,464,446.725744002635,413.1,0.004428309993818403,57.14755358695984,2.475788390636444,0.01916340013558865,0.0001,0.005,0.4,0.0,0.6,224.62499381067136,0.1702392578125,0.8214751482009888,429.22920751571655,8.00705141237552,0.3122956386034844,0.0,0,0.82126693096713
1904640,465,0,0,0.054882430494762956,98.23520860671997,2.6240606129169466,0.23176913096104182,0.0001,0.005,0,0,0,210.64331109088147,0.492626953125,0.813206136226654,657.8851677894593,0,0,0,0,0
1908736,466,324.95687433326106,332.0,0.027036877040518447,106.95724973678588,2.527416256070137,0.07904776791692987,0.0001,0.005,0.6,0.0,0.4,230.46686777446325,0.425634765625,0.7608106732368469,636.5429288864136,8.066488671751225,0.4701021210341249,0.0,0,0.6785022368971666
1912832,467,0,0,0.010780300968326629,127.53572330474853,2.516533723473549,0.03945276094600812,0.0001,0.005,0,0,0,166.90459837327984,0.2343505859375,0.7528037428855896,550.6481320381165,0,0,0,0,0
1916928,468,333.28070664214994,357.0,0.00401332329493016,56.87312016487122,2.561908322572708,0.016447298349524176,0.0001,0.005,0.3,0.2,0.5,163.2236989086218,0.1560791015625,0.8004354238510132,523.3614943504333,8.038152989920514,0.497006334039953,0.0,0,0.7184908733333537
1921024,469,0,0,-0.0009907652216497808,111.85333881378173,2.4001234620809555,0.01007527486654244,0.0001,0.005,0,0,0,211.2771057216674,0.10419921875,0.7812198400497437,667.4620047569275,0,0,0,0,0
1925120,470,202.07702903379973,213.1,0.04511899661156349,80.69206504821777,2.4089577198028564,0.14176836527476783,0.0001,0.005,0.9,0.0,0.1,214.86367945096535,0.43837890625,0.8203022480010986,752.3238517761231,8.235105894375367,0.36209635824213526,0.0,0,0.5148571633627155
1929216,471,0,0,0.00013493134756572544,86.3010814666748,2.4847364515066146,0.014839892348393946,0.0001,0.005,0,0,0,224.86017509332882,0.1458984375,0.7856730818748474,494.342679309845,0,0,0,0,0
1933312,472,244.77573582709093,284.7,-0.002223719406174496,110.94346237182617,2.3884482473134994,0.012143780312915856,0.0001,0.005,0.7,0.0,0.3,231.68923240772824,0.1239501953125,0.7054363489151001,443.29228630065916,7.790346482705007,0.4658220486582012,0.0,0,0.5402795756431246
1937408,473,0,0,0.0028755189967341723,87.93553590774536,2.5288089722394944,0.0186629422882135,0.0001,0.005,0,0,0,238.63909759396617,0.1623291015625,0.7539592981338501,508.64932546615603,0,0,0,0,0
1941504,474,431.35546003303796,457.6,-0.0022396705695427953,95.71037573814392,2.4240080773830415,0.013343129114948818,0.0001,0.005,0.3,0.1,0.6,220.07081317822247,0.123095703125,0.7770533561706543,850.9736518859863,7.511552897900077,0.32036370857709906,0.0,0,0.7862178639354728
1945600,475,0,0,-0.0007123202201910317,114.86152696609497,2.4017308175563814,0.011266085389073246,0.0001,0.005,0,0,0,269.1685449436711,0.1129150390625,0.7108126878738403,661.4471563339233,0,0,0,0,0
1949696,476,271.12368331926916,274.1,0.009104421944357455,107.82100620269776,2.2844788253307344,0.03114988284942466,0.0001,0.005,0.8,0.0,0.2,254.903890916447,0.2481689453125,0.767327606678009,779.7074120521545,8.920617498048983,0.4843044836671601,0.0,0,0.6375484109620997
1953792,477,0,0,0.00028673653723672033,75.96112389564514,2.4598825484514237,0.01684321580979001,0.0001,0.005,0,0,0,235.42123941648086,0.1420166015625,0.8725780248641968,594.3462243080139,0,0,0,0,0
1957888,478,227.95258816880286,224.5,-0.00036976224509999156,121.04017267227172,2.382152208685875,0.01573176120000766,0.0001,0.005,0.8,0.1,0.1,231.87421772560972,0.1279052734375,0.7322771549224854,712.2220796585083,8.992201379176958,0.3965921568793399,0.0,0,0.5770727932376357
1961984,479,0,0,0.012690805818419904,114.51998252868653,2.372952416539192,0.04478940434274221,0.0001,0.005,0,0,0,236.43014385631454,0.284326171875,0.8046987056732178,753.6423356056214,0,0,0,0,0
1966080,480,313.2038158076641,304.7,0.005491722113220021,109.47369785308838,2.45759716629982,0.022523997807004984,0.0001,0.005,0.5,0.0,0.5,250.67144761163956,0.182568359375,0.748221755027771,710.2802554130554,8.24883031969639,0.3880362620016839,0.0,0,0.7531484371700781
1970176,481,0,0,0.0007722954615019262,107.35746660232545,2.3608423709869384,0.013916692449133914,0.0001,0.005,0,0,0,260.0278613953159,0.1439453125,0.7388284206390381,596.0030693054199,0,0,0,0,0
1974272,482,279.5617009699498,274.6,0.00266930575016886,135.97722215652465,2.31585046350956,0.014649491380264047,0.0001,0.005,0.7,0.1,0.2,249.84886695657403,0.13681640625,0.6884415149688721,547.3801181793212,9.300098407912731,0.3791072691215275,0.0,0,0.6078431540945962
1978368,483,0,0,0.0006442395155318081,166.18676109313964,2.210920187830925,0.016664317564576547,0.0001,0.005,0,0,0,287.7916959234783,0.16630859375,0.6950784921646118,508.1785905838013,0,0,0,0,0
1982464,484,320.24896454778434,375.8,0.015445770515361801,114.01063594818115,2.2272412180900574,0.049808749265506505,0.0001,0.005,0.6,0.0,0.4,254.4078597759541,0.2934326171875,0.8193105459213257,737.5989619255066,7.328836324628855,0.33601932338180207,0.0,0,0.7585147090988251
1986560,485,0,0,0.009332189010456205,122.9606819152832,2.377228540182114,0.03411096470809215,0.0001,0.005,0,0,0,265.14366835725593,0.2449951171875,0.6837348341941833,535.5872045516968,0,0,0,0,0
1990656,486,224.78705496778895,287.9,0.008470883592963219,181.44481401443483,2.277961108088493,0.03479646841297259,0.0001,0.005,0.7,0.1,0.2,246.28987828341815,0.234326171875,0.6577317118644714,847.2679390907288,8.172540400870911,0.5114910864026961,0.0,0,0.5701255579222435
1994752,487,0,0,0.006600738276029005,164.9669942855835,2.34644168317318,0.02672658997326287,0.0001,0.005,0,0,0,251.66187730057035,0.2198974609375,0.6231563091278076,571.2733486175537,0,0,0,0,0
1998848,488,224.95195405334684,244.2,-0.0014399664534721524,118.70468645095825,2.358406352996826,0.015153161198400189,0.0001,0.005,0.6,0.1,0.3,263.9503295163797,0.1494140625,0.6842060685157776,373.4274133682251,8.219735410284164,0.46508318378366925,0.0,0,0.5601439224585991
2002944,489,0,0,0.03831307245418429,83.117551279068,2.5085216760635376,0.12343231368868512,0.0001,0.005,0,0,0,254.03270277490552,0.409716796875,0.6894352436065674,499.2494797706604,0,0,0,0,0
