step,episode,ep_reward_mean,ep_len_mean,policy_loss,value_loss,entropy,approx_kl,learning_rate,entropy_coef,collision_rate,offroad_rate,success_rate,fps,clipfrac,explained_variance,grad_norm,avg_speed,lane_deviation,lane_change_count,min_ttc,path_completion
4096,1,0,0,0.010814405576093122,198.30759468078614,3.008755961060524,0.03182452377441385,0.0001,0.02,0,0,0,243.24611587293944,0.210888671875,1.8775463104248047e-05,48.357349863648416,0,0,0,0,0
8192,2,-157.37680970969447,239.1,0.008344377856701612,148.5043363571167,2.9649042814970015,0.020837494806621094,0.0001,0.0199616,1.0,0.0,0.0,243.04395868260852,0.1619384765625,0.01191568374633789,33.25986382067204,0.40775165449461703,0.6188435343299018,0.0,0,0.03168963112402296
12288,3,0,0,-0.00018669124692678453,174.25124244689943,2.8723312586545946,0.005730909694831587,0.0001,0.019923200000000002,0,0,0,244.62495482306548,0.0515869140625,0.007082223892211914,75.84809737205505,0,0,0,0,0
16384,4,-115.2967189950496,206.1,-0.00031289433245547117,140.906586933136,2.913523164391518,0.004855428662996815,0.0001,0.0198848,1.0,0.0,0.0,243.07175058735595,0.0427734375,0.0012059211730957031,54.146806204319,0.5189778171538281,0.6627426779376802,0.0,0,0.03475804404770003
20480,5,0,0,-0.0001840124314185232,162.72410259246826,2.9729527473449706,0.004008632162732957,0.0001,0.0198464,0,0,0,235.11832589550417,0.0310302734375,0.000580132007598877,74.04260683059692,0,0,0,0,0
24576,6,-121.95131500339808,239.6,-0.00039316833426710217,173.50998706817626,2.939277645945549,0.0031973293625941262,0.0001,0.019808,1.0,0.0,0.0,264.5520835644781,0.0198974609375,0.00021541118621826172,78.7333155632019,0.47109224950552997,0.6104727629587592,0.0,0,0.03608111124310277
28672,7,0,0,0.02351141183753498,124.28553829193115,2.9368929356336593,0.06442570267427268,0.0001,0.019769600000000002,0,0,0,276.4881028741849,0.364453125,0.00022178888320922852,16.998437371850013,0,0,0,0,0
32768,8,-92.41990466925188,184.6,-4.9286300782114265e-05,142.88719034194946,2.6723056107759477,0.008175191993361513,0.0001,0.0197312,1.0,0.0,0.0,254.81598740137449,0.0724365234375,0.00022208690643310547,41.854404678940774,0.608378242838675,0.575733101740853,0.0,0,0.034988563936187024
36864,9,0,0,0.003314705367665738,141.71201190948486,2.5650299340486526,0.01344228622329172,0.0001,0.0196928,0,0,0,241.02160921084422,0.133251953125,0.0002231001853942871,23.99891699552536,0,0,0,0,0
40960,10,-66.31484725996896,207.6,0.005869349453132599,135.5491322517395,2.5141744166612625,0.019539861814702825,0.0001,0.0196544,1.0,0.0,0.0,236.24365525567202,0.174169921875,0.00019276142120361328,22.687763130664827,0.642036935277796,0.4193224525371918,0.0,0,0.04231129179876082
45056,11,0,0,0.019201186206191777,109.87007541656494,2.453009527921677,0.05424759051529857,0.0001,0.019616,0,0,0,232.008983434635,0.3611572265625,0.00021648406982421875,9.41472727060318,0,0,0,0,0
49152,12,-62.51007299288958,128.7,0.0017691514018224551,135.72580013275146,2.639839842915535,0.010112902542462063,0.0001,0.0195776,1.0,0.0,0.0,243.0591983956952,0.085400390625,0.002239823341369629,19.009078872203826,0.8215571660877463,0.5650681523837254,0.0,0,0.02737999291668215
53248,13,0,0,0.0006543796451296657,114.23780469894409,2.608150115609169,0.007658727735544106,0.0001,0.0195392,0,0,0,238.29899583256548,0.0603759765625,0.013862252235412598,22.469341427087784,0,0,0,0,0
57344,14,-56.101565621282894,122.0,-0.003053238190477714,98.9460636138916,2.5596112251281737,0.007235295974898475,0.0001,0.0195008,1.0,0.0,0.0,230.56405300012753,0.0714111328125,0.05794084072113037,33.287423169612886,0.811280877388892,0.5214360253020136,0.0,0,0.03157870817207762
61440,15,0,0,-0.002762360428459942,73.75560493469239,2.5780924767255784,0.005922361157174065,0.0001,0.0194624,0,0,0,237.66730974286097,0.05888671875,0.16937607526779175,76.41780731678008,0,0,0,0,0
65536,16,-30.37307130294322,103.7,-0.0018091112200636418,77.31175236701965,2.6450009077787398,0.007766903845187359,0.0001,0.019424,1.0,0.0,0.0,225.5568399293369,0.0690673828125,0.24834126234054565,87.50702164173126,1.1443953619701464,0.5102724994471669,0.0,0,0.03624605783596801
69632,17,0,0,0.012072486965917052,68.93766593933105,2.5794528156518934,0.04763608197463517,0.0001,0.0193856,0,0,0,215.6069602271907,0.212890625,0.2860099673271179,82.83588132858276,0,0,0,0,0
73728,18,-34.42758478585577,112.5,0.0074696519644930955,46.691990280151366,2.491518872976303,0.02350639631622655,0.0001,0.019347200000000002,1.0,0.0,0.0,211.35424026522082,0.1631103515625,0.3496612310409546,93.15532735586166,1.0357143214241904,0.5489073565825284,0.0,0,0.028928835624845113
77824,19,0,0,0.001772838894976303,64.62062287330627,2.589231291413307,0.012873768055580392,0.0001,0.0193088,0,0,0,223.63702232092817,0.1186279296875,0.35091447830200195,96.15178958773613,0,0,0,0,0
81920,20,-29.445745714725653,144.1,-0.0005035584705183283,63.01241512298584,2.6369640231132507,0.004920892110750657,0.0001,0.0192704,1.0,0.0,0.0,235.56873656010478,0.044873046875,0.43546611070632935,129.3949855685234,1.2741622924168168,0.4599909819192233,0.0,0,0.05731935189557028
86016,21,0,0,-0.00116536125424318,62.8005717754364,2.565786910057068,0.008520561335901027,0.0001,0.019232,0,0,0,223.00178924602417,0.0672119140625,0.5216127634048462,134.22628302574157,0,0,0,0,0
90112,22,-27.371902573259586,122.7,0.0007220061030238867,49.081044864654544,2.5110241562128066,0.007801657769336593,0.0001,0.0191936,1.0,0.0,0.0,232.19179988817677,0.0783935546875,0.6408942341804504,189.65614533424377,1.5989764180461488,0.5336513966458107,0.0,0,0.054275782797227244
94208,23,0,0,0.0010242996853776277,52.318986368179324,2.5787321478128433,0.01767899740516619,0.0001,0.0191552,0,0,0,224.67735711817159,0.1707275390625,0.5835586786270142,184.13568590879441,0,0,0,0,0
98304,24,18.589107704079037,243.0,-0.0021553783852141352,48.70665316581726,2.581373116374016,0.009429347392873492,0.0001,0.0191168,0.8,0.2,0.0,238.81532219080393,0.107861328125,0.616193950176239,197.87909045219422,2.1581104714436425,0.7937305911099581,0.0,0,0.12513520316417903
102400,25,0,0,-0.00027163682971149684,52.63665566444397,2.5693883031606672,0.01270681466210299,0.0001,0.0190784,0,0,0,226.9867438071619,0.1273681640625,0.5719224214553833,152.84853962659835,0,0,0,0,0
106496,26,-14.339100142076557,223.2,0.003411449317354709,60.54552879333496,2.564900580048561,0.018622142472306168,0.0001,0.01904,1.0,0.0,0.0,247.19113173911393,0.14052734375,0.06364870071411133,59.87326226830483,1.7267385357579166,1.1458834134489102,0.0,0,0.1044104598305575
110592,27,0,0,0.005617829179391265,59.50531792640686,2.6569016844034197,0.025405612416218033,0.0001,0.0190016,0,0,0,245.33491582699153,0.1984619140625,0.11264389753341675,60.044781637191775,0,0,0,0,0
114688,28,-0.5317249228393951,201.0,0.006749688740819692,49.36765561103821,2.6616042792797088,0.04230134168210657,0.0001,0.0189632,0.9,0.1,0.0,241.0412836009092,0.2176025390625,-0.08803915977478027,27.367055189609527,2.203945610106939,1.3938477685799318,0.0,0,0.11050768307028584
118784,29,0,0,0.01772287959465757,42.81411266326904,2.7117126256227495,0.052110338858621465,0.0001,0.018924800000000002,0,0,0,247.85695780390716,0.330224609375,-0.0005545616149902344,13.124336433410644,0,0,0,0,0
122880,30,1.664671979360546,168.9,-0.0015703349141404032,84.53416757583618,2.684150505065918,0.011254514036410358,0.0001,0.0188864,1.0,0.0,0.0,248.72762017468543,0.0921142578125,0.009172499179840088,23.239860630035402,2.215479308200843,0.968402569552825,0.0,0,0.08994213254653839
126976,31,0,0,-0.0011955685564316808,68.55972127914428,2.7618060022592545,0.008483284633259203,0.0001,0.018848,0,0,0,231.7988727122117,0.077685546875,0.09887045621871948,28.880538356304168,0,0,0,0,0
131072,32,-17.578194833941858,180.2,-0.0001378473127260804,32.422350239753726,2.751567390561104,0.008747809772468635,0.0001,0.0188096,1.0,0.0,0.0,235.38564530952235,0.0728271484375,0.37654662132263184,28.052193641662598,2.214065615177856,1.0207900991721122,0.0,0,0.10269218968486296
135168,33,0,0,0.0007626700680702925,48.5232892036438,2.727926129102707,0.00868604047718843,0.0001,0.018771200000000002,0,0,0,246.18138926173825,0.0677978515625,0.5124382972717285,43.307235264778136,0,0,0,0,0
139264,34,-16.917071287674553,206.1,-0.0008739326556678861,45.95453953742981,2.7518917590379717,0.0078988137060165,0.0001,0.0187328,1.0,0.0,0.0,238.74025651626897,0.074560546875,0.6234077215194702,39.49263963699341,2.243988313666227,1.2301018298219868,0.0,0,0.10132824476414619
143360,35,0,0,-0.0008241210249252618,47.7031430721283,2.779079720377922,0.0063097298960223345,0.0001,0.0186944,0,0,0,250.6964348039695,0.056298828125,0.7092322111129761,46.50787912607193,0,0,0,0,0
147456,36,5.765620289618341,204.9,0.0005990204401314259,40.71076545715332,2.789566418528557,0.009210508006073837,0.0001,0.018656,1.0,0.0,0.0,232.1613983195603,0.084326171875,0.729861855506897,59.811364030838014,2.5640756703444056,1.1620888862370624,0.0,0,0.17435692102290776
151552,37,0,0,-0.000585271290037781,42.83985438346863,2.81850243806839,0.009028512412625141,0.0001,0.0186176,0,0,0,254.9062471869034,0.0732177734375,0.7724482417106628,54.04262846708298,0,0,0,0,0
155648,38,-102.81203911002694,262.7,0.0011875242809765041,59.04109873771667,2.7342704117298124,0.007558248344141032,0.0001,0.0185792,0.9,0.1,0.0,246.52197511179563,0.0575927734375,0.7208235263824463,70.56568864583969,2.632101446293947,1.3462171324589298,0.0,0,0.17353356465812927
159744,39,0,0,-0.00045727858087047936,71.41297016143798,2.802740368247032,0.003997499501431384,0.0001,0.0185408,0,0,0,225.65069209157258,0.0335693359375,0.6687605381011963,85.86387872695923,0,0,0,0,0
163840,40,26.697705215070584,398.5,0.015420827514026314,62.23217039108276,2.8447177439928053,0.04603412452670593,0.0001,0.018502400000000002,0.8,0.2,0.0,241.93047546769685,0.238916015625,0.7258093953132629,82.28182245492935,2.38181005190465,1.0716204463256485,0.0,0,0.21782042887613634
167936,41,0,0,-0.0008177368727046996,24.77145662307739,2.7509512931108473,0.010477378391080459,0.0001,0.018464,0,0,0,270.9789576454771,0.0962158203125,0.7621936202049255,86.10543687343598,0,0,0,0,0
172032,42,-17.86855380423582,361.7,0.000985048827715218,42.36277689933777,2.8785367786884306,0.012048281494937285,0.0001,0.0184256,1.0,0.0,0.0,273.7022092508833,0.1168701171875,0.7571761608123779,69.77829133272171,2.173178580175507,1.2335796483561035,0.0,0,0.20252591591075864
176128,43,0,0,0.0019061867671553046,41.24658966064453,3.0044314861297607,0.013048791897018875,0.0001,0.0183872,0,0,0,244.80691098306926,0.1159423828125,0.7672321796417236,87.77259805202485,0,0,0,0,0
180224,44,2.8794976563654635,291.7,0.0010018383210990578,61.02624015808105,2.9331189185380935,0.00727263949447845,0.0001,0.018348800000000002,0.8,0.1,0.0,210.48407582115604,0.0668701171875,0.664311408996582,96.14674439430237,2.7483580011883166,0.9776796644085598,0.0,0,0.20719372595009236
184320,45,0,0,0.0004894288897048682,42.65484986305237,2.8438142627477645,0.006888542003527481,0.0001,0.0183104,0,0,0,269.61778475225117,0.06728515625,0.7659250497817993,118.57577862739564,0,0,0,0,0
188416,46,45.89273359965285,420.8,-0.0010399226797744633,95.48639249801636,2.7995698511600495,0.004108187968451626,0.0001,0.018272,0.6,0.3,0.0,252.18026299519158,0.0313232421875,0.71907639503479,72.37079777717591,2.3408034190714013,0.9508865683977129,0.0,0,0.24024992441691523
192512,47,0,0,-0.00018424923764541744,52.957646417617795,2.785999783873558,0.014666486144053085,0.0001,0.0182336,0,0,0,233.07759882551875,0.1225830078125,0.6992135643959045,128.79893453121184,0,0,0,0,0
196608,48,1.7288676086732386,485.9,-0.0008718349155969918,24.59108262062073,2.8032061368227006,0.009301525133925952,0.0001,0.0181952,0.8,0.0,0.0,267.26663220072817,0.0899658203125,0.8031470775604248,122.9544267654419,2.1241673989581833,1.1983774753117156,0.0,0,0.22593259495551243
200704,49,0,0,-0.0016785191255621612,76.4416922569275,2.8186232179403303,0.009323787813629695,0.0001,0.0181568,0,0,0,252.00061014535484,0.0899169921875,0.749855637550354,131.01114394664765,0,0,0,0,0
204800,50,73.51072495096925,529.3,-0.00312130682868883,69.98836135864258,2.742240211367607,0.012914659168019696,0.0001,0.0181184,0.7,0.1,0.1,227.08873871984608,0.112060546875,0.7487943172454834,112.14477350711823,3.5080908566416134,1.0126815659384796,0.0,0,0.4735495642719584
208896,51,0,0,-0.00010071140713989735,57.51934471130371,2.6244620949029924,0.010845073685051691,0.0001,0.01808,0,0,0,240.71499207785237,0.1084228515625,0.5223508477210999,122.15460002422333,0,0,0,0,0
212992,52,94.7797913598151,320.5,-0.0005641303025186062,67.57310519218444,2.6021799981594085,0.004857515049663549,0.0001,0.0180416,0.9,0.1,0.0,218.2043978834317,0.039697265625,0.6120557188987732,115.09115233421326,4.764937077884668,0.7104248062920063,0.0,0,0.4385811921705353
217088,53,0,0,-0.0007750944118015468,55.749146461486816,2.4702815264463425,0.008296388965393045,0.0001,0.0180032,0,0,0,231.6733856146022,0.07099609375,0.664954662322998,116.98363757133484,0,0,0,0,0
221184,54,74.42491213829491,225.5,0.047899077722104264,80.12952041625977,2.4661560386419294,0.13967710009019574,0.0001,0.0179648,0.6,0.4,0.0,224.5080496419043,0.4970458984375,0.6446113586425781,262.17461624145506,5.091478628110818,0.7010222381527084,0.0,0,0.34016793939571877
225280,55,0,0,0.00021025379246566444,47.91179795265198,2.4919437170028687,0.008321788649484383,0.0001,0.017926400000000002,0,0,0,221.6637701433969,0.08154296875,0.7259335517883301,118.10436024665833,0,0,0,0,0
229376,56,114.45528754778088,354.6,0.002333490992896259,43.141640424728394,2.434303143620491,0.020943415982039037,0.0001,0.017888,0.8,0.1,0.1,232.6708112542672,0.190966796875,0.7084618806838989,133.27652881145477,5.333546547067009,0.8467025626954943,0.0,0,0.5068793692671999
233472,57,0,0,-0.0016184600710403175,55.69913821220398,2.4311416000127792,0.00932473383627691,0.0001,0.0178496,0,0,0,214.13881331443014,0.0821044921875,0.704326868057251,178.43649344444276,0,0,0,0,0
237568,58,204.0873406098933,353.6,-0.0016973828431218862,43.92108702659607,2.4623916774988173,0.008435995452602651,0.0001,0.0178112,0.5,0.5,0.0,239.83173322143335,0.0826171875,0.7417540550231934,180.5560124397278,6.687508566251251,0.5879183936547776,0.0,0,0.6080252305243886
241664,59,0,0,0.01668651888612658,47.023708248138426,2.3735007286071776,0.05549335139076221,0.0001,0.017772800000000002,0,0,0,246.78725486678084,0.2866943359375,0.7551670074462891,185.6254182100296,0,0,0,0,0
245760,60,98.36114494097971,187.9,0.0016961699584499002,64.8652615070343,2.3962151437997816,0.016226972714505315,0.0001,0.0177344,0.8,0.2,0.0,241.07942075386867,0.15166015625,0.7536271810531616,201.42168707847594,6.5561621993854615,0.6131364190250472,0.0,0,0.37704102450965377
249856,61,0,0,0.009945469268132001,77.82050800323486,2.3916684061288835,0.0604811723846093,0.0001,0.017696,0,0,0,211.19736880004228,0.2394287109375,0.7131474018096924,315.29959335327146,0,0,0,0,0
253952,62,131.59841561216166,201.5,-0.0013848918897565454,82.46444716453553,2.373801922798157,0.010690327904015117,0.0001,0.017657600000000002,0.7,0.2,0.1,217.5745108329249,0.111474609375,0.6136835217475891,247.82064723968506,6.3644004267737815,0.4501370634650429,0.0,0,0.39092848484655984
258048,63,0,0,0.01081571178510785,84.92713222503662,2.3176535457372665,0.031176351362958953,0.0001,0.0176192,0,0,0,246.19664041633516,0.2525390625,0.7330838441848755,212.00270829200744,0,0,0,0,0
262144,64,123.58180290868911,213.1,0.005117733485531062,76.66807689666749,2.3155325949192047,0.023994818996291366,0.0001,0.0175808,0.7,0.3,0.0,251.31155399331615,0.229931640625,0.7895498871803284,210.16517300605773,7.612544727709261,0.6857215831219932,0.0,0,0.43389709801063175
266240,65,0,0,0.004502862348454073,80.66793737411498,2.30171722471714,0.02081263543005051,0.0001,0.0175424,0,0,0,204.1281342254173,0.1944091796875,0.7709631323814392,259.294766664505,0,0,0,0,0
270336,66,114.72396742691191,209.6,0.017619775125058367,99.23966836929321,2.362083813548088,0.04397857362201025,0.0001,0.017504000000000002,1.0,0.0,0.0,228.08007269941726,0.3197509765625,0.6624252796173096,259.28857226371764,7.185090352280126,0.6983933843845114,0.0,0,0.41742168563273074
274432,67,0,0,0.009418385289609432,80.75046396255493,2.3615065217018127,0.03456847698799102,0.0001,0.0174656,0,0,0,237.3762662852516,0.244287109375,0.7125208377838135,318.98660640716554,0,0,0,0,0
278528,68,59.4699624908347,191.4,0.0028632701141759753,67.47874035835267,2.3952225863933565,0.027858725606349312,0.0001,0.0174272,0.8,0.2,0.0,219.21756704034954,0.246142578125,0.7769641876220703,398.66138832569123,6.068968874282351,1.1365217353668071,0.0,0,0.3579410591076084
282624,69,0,0,0.027102873392868786,67.78829421997071,2.437280613183975,0.08732866171049378,0.0001,0.0173888,0,0,0,247.23154944962212,0.3160888671875,0.7607548236846924,377.82581067085266,0,0,0,0,0
286720,70,197.4307089240474,301.6,0.007400984162813984,109.12386198043824,2.4603832364082336,0.03262006001168835,0.0001,0.017350400000000002,0.6,0.2,0.2,247.3464965959867,0.256494140625,0.7233591079711914,344.1619622707367,7.175652484859759,0.4878318051866959,0.0,0,0.6271218877251298
290816,71,0,0,-0.0027896480809431524,122.90039663314819,2.451981690526009,0.010285456203566318,0.0001,0.017312,0,0,0,245.8804504117613,0.09580078125,0.5785520076751709,398.18724670410154,0,0,0,0,0
294912,72,167.58825166948088,311.6,-0.0013527291594073176,108.43485746383666,2.4734810084104537,0.004059484820757171,0.0001,0.0172736,0.8,0.2,0.0,222.99982089784876,0.0279052734375,0.5557169318199158,459.13459997177125,6.327337948836702,0.47682015285593204,0.0,0,0.5008552386203069
299008,73,0,0,-0.001274724630638957,109.46304492950439,2.4830670416355134,0.012585241148192278,0.0001,0.0172352,0,0,0,228.37252436416412,0.120361328125,0.4588932991027832,372.43530263900755,0,0,0,0,0
303104,74,155.93319287482646,300.7,-0.0022164377558510752,104.9554328918457,2.449061796069145,0.012131619613503643,0.0001,0.0171968,0.7,0.3,0.0,230.06146282065964,0.1190185546875,0.5172358155250549,206.03903722763062,6.029336980102199,0.4745559612732008,0.0,0,0.4687953231345454
307200,75,0,0,-0.002187380666146055,87.20546951293946,2.5238059014081955,0.008797537159991643,0.0001,0.0171584,0,0,0,232.36493832543945,0.0949951171875,0.6266518831253052,278.87423596382143,0,0,0,0,0
311296,76,188.34522492381726,297.7,-0.002205896977102384,108.75345020294189,2.5083732426166536,0.01306446468443349,0.0001,0.01712,0.9,0.0,0.1,230.56158686414878,0.1186767578125,0.6602554321289062,417.31868262290953,6.648292172931015,0.3903793000223998,0.0,0,0.48929981933708333
315392,77,0,0,0.01613065583514981,111.92850332260132,2.535435879230499,0.0534309188402887,0.0001,0.0170816,0,0,0,238.22891543643883,0.3051513671875,0.553190290927887,338.4070112943649,0,0,0,0,0
319488,78,200.6312266197461,364.0,0.0035649662429932507,62.61513638496399,2.5529562711715696,0.031016124863529042,0.0001,0.0170432,0.9,0.0,0.1,233.39305348242544,0.230712890625,0.8121986389160156,298.19370846748353,6.141404364202581,0.6812788868551909,0.0,0,0.6169738932349214
323584,79,0,0,0.003933550044894219,63.085412216186526,2.622830295562744,0.03975418883056006,0.0001,0.0170048,0,0,0,229.55207480579185,0.2215576171875,0.7172141671180725,414.2669420957565,0,0,0,0,0
327680,80,173.76065101259843,336.0,0.07200619850773364,72.64709482192993,2.6834408700466157,0.2506414918112614,0.0001,0.0169664,0.7,0.1,0.2,244.37489562246267,0.6291259765625,0.7280462980270386,296.37243456840514,6.223703784669843,0.6816641613178674,0.0,0,0.6227592923686405
331776,81,0,0,-0.0007859828154323622,62.976923084259035,2.5320770859718325,0.015073112778920764,0.0001,0.016928,0,0,0,233.59518969725875,0.1611572265625,0.6687352061271667,259.6629907608032,0,0,0,0,0
335872,82,181.60130205446157,286.2,0.004144001164240763,77.05141544342041,2.5285722494125364,0.013405871882971756,0.0001,0.0168896,0.5,0.3,0.2,243.45531624937593,0.154345703125,0.6530528664588928,367.8508589744568,6.0292395955686855,0.6421792016601044,0.0,0,0.48270464439123106
339968,83,0,0,-0.0014373887999681756,70.05322337150574,2.589974808692932,0.006854964166999072,0.0001,0.0168512,0,0,0,234.76954056562946,0.0695556640625,0.7419840693473816,393.618781042099,0,0,0,0,0
344064,84,108.15373987764099,245.3,0.006479175807908177,61.976602458953856,2.6047989398241045,0.040400056643195736,0.0001,0.016812800000000003,0.5,0.5,0.0,240.70454369713926,0.2846923828125,0.7140917778015137,243.2373346567154,5.42152004900589,0.6907437469270492,0.0,0,0.3753992652706563
348160,85,0,0,0.007883440220030024,58.84251708984375,2.554494100809097,0.050532686592489884,0.0001,0.016774400000000002,0,0,0,232.12667954659776,0.2841064453125,0.7745075225830078,305.78436636924744,0,0,0,0,0
352256,86,316.0075837073361,413.0,-0.0008040310523938388,71.8291711807251,2.4997800141572952,0.008570598599911146,0.0001,0.016736,0.6,0.0,0.4,235.1254759667703,0.0830810546875,0.700522780418396,323.83187918663026,7.305993192168399,0.48574377698296456,0.0,0,0.7950203130587017
356352,87,0,0,-0.000559938489459455,91.42552976608276,2.5119103342294693,0.009303415445177723,0.0001,0.0166976,0,0,0,227.24703705570255,0.0943115234375,0.6670972108840942,315.4769787311554,0,0,0,0,0
360448,88,260.8349902234821,340.4,0.000565874989842996,94.67771482467651,2.528624081611633,0.010937044111781417,0.0001,0.0166592,0.4,0.2,0.4,236.3776950822567,0.1112060546875,0.5992743968963623,367.09407887458804,6.85474532726659,0.34501346437285274,0.0,0,0.626886175163327
364544,89,0,0,0.01934709157794714,70.54813265800476,2.529678475856781,0.05808099114183503,0.0001,0.0166208,0,0,0,237.25666759839183,0.3366943359375,0.5554386973381042,274.5761885166168,0,0,0,0,0
368640,90,-29.360236262439344,168.5,0.023796419391874223,65.1916015625,2.4309040695428847,0.07496250081312883,0.0001,0.0165824,1.0,0.0,0.0,232.8530030492997,0.3084228515625,0.62229323387146,214.47760579586028,4.321972059120211,1.688778416603742,0.0,0,0.20332440844606509
372736,91,0,0,0.008076882385648788,62.52166752815246,2.7938031524419786,0.04517916745681109,0.0001,0.016544,0,0,0,263.9244753623858,0.2799072265625,0.778470516204834,533.2689393043518,0,0,0,0,0
376832,92,6.662633202856389,148.2,-0.009661627761670389,60.9550365447998,2.5402255058288574,0.024229985725834728,0.0001,0.016505600000000002,0.8,0.2,0.0,226.943128266287,0.2560302734375,0.7375378608703613,559.6332794904708,4.670515066701316,1.389817186291072,0.0,0,0.18865987830020503
380928,93,0,0,0.0011579586076550185,50.07051320075989,2.4658614873886107,0.038076509544046074,0.0001,0.0164672,0,0,0,260.9911166637048,0.302587890625,0.7268098592758179,401.6562942028046,0,0,0,0,0
385024,94,38.90136750237912,155.6,0.015503066655946895,44.76990580558777,2.4347740203142165,0.05419205231883306,0.0001,0.0164288,0.9,0.1,0.0,247.19336891688351,0.2937255859375,0.6730246543884277,183.37434902191163,3.785161254350861,0.4589174288655581,0.0,0,0.17894052375682248
389120,95,0,0,-0.004786853026598692,106.65918598175048,2.275632292032242,0.015175979200287215,0.0001,0.0163904,0,0,0,242.53512951869823,0.1732666015625,0.5422641038894653,382.8958841323853,0,0,0,0,0
393216,96,112.85948908730931,307.1,-0.005317790177650749,88.88977928161621,2.2698224782943726,0.013469444574732143,0.0001,0.016352000000000002,0.8,0.2,0.0,233.4592163347684,0.135302734375,0.5946044921875,402.0731427192688,5.188327258005818,0.48357656658876086,0.0,0,0.45736947121597404
397312,97,0,0,3.290405729785562e-05,86.15282878875732,2.2040513664484025,0.019153762044517717,0.0001,0.0163136,0,0,0,228.22305325448818,0.188134765625,0.6228952407836914,371.7873199462891,0,0,0,0,0
401408,98,205.81734765320985,394.1,0.0035893098276574163,78.68522071838379,2.2125043481588365,0.0205277976434469,0.0001,0.0162752,0.6,0.1,0.3,254.4328739728546,0.18623046875,0.6295506358146667,278.86212334632876,5.066080494388719,0.40334044294710625,0.0,0,0.6053447164078574
405504,99,0,0,0.01987783161457628,37.362568616867065,2.2524329096078874,0.05789360941271633,0.0001,0.016236800000000003,0,0,0,244.40930698948935,0.359765625,0.5254473090171814,256.4623408555984,0,0,0,0,0
409600,100,227.2263168063477,418.5,-0.003328087320551276,66.14241008758545,2.2270478665828706,0.011422368633796979,0.0001,0.0161984,0.4,0.3,0.3,240.2377860948975,0.1133544921875,0.630481481552124,327.07371912002566,6.10114814420289,0.4319843629120067,0.0,0,0.6829778612085737
413696,101,0,0,-0.0010830043989699333,88.8964599609375,2.2701988995075224,0.014547034614955481,0.0001,0.01616,0,0,0,214.2052687615819,0.143994140625,0.5590201616287231,330.61988406181337,0,0,0,0,0
417792,102,361.44229565905124,565.1,-0.0015326128574088215,74.33483200073242,2.2230883955955507,0.013461833720796536,0.0001,0.0161216,0.4,0.3,0.3,220.50111485468153,0.1404541015625,0.5739679336547852,297.5788679122925,6.206256108540257,0.45303823890639394,0.0,0,0.8074002993371467
421888,103,0,0,-0.00028077068272978065,68.76250615119935,2.267178016901016,0.010542149099640677,0.0001,0.016083200000000002,0,0,0,224.6967840165238,0.10390625,0.6224722862243652,282.54864530563356,0,0,0,0,0
425984,104,257.11731823202757,435.6,0.0018282343167811631,64.427574300766,2.2632599741220476,0.018022081691017745,0.0001,0.0160448,0.5,0.3,0.2,219.2406495575644,0.1647705078125,0.5229741334915161,235.32569389343263,5.795805609442755,0.42918280085727734,0.0,0,0.7109900926508363
430080,105,0,0,0.009887567849364131,62.108511972427365,2.218390068411827,0.038251980593488374,0.0001,0.0160064,0,0,0,136.4140442011707,0.251025390625,0.5712399482727051,248.655352973938,0,0,0,0,0
434176,106,285.6946388051492,433.1,-0.0012736737611703576,69.48036751747131,2.2699075043201447,0.017984757025262615,0.0001,0.015968,0.3,0.4,0.3,230.25297870280434,0.172900390625,0.5280401706695557,224.7060911655426,6.392203584828747,0.5843276045971878,0.0,0,0.7333685353365983
438272,107,0,0,0.019813238392816856,56.64742112159729,2.255063396692276,0.05715443212539205,0.0001,0.015929600000000002,0,0,0,233.39686473349101,0.39228515625,0.6243664026260376,254.24533433914183,0,0,0,0,0
442368,108,362.40871295559964,486.2,0.01035515372059308,54.870874071121214,2.1877439960837366,0.032771820380005715,0.0001,0.0158912,0.5,0.0,0.5,231.57417062420458,0.27509765625,0.6152549386024475,268.6962695121765,6.469301185871818,0.43556493455829814,0.0,0,0.8129729805767422
446464,109,0,0,0.027535841701319442,66.0897511959076,2.245476996898651,0.07995997213875286,0.0001,0.0158528,0,0,0,229.70532865868287,0.4284423828125,0.663385272026062,348.9938448429108,0,0,0,0,0
450560,110,193.36544471249698,359.8,0.004520805712672882,44.60403485298157,2.341869366168976,0.02649548568879509,0.0001,0.0158144,0.4,0.3,0.3,250.55241444018355,0.23154296875,0.6742720603942871,295.3075466156006,5.0697876712956145,0.6329662127828583,0.0,0,0.5541636466531819
454656,111,0,0,-0.002164086839184165,62.204804039001466,2.38114395737648,0.012208864162678301,0.0001,0.015776,0,0,0,230.85074689519507,0.1184814453125,0.5805857181549072,278.9178206920624,0,0,0,0,0
458752,112,239.2806380116618,457.3,-0.0010829331469722093,43.642755651474,2.3675913751125335,0.018267195521915296,0.0001,0.0157376,0.4,0.2,0.4,235.8801445689934,0.1609619140625,0.7150693535804749,234.20620760917663,5.013274031272269,0.38081407092816616,0.0,0,0.6650393401277498
462848,113,0,0,-0.0006897669169120491,73.32548179626465,2.3899048268795013,0.01332061167777528,0.0001,0.0156992,0,0,0,246.1243702846427,0.111181640625,0.6141390800476074,358.2470539569855,0,0,0,0,0
466944,114,292.76551576406433,643.6,0.0006921632215380668,57.27575316429138,2.369312214851379,0.01813507048500707,0.0001,0.015660800000000002,0.3,0.1,0.4,241.09724026742464,0.1538818359375,0.48448026180267334,323.4218316078186,4.637316596746744,0.35239572300898103,0.0,0,0.7798368922317771
471040,115,0,0,0.002389504259917885,40.98414256572723,2.4706037491559982,0.02370977223327119,0.0001,0.015622400000000002,0,0,0,228.72537201439889,0.2416748046875,0.4269653558731079,206.6077470779419,0,0,0,0,0
475136,116,317.1087840828399,565.0,-0.0018789260997436942,64.96417679786683,2.423122525215149,0.02637637282605475,0.0001,0.015584,0.4,0.2,0.4,245.69822724947952,0.2523193359375,0.468097448348999,255.2187358856201,4.972916718182462,0.3275696034668736,0.0,0,0.7836805651595413
479232,117,0,0,0.005442863487405703,44.44274096488952,2.40980524122715,0.0347168792854089,0.0001,0.0155456,0,0,0,273.57121264962154,0.25947265625,0.49406498670578003,157.23591089248657,0,0,0,0,0
483328,118,425.1226867696363,785.2,0.01256249183206819,46.07345564365387,2.452218642830849,0.06432197884423992,0.0001,0.015507200000000002,0.1,0.0,0.7,234.53589435374425,0.358935546875,0.46628254652023315,180.79039874076844,4.67467358635646,0.32407269400266353,0.0,0,0.9889295912523783
487424,119,0,0,0.01711018179776147,32.28638129234314,2.5194566398859024,0.05394787456280248,0.0001,0.015468800000000001,0,0,0,248.61346914388866,0.3075439453125,0.3987904191017151,146.97728753089905,0,0,0,0,0
491520,120,329.5766037669907,706.9,0.003515762637834996,23.682361340522768,2.5546747982501983,0.026411190081856044,0.0001,0.0154304,0.2,0.0,0.5,273.2461856498345,0.2209716796875,0.6104501485824585,125.03802607059478,3.903444835897903,0.3083550335021158,0.0,0,0.8507553944662707
495616,121,0,0,0.028686571004800498,27.128366804122926,2.5935412853956223,0.08168567153043313,0.0001,0.015392000000000001,0,0,0,256.1127548715872,0.402587890625,0.5451033115386963,114.64169454574585,0,0,0,0,0
499712,122,288.01493773731715,650.4,0.04133079558960162,23.890282559394837,2.4845448970794677,0.2589361588819905,0.0001,0.015353600000000002,0.2,0.2,0.4,263.03743061856477,0.4862060546875,0.3696286678314209,121.63193337917328,3.7150772010626363,0.4039761529232134,0.0,0,0.6858725523611169
503808,123,0,0,0.03894120055483654,35.49029994010925,2.4315918430686,0.7528486310446187,0.0001,0.015315200000000001,0,0,0,268.91109249485027,0.434423828125,0.09119468927383423,165.84464955329895,0,0,0,0,0
507904,124,232.30024400227484,389.8,0.011476376798236742,53.06740927696228,1.9214090779423714,0.04279950152413481,0.0001,0.0152768,0.7,0.1,0.2,237.76311510914172,0.3233154296875,0.46271026134490967,204.72108130455018,5.973704959457875,0.7476161050773932,0.0,0,0.6012440495884277
512000,125,0,0,0.03634326129104011,46.97747416496277,1.9580647751688958,0.12082327528915142,0.0001,0.015238400000000001,0,0,0,239.79498048615105,0.4674560546875,0.6393791437149048,297.832110452652,0,0,0,0,0
516096,126,160.92311365764132,302.8,0.00806980463094078,60.588758897781375,1.9758570477366448,0.03246278878505328,0.0001,0.015200000000000002,0.8,0.1,0.1,252.22458394775617,0.2665283203125,0.7757981419563293,394.9663931369781,5.8929065513068934,0.7386421795712427,0.0,0,0.5440350763399515
520192,127,0,0,-0.0011315271083731204,61.048069620132445,1.9647886648774147,0.01553628108850042,0.0001,0.0151616,0,0,0,202.49073019137617,0.1418212890625,0.835618257522583,323.0341335773468,0,0,0,0,0
524288,128,214.6401361536635,404.9,0.01629267862299457,62.35494532585144,2.098255443572998,0.047093603396209306,0.0001,0.0151232,0.3,0.4,0.3,229.02084052194968,0.3099365234375,0.8356460332870483,432.0131924152374,5.834309803606049,0.7938206331120381,0.0,0,0.6639193770807639
528384,129,0,0,0.006384913378860801,71.02170629501343,2.164241072535515,0.035870348879691025,0.0001,0.0150848,0,0,0,229.34733158355206,0.2143798828125,0.827716588973999,795.5671473026275,0,0,0,0,0
532480,130,225.17360389344827,388.5,-0.0026788179005961866,70.09056549072265,2.1102950036525727,0.011660931305598959,0.0001,0.015046400000000001,0.6,0.1,0.3,224.45048386039795,0.1171142578125,0.7134599089622498,421.8386733531952,5.526720590805811,0.7402841896793526,0.0,0,0.606175566763131
536576,131,0,0,-0.003581130813108757,59.08116216659546,2.127093344926834,0.013172119506637266,0.0001,0.015008,0,0,0,262.24804127614107,0.1476318359375,0.8138860464096069,366.46869549751284,0,0,0,0,0
540672,132,296.4353158013254,467.7,-0.001908080987050198,69.2627908229828,2.1093113899230955,0.01337903948151723,0.0001,0.0149696,0.5,0.2,0.3,234.34258620755978,0.141845703125,0.5327284336090088,276.5383037090302,6.094207113727321,0.610696743342128,0.0,0,0.7224008099629955
544768,133,0,0,0.004279440705431625,53.11244969367981,2.137168860435486,0.017426003186849344,0.0001,0.0149312,0,0,0,219.32627439493572,0.1770263671875,0.8144457936286926,396.0592927932739,0,0,0,0,0
548864,134,294.66193203558134,407.0,0.003265048156026751,52.05607447624207,2.1876745253801344,0.026285079400261264,0.0001,0.014892800000000001,0.3,0.3,0.4,197.34412284739918,0.2041748046875,0.7209397554397583,493.3848757266998,6.706464613628222,0.5263088432743636,0.0,0,0.8019250874075462
552960,135,0,0,0.04376012060092762,55.544747066497806,2.0612118408083915,0.20920703521988243,0.0001,0.0148544,0,0,0,237.97391049159606,0.4185546875,0.6726305484771729,446.3283722400665,0,0,0,0,0
557056,136,242.79796847422176,303.2,0.038321516709402204,65.34975543022156,2.011509492993355,0.09172291124414693,0.0001,0.014816000000000001,0.4,0.2,0.4,217.55085766786314,0.4610107421875,0.5363587141036987,304.02311635017395,7.125168705731554,0.40946488926048774,0.0,0,0.615720164015529
561152,137,0,0,-0.0011072700843214988,63.64408655166626,1.8943596601486206,0.0238360132876575,0.0001,0.014777600000000002,0,0,0,220.47570065927357,0.192333984375,0.6303991079330444,313.6471515655518,0,0,0,0,0
565248,138,278.09266079871514,327.5,0.007510606612777337,111.64158372879028,1.8423959776759147,0.040560599995663416,0.0001,0.014739200000000001,0.7,0.0,0.3,209.07625663028088,0.2612060546875,0.5830445885658264,399.23557500839235,7.255309970982299,0.36463353910349533,0.0,0,0.7076639269093332
569344,139,0,0,0.015060720464680344,104.97121515274048,1.753169159591198,0.05980641265960297,0.0001,0.0147008,0,0,0,236.62190682678406,0.2812744140625,0.6138502955436707,385.3499367237091,0,0,0,0,0
573440,140,209.67781756336572,327.3,0.010622728272574022,94.58077487945556,1.870160035789013,0.03144505733798991,0.0001,0.014662400000000003,0.8,0.1,0.1,216.05107717750334,0.272509765625,0.7542734146118164,590.6628583431244,7.288302976906709,0.7093136259473252,0.0,0,0.6348828455588246
577536,141,0,0,-0.0021547567419474946,97.5941032409668,1.8303526282310485,0.012148379097929932,0.0001,0.014624000000000002,0,0,0,246.11845722836932,0.1184326171875,0.7747876644134521,700.6275666236877,0,0,0,0,0
581632,142,376.5320039152433,629.0,0.03519763565855101,90.55853719711304,1.925262053310871,0.11630113473802636,0.0001,0.0145856,0.3,0.1,0.6,252.55283442586543,0.3322998046875,0.7094244956970215,535.3603163719177,5.562814135447991,0.35266030544039484,0.0,0,0.8631340772346341
585728,143,0,0,0.036104200343834235,62.281515741348265,2.1566565155982973,0.19378700937668544,0.0001,0.0145472,0,0,0,228.26017143638617,0.44130859375,0.534121572971344,439.8091215133667,0,0,0,0,0
589824,144,325.34362342441364,525.6,-0.0010099601931869984,53.31681137084961,2.1397713661193847,0.015248823994628393,0.0001,0.0145088,0.2,0.2,0.6,266.63592183118874,0.1407470703125,0.6830315589904785,245.51538603305818,5.199563711770815,0.39562859726294775,0.0,0,0.747330885120193
593920,145,0,0,0.014894684561295436,55.40362753868103,2.0781993210315703,0.07504023884248624,0.0001,0.014470400000000001,0,0,0,216.63810713244533,0.2890380859375,0.4602092504501343,230.23941876888276,0,0,0,0,0
598016,146,278.5387278581067,360.6,0.000898627785500139,88.08379888534546,2.0506896704435347,0.010537515439504534,0.0001,0.014432,0.2,0.3,0.5,251.70398793722163,0.109716796875,0.4109817147254944,302.31944460868834,6.616017978314446,0.3640399558613817,0.0,0,0.6700567987676423
602112,147,0,0,0.00039966857293620705,85.52176914215087,2.0772007554769516,0.020896046492273997,0.0001,0.014393600000000001,0,0,0,247.04403640933398,0.1701416015625,0.6161938309669495,371.35915088653564,0,0,0,0,0
606208,148,322.62719875257756,438.7,-0.003868659515865147,80.2551992893219,2.0743023946881296,0.0072849673000771956,0.0001,0.014355200000000002,0.5,0.0,0.5,243.22833199549655,0.0684814453125,0.7025004625320435,270.9250291347504,6.2240655943157055,0.3029111817394613,0.0,0,0.7749283836018636
610304,149,0,0,-0.0009330982051324099,63.41533398628235,2.194457694888115,0.010660137134257373,0.0001,0.014316800000000001,0,0,0,219.32964287334283,0.10849609375,0.6709880828857422,254.18412094116212,0,0,0,0,0
614400,150,318.34352879798934,497.4,0.017735163436736912,44.757425498962405,2.177330321073532,0.05125047484180253,0.0001,0.014278400000000002,0.4,0.0,0.6,236.3414990630873,0.341064453125,0.6464290618896484,190.24669001102447,5.420092623787215,0.32101385500202567,0.0,0,0.7982607701296087
618496,151,0,0,5.276617011986673e-05,56.151750564575195,2.2422431886196135,0.01841866150644195,0.0001,0.014240000000000001,0,0,0,270.96354588308924,0.170166015625,0.6172698736190796,277.3107067584991,0,0,0,0,0
622592,152,343.6282324066262,508.9,0.004517346801003441,60.17630772590637,2.192445716261864,0.023815762843880824,0.0001,0.0142016,0.1,0.3,0.6,242.8267943004923,0.180517578125,0.6496074199676514,366.69628829956054,5.488909199326693,0.36595662901573606,0.0,0,0.8135611960523124
626688,153,0,0,0.03477210400160402,45.589625406265256,2.3003321260213854,0.11019287156377974,0.0001,0.0141632,0,0,0,238.85970876940334,0.4277099609375,0.6542518138885498,290.23465299606323,0,0,0,0,0
630784,154,274.8093124355291,399.9,0.04900660470593721,72.03531680107116,2.1728418976068498,0.18188196581613936,0.0001,0.0141248,0.6,0.1,0.3,257.1436245340415,0.4655029296875,0.6353346109390259,325.591424703598,6.167608174785338,0.47325204679931215,0.0,0,0.6922581765200166
634880,155,0,0,-0.00155155785032548,71.45724558830261,2.1581391215324404,0.005705508679969089,0.0001,0.0140864,0,0,0,264.7959147628715,0.0573974609375,0.6884065866470337,663.2063570022583,0,0,0,0,0
638976,156,373.57385778559603,482.2,-0.0005425875075161457,58.90189170837402,2.1812610954046248,0.013754345086730051,0.0001,0.014048000000000001,0.3,0.0,0.7,235.986604649977,0.10732421875,0.6203950643539429,317.86291060447695,6.925788171741732,0.4241279344073015,0.0,0,0.8469806932178955
643072,157,0,0,0.002413572423392907,81.39069771766663,2.0902295470237733,0.019276715787422988,0.0001,0.0140096,0,0,0,236.68282097541564,0.13232421875,0.5498297810554504,392.68156895637514,0,0,0,0,0
647168,158,187.89614659735275,292.7,0.0013869996357243509,95.86305809020996,2.0592809543013573,0.01790697913238832,0.0001,0.013971200000000001,0.4,0.4,0.2,203.63080259605886,0.134423828125,0.6127578020095825,476.97505989074705,6.485055294950851,0.656638002513305,0.0,0,0.5038373027314753
651264,159,0,0,0.002499012619955465,100.4574010848999,2.154873737692833,0.019158698785764455,0.0001,0.013932800000000002,0,0,0,211.94461309672732,0.150634765625,0.7246496677398682,429.7070558547974,0,0,0,0,0
655360,160,240.78195586727216,357.0,-0.0035591967520304025,92.54287548065186,2.171496132016182,0.00766060933092796,0.0001,0.013894400000000001,0.6,0.2,0.2,228.50249859010358,0.0762451171875,0.7398426532745361,702.7098501205444,6.461401328107203,0.5596759873295054,0.0,0,0.5959578287974552
659456,161,0,0,0.004102873476222157,76.95046525001526,2.1266648173332214,0.026026828540855335,0.0001,0.013856,0,0,0,232.94363587513882,0.1736328125,0.7987086176872253,530.7762383460998,0,0,0,0,0
663552,162,182.51077436071597,271.5,-0.0013310006936080754,90.23881378173829,2.1794756561517716,0.011807410436452092,0.0001,0.0138176,0.7,0.2,0.1,243.9974457618876,0.1185302734375,0.6712599992752075,557.1582634925842,6.571161627429373,0.5682330323762187,0.0,0,0.5155410147053208
667648,163,0,0,-0.0014913704944774508,97.34495677947999,2.0953805923461912,0.013193786238849758,0.0001,0.013779200000000002,0,0,0,221.8323736858059,0.1132080078125,0.7543137073516846,580.6386908531189,0,0,0,0,0
671744,164,306.63267935739293,431.5,-0.00047653253423050044,69.40594911575317,2.1324038028717043,0.015185685493637201,0.0001,0.013740800000000001,0.4,0.2,0.4,256.88619005811177,0.151611328125,0.6996921300888062,444.94217295646666,6.7572805262289695,0.5726606389384116,0.0,0,0.8179451243264737
675840,165,0,0,-0.003704352432396263,75.18073806762695,2.0791148960590364,0.011072906046324016,0.0001,0.0137024,0,0,0,223.9674355648082,0.105419921875,0.7206685543060303,475.44151916503904,0,0,0,0,0
679936,166,265.3371894232707,380.5,0.0018340258277021349,90.78341970443725,2.1252834618091585,0.015908383445643236,0.0001,0.013664,0.3,0.2,0.5,224.32986341053874,0.1135009765625,0.7212150692939758,422.811684513092,6.685469542118343,0.6642141537591806,0.0,0,0.7372888675819053
684032,167,0,0,0.0014165696396958084,91.56059331893921,2.0558753103017806,0.014789549729905893,0.0001,0.013625600000000002,0,0,0,224.24673615070392,0.1496826171875,0.757079005241394,852.8071084022522,0,0,0,0,0
688128,168,253.78481106652401,348.2,0.0016285391408018767,71.11817755699158,2.066640834510326,0.02206432683888439,0.0001,0.0135872,0.4,0.1,0.5,249.25469932835358,0.1927978515625,0.7107279300689697,677.6684027194976,6.0574541330246205,0.5862673323550952,0.0,0,0.6804498737907977
692224,169,0,0,-0.0009206335176713765,86.38676948547364,2.2030796706676483,0.01855197361874423,0.0001,0.013548800000000001,0,0,0,232.60164283810772,0.1714599609375,0.7677799463272095,502.04984073638917,0,0,0,0,0
696320,170,336.49476072925324,421.5,0.013516696414444595,78.29742412567138,2.1112812504172327,0.044708684895892706,0.0001,0.013510400000000002,0.3,0.2,0.5,243.89151702218172,0.2886474609375,0.7432080507278442,454.0190505504608,6.368674131908733,0.4307831687548519,0.0,0,0.7589600626547277
700416,171,0,0,0.041901288111694156,85.34646053314209,2.168715551495552,0.13873360142461252,0.0001,0.013472000000000001,0,0,0,223.63640806577013,0.4862060546875,0.6726167798042297,537.1134114265442,0,0,0,0,0
704512,172,243.4270818754017,339.1,0.002662740519735962,74.77516331672669,2.0749569445848466,0.013972813522562069,0.0001,0.0134336,0.6,0.1,0.3,230.02475441356663,0.12412109375,0.7278587818145752,469.6096332550049,6.215864816508768,0.4573364567830403,0.0,0,0.5942590799698793
708608,173,0,0,0.003961420472478494,99.0201548576355,2.037225918471813,0.01659613234115069,0.0001,0.013395200000000001,0,0,0,217.60965705812228,0.1585205078125,0.6160794496536255,468.59130535125735,0,0,0,0,0
712704,174,354.29345729322426,463.4,-0.0013519176747649908,89.21727285385131,2.0574253857135774,0.014123287916306048,0.0001,0.013356800000000002,0.3,0.0,0.7,236.64912296313184,0.1143798828125,0.676479697227478,359.24972887039183,6.823798676338309,0.34331252577855836,0.0,0,0.8609264794722293
716800,175,0,0,-0.0008760628697928041,67.6597360610962,2.105384701490402,0.014626375605626069,0.0001,0.013318400000000001,0,0,0,225.93307432631386,0.13427734375,0.6892119646072388,322.37482767105104,0,0,0,0,0
720896,176,336.5389336702847,435.7,0.004770022444427013,67.20238018035889,2.1342976167798042,0.03150346527400427,0.0001,0.01328,0.3,0.2,0.5,203.15696723314505,0.2014404296875,0.7344104051589966,353.61560282707217,6.092518586673377,0.45150417436867424,0.0,0,0.7165995490191588
724992,177,0,0,0.010451839986490085,76.05099287033082,2.1829427599906923,0.034465080049998584,0.0001,0.013241600000000001,0,0,0,239.05186222331642,0.2233154296875,0.6859601736068726,407.14417905807494,0,0,0,0,0
729088,178,307.2476921376254,400.6,0.016860439663287253,54.230755472183226,2.228994297981262,0.06517387534841967,0.0001,0.013203200000000002,0.4,0.1,0.5,238.70050102060526,0.2642333984375,0.7511884570121765,574.6746910095214,6.2044529399610235,0.25550587781325135,0.0,0,0.7366876627694359
733184,179,0,0,0.020837882277555765,77.7022705078125,2.264921596646309,0.07405027260847606,0.0001,0.0131648,0,0,0,235.2642740975102,0.3790283203125,0.5974793434143066,409.3413835525513,0,0,0,0,0
737280,180,369.95281167036694,544.1,0.005323258828138932,77.05439834594726,2.318759563565254,0.024006886026475282,0.0001,0.013126400000000002,0.3,0.1,0.6,240.22407041421027,0.16962890625,0.6955161094665527,563.0652084350586,5.997677445497979,0.3011667505899266,0.0,0,0.8532079714785847
741376,181,0,0,0.01127164481440559,54.87419347763061,2.376804155111313,0.03733435226022448,0.0001,0.013088,0,0,0,226.171361445454,0.19677734375,0.7187554836273193,506.2911271810532,0,0,0,0,0
745472,182,401.4021802546755,595.3,0.014537222438957543,74.52987747192383,2.334120672941208,0.08061351721990143,0.0001,0.013049600000000001,0.1,0.1,0.8,227.45821825510416,0.23505859375,0.7578481435775757,550.2683211326599,5.614132519255405,0.4613581350297065,0.0,0,0.958570361263623
749568,183,0,0,0.03731299918727018,48.7078634262085,2.386259266734123,0.14499984183348874,0.0001,0.0130112,0,0,0,239.25474703902935,0.3822021484375,0.7701234817504883,456.68774275779725,0,0,0,0,0
753664,184,195.35856290170022,392.8,0.000402019513421692,186.01265487670898,2.278145983815193,0.029997331765484227,0.0001,0.0129728,0.6,0.0,0.4,228.19319402639331,0.2615234375,0.48590612411499023,701.5084550857543,6.066579352270397,0.4589386163075012,0.0,0,0.7779366280884182
757760,185,0,0,-0.004482011043000967,183.56362648010253,2.290180969238281,0.01519476738176489,0.0001,0.012934400000000002,0,0,0,223.94761786226059,0.1556640625,0.4320065975189209,866.6062939643859,0,0,0,0,0
761856,186,297.3054602810822,482.0,0.0006968271569348872,82.45300264358521,2.3314751476049422,0.01991115981946,0.0001,0.012896000000000001,0.5,0.1,0.4,232.10442271049638,0.193408203125,0.5888571739196777,434.2381293773651,6.562714935626619,0.4033685863131925,0.0,0,0.8304653797473908
765952,187,0,0,-0.0017486833850853146,102.29911804199219,2.2604170352220536,0.012839816882845554,0.0001,0.0128576,0,0,0,217.34096540758156,0.1359130859375,0.6324660778045654,791.6816766738891,0,0,0,0,0
770048,188,277.98219820588696,420.4,-0.006415421690326184,106.9571660041809,2.2341455996036528,0.010228427264885195,0.0001,0.012819200000000001,0.5,0.0,0.5,254.91120192659733,0.11396484375,0.4935687184333801,695.9945284843445,6.537297619166336,0.4250445253572657,0.0,0,0.8365136276279628
774144,189,0,0,0.0006300413806457072,91.0452980041504,2.2559922516345976,0.018269509318272207,0.0001,0.012780800000000002,0,0,0,240.76560772483975,0.1758544921875,0.5735460519790649,394.89147367477415,0,0,0,0,0
778240,190,261.20296339247454,370.4,0.009101610584184527,91.95200757980346,2.13890862762928,0.05190711352916163,0.0001,0.012742400000000001,0.5,0.2,0.3,227.48477679614302,0.31513671875,0.6277921199798584,465.2779354572296,6.896470928574439,0.3869024790898621,0.0,0,0.6664666320704125
782336,191,0,0,-0.0002904628519900143,72.12235498428345,2.192893946170807,0.02272947073215847,0.0001,0.012704,0,0,0,220.93988754742833,0.209033203125,0.6416603326797485,455.666307926178,0,0,0,0,0
786432,192,273.5935072313208,336.9,0.05135171511210501,50.75671234130859,2.1683667689561843,0.17981211678998438,0.0001,0.0126656,0.7,0.0,0.3,237.54601844814678,0.432958984375,0.6766167283058167,719.0070046424865,7.2603969607760135,0.4301041373008868,0.0,0,0.6168646196332352
790528,193,0,0,0.003415640018647537,53.91424951553345,2.1219265699386596,0.0281133132739372,0.0001,0.012627200000000002,0,0,0,227.65065640942913,0.239794921875,0.7146404385566711,424.40609312057495,0,0,0,0,0
794624,194,268.6478560763249,342.3,0.007858882431173697,64.79965648651122,2.0438907027244566,0.032635713872153374,0.0001,0.0125888,0.6,0.0,0.4,238.82240673347528,0.2391845703125,0.7476437091827393,442.3101385116577,7.15841541619843,0.4197532668321813,0.0,0,0.6360272575655328
798720,195,0,0,0.01714194534579292,56.6210738658905,2.0754902198910714,0.05954379392206009,0.0001,0.012550400000000001,0,0,0,221.43332905543568,0.3300537109375,0.8334581255912781,410.41475076675414,0,0,0,0,0
802816,196,79.37542086827621,224.9,0.0011966838384978474,200.90713386535646,2.0001477628946303,0.017791092125119368,0.0001,0.012512000000000002,1.0,0.0,0.0,227.46831627557333,0.1814697265625,0.33788079023361206,1078.3840194702148,6.051301384016029,0.4371064610749367,0.0,0,0.40423502283386303
806912,197,0,0,-0.004380845976993441,121.74043655395508,2.083811917901039,0.01775961235689716,0.0001,0.012473600000000001,0,0,0,227.62266880416314,0.1689453125,0.5477532148361206,735.1188018798828,0,0,0,0,0
811008,198,276.6023582507287,388.1,-0.006297798419836909,82.08256177902221,2.1003980368375776,0.012132198052135357,0.0001,0.0124352,0.4,0.0,0.6,235.89090058888593,0.1295166015625,0.5547699928283691,436.4133969306946,7.262919127657338,0.4044708636629338,0.0,0,0.8500672607100007
815104,199,0,0,-0.0035267930070403963,120.78400840759278,2.0929678976535797,0.016450278847699704,0.0001,0.012396800000000003,0,0,0,207.12733959074052,0.1558349609375,0.6456596851348877,622.9830409049988,0,0,0,0,0
819200,200,226.45124047055356,303.2,-0.0033362108340952547,99.98197107315063,2.1039792194962503,0.014746313447908551,0.0001,0.0123584,0.5,0.2,0.3,206.7421658864116,0.1233642578125,0.6444990634918213,481.34604225158694,6.735954553032073,0.36740516980722704,0.0,0,0.5806242108775559
823296,201,0,0,-0.005149779323255643,97.58575735092163,2.078474336862564,0.0130074896718747,0.0001,0.012320000000000001,0,0,0,189.51689969700894,0.1337646484375,0.6560813188552856,702.1885850906372,0,0,0,0,0
827392,202,432.64303777058194,528.8,0.023300140560604633,58.22669720649719,2.056762407720089,0.08584486327599991,0.0001,0.0122816,0.2,0.1,0.7,235.2600568996802,0.372705078125,0.7900807857513428,519.3552793502807,7.016187126625367,0.32789575726694664,0.0,0,0.8521633627451972
831488,203,0,0,0.029823352553648874,61.66068091392517,2.1763512760400774,0.3585016339595338,0.0001,0.0122432,0,0,0,206.76452236062806,0.3047607421875,0.7688155174255371,435.47698159217833,0,0,0,0,0
835584,204,278.56642520260283,394.3,0.009781503590056672,100.12188873291015,2.225198525190353,0.04739426428569378,0.0001,0.012204800000000002,0.2,0.4,0.4,211.35996599908273,0.27705078125,0.7727051973342896,732.2821745872498,6.470343874030304,0.6704363044477558,0.0,0,0.6396028765002544
839680,205,0,0,0.0243995169934351,60.31687459945679,2.2852493971586227,0.12063740835947352,0.0001,0.012166400000000003,0,0,0,227.93555949968746,0.342333984375,0.7501696944236755,546.747432422638,0,0,0,0,0
843776,206,368.2703712276376,445.6,0.014681790728354826,85.20460157394409,2.170973816514015,0.05211381023837345,0.0001,0.012128000000000002,0.3,0.0,0.7,232.90097541786048,0.3172607421875,0.7596586346626282,733.1454165458679,6.964426569403959,0.5090015176279967,0.0,0,0.8297922864122474
847872,207,0,0,0.010586272733053192,85.13126959800721,2.2364723443984986,0.035790350747995754,0.0001,0.012089600000000002,0,0,0,223.24062224366227,0.2285400390625,0.774279773235321,542.1316123008728,0,0,0,0,0
851968,208,305.57663183699276,403.4,0.0185298920085188,111.2556833267212,2.1753100782632826,0.06413432709524239,0.0001,0.012051200000000001,0.5,0.0,0.5,235.97907473273827,0.359130859375,0.7464996576309204,841.0194270133973,6.99809878706274,0.6526731272759296,0.0,0,0.7609941710342781
856064,209,0,0,-0.003789934515953064,89.81451358795167,2.2573827475309374,0.013336812879428487,0.0001,0.0120128,0,0,0,227.9013251382329,0.1307373046875,0.8299533128738403,536.8287947654724,0,0,0,0,0
860160,210,344.8882627743641,380.6,0.01615670549799688,91.00476608276367,2.1259711921215056,0.07178380523983212,0.0001,0.011974400000000001,0.3,0.0,0.7,236.9922957880603,0.2335205078125,0.7098774909973145,522.4217012405395,7.6237420426727756,0.31990112308758223,0.0,0,0.7933631095104554
864256,211,0,0,0.017114785534795375,84.9956826210022,2.267750030755997,0.057310893648539564,0.0001,0.011936,0,0,0,212.48827838076218,0.291943359375,0.809372067451477,467.68020620346067,0,0,0,0,0
868352,212,255.4981463555195,275.0,0.00721730666118674,105.00845775604247,2.22321397960186,0.03930973492971197,0.0001,0.011897600000000001,0.7,0.2,0.1,224.44577454618693,0.2784423828125,0.714749276638031,541.4021514892578,8.04941447450255,0.3063228708041793,0.0,0,0.5702485109550027
872448,213,0,0,0.027883113076677547,94.9056866645813,2.238939893245697,0.12101923268565443,0.0001,0.0118592,0,0,0,212.17814222196742,0.35,0.6622865200042725,633.7317583084107,0,0,0,0,0
876544,214,267.90787398549685,350.7,-0.0030498165520839392,96.77389192581177,2.386022987961769,0.010634213383314921,0.0001,0.011820800000000001,0.6,0.3,0.1,216.1651354160948,0.1,0.8062820434570312,616.9349270820618,7.2980997879134275,0.6070280996057166,0.0,0,0.643722091553796
880640,215,0,0,0.0006608055147808046,123.7396595954895,2.2751426875591276,0.013188074704524034,0.0001,0.0117824,0,0,0,225.8570180094341,0.125146484375,0.7074645757675171,755.7985940933228,0,0,0,0,0
884736,216,406.44456303379195,480.9,0.011435395263833924,73.34924955368042,2.2948078334331514,0.12370952674828387,0.0001,0.011744000000000001,0.3,0.0,0.7,204.445091205637,0.223388671875,0.8266090154647827,413.8205972194672,7.276621362899945,0.2969991283782501,0.0,0,0.9319619267737549
888832,217,0,0,0.008622482849750668,68.50653996467591,2.3895897388458254,0.03286871273012722,0.0001,0.011705600000000002,0,0,0,215.62883663792272,0.2048095703125,0.7724284529685974,546.6415819168091,0,0,0,0,0
892928,218,336.8570898306246,393.3,0.0006156673131044954,96.86130838394165,2.4468511581420898,0.016138595466831107,0.0001,0.011667200000000003,0.3,0.1,0.6,118.88668610527226,0.14404296875,0.7606145143508911,702.6424300193787,6.877692513188596,0.30506341339626153,0.0,0,0.8089531582594182
897024,219,0,0,0.01159427896491252,78.89225840568542,2.523901456594467,0.04370138969971322,0.0001,0.0116288,0,0,0,202.74703774645164,0.22734375,0.822773814201355,494.1435619354248,0,0,0,0,0
901120,220,309.30735611932823,363.8,-0.0007555431919172406,97.74483318328858,2.396428015828133,0.013315567338124926,0.0001,0.0115904,0.3,0.0,0.7,219.30653601514334,0.11318359375,0.7260488867759705,708.9873421669006,7.467842906371416,0.3118808415171398,0.0,0,0.8309618926847318
905216,221,0,0,0.046128101774957034,66.93576760292054,2.475708308815956,0.17278354444425134,0.0001,0.011552,0,0,0,222.24222540518863,0.3811767578125,0.8332590460777283,508.74385313987733,0,0,0,0,0
909312,222,328.94841510633836,424.3,0.012007127629476599,91.36771802902221,2.4248782366514208,0.057257927273169605,0.0001,0.011513600000000002,0.4,0.1,0.5,215.02265576304092,0.2928466796875,0.7837880849838257,431.41677436828616,7.301330185102238,0.37521334788231087,0.0,0,0.8166065731625188
913408,223,0,0,-0.0033105064008850603,104.20819826126099,2.3963834077119825,0.008495618451708676,0.0001,0.011475200000000001,0,0,0,206.5527691879786,0.0728271484375,0.6768127083778381,589.2146327972412,0,0,0,0,0
917504,224,395.82470719722494,494.0,0.003103975753765553,68.5874858379364,2.4084815084934235,0.02263278172368108,0.0001,0.011436800000000002,0.3,0.0,0.7,199.8092468236601,0.179736328125,0.6953856348991394,497.8059054374695,6.809533545027074,0.3175613632262294,0.0,0,0.866169118385663
921600,225,0,0,0.015888151281978936,78.62483501434326,2.448283338546753,0.06322447936400064,0.0001,0.011398400000000001,0,0,0,206.64313648179441,0.3219970703125,0.6859734058380127,403.80580019950867,0,0,0,0,0
925696,226,374.77692738335224,449.4,0.009737003094051034,71.63159980773926,2.348215413093567,0.03607599347888345,0.0001,0.011360000000000002,0.1,0.1,0.8,236.93161436805073,0.2317138671875,0.7047345042228699,667.5581104278565,6.66310015428189,0.30301876547975015,0.0,0,0.8565172434200582
929792,227,0,0,-0.0010498723248019814,59.815679740905765,2.393027609586716,0.01544361540182384,0.0001,0.011321600000000001,0,0,0,212.87945877748714,0.133984375,0.7673672437667847,350.7039424419403,0,0,0,0,0
933888,228,277.57138874178867,314.6,-0.0008918532461393624,91.46807136535645,2.4053135335445406,0.017905081516076286,0.0001,0.011283200000000002,0.7,0.0,0.3,223.4633662515068,0.1542236328125,0.7543178200721741,488.92162523269656,7.484655358136355,0.29485445229570334,0.0,0,0.5985777715013046
937984,229,0,0,0.008233783347532154,68.35642771720886,2.2938130140304565,0.029995971044993963,0.0001,0.011244800000000001,0,0,0,231.7532508935687,0.219091796875,0.7601146101951599,600.9626339912414,0,0,0,0,0
942080,230,306.62510612878134,315.4,0.0035456499317660928,162.1759617805481,2.354504218697548,0.031363418872937227,0.0001,0.011206400000000002,0.5,0.1,0.4,224.73265811338297,0.2142822265625,0.42819833755493164,707.623854637146,8.103739079236442,0.30479230512175765,0.0,0,0.6650413704116124
946176,231,0,0,0.0657186770462431,96.14076805114746,2.3798790469765665,0.4601116596371894,0.0001,0.011168,0,0,0,217.5101537564144,0.4630615234375,0.6854979395866394,422.76179895401003,0,0,0,0,0
950272,232,269.7329090538568,247.7,-9.508989169262349e-05,131.05136613845826,1.8739078521728516,0.0207307253964303,0.0001,0.011129600000000002,0.8,0.0,0.2,220.18580085806215,0.171923828125,0.709631621837616,445.85108814239504,8.86625383368823,0.33797114378089554,0.0,0,0.5697724220514611
954368,233,0,0,0.005361497512785718,150.57370138168335,1.8713184908032416,0.027356269042505675,0.0001,0.0110912,0,0,0,221.40857268044337,0.220263671875,0.7293044328689575,640.2549279212951,0,0,0,0,0
958464,234,212.13174840981142,207.2,0.005957802291959524,150.84878911972046,1.8554160073399544,0.027555701605530003,0.0001,0.0110528,0.8,0.2,0.0,221.11932955079112,0.18974609375,0.7808555364608765,894.644629573822,9.201918781586702,0.3403113972809369,0.0,0,0.562780245301301
962560,235,0,0,0.030192178074503317,124.788174533844,2.0326665371656416,0.08598499317886758,0.0001,0.011014400000000002,0,0,0,215.5709106398192,0.417333984375,0.7571472525596619,569.3616693496704,0,0,0,0,0
966656,236,246.86298605442784,280.7,0.0030411824467591942,167.5039300918579,1.924661260843277,0.019332478637813878,0.0001,0.010976000000000001,0.7,0.1,0.2,228.50462606349728,0.1761474609375,0.7385042309761047,640.7071453094483,8.323379483715932,0.3584561425803504,0.0,0,0.600935648565275
970752,237,0,0,0.005154901673085988,140.047469997406,1.8793242856860162,0.02790310392447635,0.0001,0.010937600000000002,0,0,0,230.87204103242894,0.208740234375,0.7945118546485901,837.3182340621948,0,0,0,0,0
974848,238,144.06886018648092,143.9,0.006749586114892736,118.49128694534302,1.9991989508271217,0.031971074646576815,0.0001,0.010899200000000001,0.8,0.1,0.1,239.98009720106063,0.225146484375,0.7752643823623657,805.3717220306396,8.708024984900362,0.3661073320135711,0.0,0,0.3735809014638281
978944,239,0,0,0.013884848431916907,133.40882501602172,1.9109918490052222,0.03792955724930573,0.0001,0.0108608,0,0,0,220.47595530982522,0.30068359375,0.7861740589141846,830.2155469894409,0,0,0,0,0
983040,240,206.10848980335413,206.2,0.0031879290530923755,123.64296140670777,2.004166008532047,0.020565098717637408,0.0001,0.010822400000000001,0.6,0.1,0.3,219.5344686819045,0.199560546875,0.7802963256835938,848.1258776664733,8.760556972057543,0.37419760563201765,0.0,0,0.5841386677977749
987136,241,0,0,0.030722028174204753,127.30458555221557,2.0063294738531114,0.09786359032951109,0.0001,0.010784000000000002,0,0,0,237.1916098531139,0.3039794921875,0.7728211283683777,823.0662091255188,0,0,0,0,0
991232,242,302.61282862178547,339.0,-0.0006253424216993153,101.24135942459107,2.13362832069397,0.00974769678723903,0.0001,0.010745600000000001,0.4,0.1,0.5,245.32505394479122,0.0859375,0.8009212017059326,815.7745351791382,7.832986073479928,0.41897855767966685,0.0,0,0.6891627639437556
995328,243,0,0,0.0004891442542430014,118.45688257217407,2.2034384965896607,0.012444091525688043,0.0001,0.010707200000000002,0,0,0,216.38308218535124,0.1248046875,0.7260144948959351,689.9342255592346,0,0,0,0,0
999424,244,252.34603552039044,287.5,0.1276531418901868,76.76049342155457,2.5698358833789827,0.4403168116899927,0.0001,0.0106688,0.5,0.1,0.4,236.36839381596687,0.57919921875,0.7044640779495239,552.5393994331359,7.8153366100827215,0.36090462030773796,0.0,0,0.6361673599535012
1003520,245,0,0,0.004313808039296418,129.49530782699586,2.242004841566086,0.024800296121978104,0.0001,0.010630400000000002,0,0,0,216.6780343706951,0.18740234375,0.6993142366409302,756.740140914917,0,0,0,0,0
1007616,246,274.9807989450731,346.0,-0.004119238597922958,139.56257219314574,2.132647979259491,0.01152351987693952,0.0001,0.010592,0.5,0.1,0.4,226.90536726016168,0.1143310546875,0.6944242715835571,638.0560123443604,7.759117915953787,0.3830223640577181,0.0,0,0.6837784294928448
1011712,247,0,0,-0.00386643607635051,141.57705087661742,2.1694558054208755,0.0071381767815216395,0.0001,0.010553600000000002,0,0,0,224.0048967478205,0.07099609375,0.6619325280189514,663.897702217102,0,0,0,0,0
1015808,248,145.546665233527,157.1,0.00038997859228402377,152.85509271621703,2.1057774901390074,0.017514837835191054,0.0001,0.010515200000000002,0.9,0.1,0.0,233.58405446840928,0.1603515625,0.6415077447891235,887.9468614578248,8.1315857103741,0.31049848934077307,0.0,0,0.37377079080766723
1019904,249,0,0,0.006661736173555255,114.6822585105896,2.174795165657997,0.03048949525109741,0.0001,0.010476800000000001,0,0,0,204.1528376307833,0.2321044921875,0.7314815521240234,522.4745487213135,0,0,0,0,0
1024000,250,242.16113419092162,290.2,0.01789252072921954,96.72884931564332,2.2878009736537934,0.05250472303597249,0.0001,0.010438400000000002,0.8,0.0,0.2,202.1052656939816,0.3713623046875,0.682398796081543,533.0765459060669,7.914067930579357,0.4393747834194552,0.0,0,0.6095903678176191
1028096,251,0,0,-0.0028663095377851277,121.32518854141236,2.273542436957359,0.01803669331421005,0.0001,0.010400000000000001,0,0,0,198.20272809327477,0.1760009765625,0.655217170715332,788.3105464935303,0,0,0,0,0
1032192,252,346.5403742001332,384.5,0.00503812815877609,160.12959823608398,2.2020242869853974,0.022254894670917867,0.0001,0.010361600000000002,0.6,0.0,0.4,208.34543810546535,0.187060546875,0.6167855262756348,1043.5176315307617,7.784203129734952,0.3188628111131254,0.0,0,0.810043439874347
1036288,253,0,0,0.022038291115313767,120.29312839508057,2.173465719819069,0.06727472683997412,0.0001,0.010323200000000003,0,0,0,215.7780197490892,0.3625,0.5903205871582031,600.65132188797,0,0,0,0,0
1040384,254,34.66431972820949,214.8,0.017377061559818684,244.90484447479247,2.024876083433628,0.060452983932921825,0.0001,0.0102848,0.7,0.1,0.2,224.68004571109793,0.3157470703125,0.29148614406585693,1821.2752624511718,6.96332460253947,0.6656470672048451,0.0,0,0.39064592712095136
1044480,255,0,0,-0.0020834590424783526,210.16823654174806,2.043862947821617,0.022518899504760888,0.0001,0.010246400000000001,0,0,0,231.1202750594369,0.210009765625,0.39636319875717163,1079.6534037590027,0,0,0,0,0
1048576,256,180.80010485921548,308.0,0.017006853595376015,172.0631669998169,2.086349366605282,0.21706490652123112,0.0001,0.010208,0.7,0.2,0.1,217.5121750961527,0.3273681640625,0.42399054765701294,778.7825777053833,7.210871149859966,0.5333403449501136,0.0,0,0.5858915068619253
1052672,257,0,0,0.02067435218486935,127.00840883255005,2.2569267779588698,0.07031380981789574,0.0001,0.0101696,0,0,0,211.16272408232228,0.3682861328125,0.5102862119674683,559.8902190208435,0,0,0,0,0
1056768,258,351.12382433930424,459.7,0.014676675607915968,74.57250199317932,2.357886639237404,0.04182980551559278,0.0001,0.010131200000000002,0.4,0.1,0.5,211.02813659078257,0.2767578125,0.502551794052124,461.7295228004456,6.564546426255473,0.3340430994979794,0.0,0,0.7515230339525465
1060864,259,0,0,0.01337081539677456,66.72875342369079,2.286365497112274,0.05030848831666226,0.0001,0.0100928,0,0,0,217.64433212154685,0.3169677734375,0.4777070879936218,329.11466846466067,0,0,0,0,0
1064960,260,241.49496063821144,259.5,-0.002339095383649692,82.97225179672242,2.2262451708316804,0.013404245537824674,0.0001,0.010054400000000002,0.6,0.2,0.2,220.32077569303178,0.145654296875,0.5985643267631531,443.6814311981201,8.308376891680226,0.31186138475241965,0.0,0,0.6478799336040277
1069056,261,0,0,0.010667683777865023,64.39848732948303,2.239219030737877,0.04567802259116717,0.0001,0.010016000000000002,0,0,0,215.11618120242898,0.274755859375,0.6875919699668884,357.6357882499695,0,0,0,0,0
1073152,262,317.8047399608698,346.7,0.0043424301547929645,65.40406699180603,2.2899172067642213,0.02569169574126618,0.0001,0.009977600000000001,0.6,0.1,0.3,182.31269794688234,0.20029296875,0.7615215182304382,548.2315570831299,7.581274366355617,0.2843621488862643,0.0,0,0.6822472753749711
1077248,263,0,0,0.006024811498355121,83.11884951591492,2.200444780290127,0.033201225812083554,0.0001,0.0099392,0,0,0,210.82936835702955,0.2472412109375,0.6268841028213501,403.5858623981476,0,0,0,0,0
1081344,264,337.4836156120472,404.1,0.013788371591363102,61.351196908950804,2.2495299011468886,0.04560800245235665,0.0001,0.009900800000000001,0.3,0.1,0.6,228.614542659712,0.2377685546875,0.762694776058197,497.7793328285217,7.950258698059846,0.35800862356808605,0.0,0,0.8110483872103735
1085440,265,0,0,0.012654297961853444,99.5613018989563,2.246258106827736,0.04574294655776882,0.0001,0.0098624,0,0,0,224.75196226440767,0.2709716796875,0.7018454074859619,432.89446887969973,0,0,0,0,0
1089536,266,313.5840155616229,380.1,0.0009013738541398198,78.71906814575195,2.274406924843788,0.010993352203515433,0.0001,0.009824000000000003,0.4,0.1,0.5,217.44683104776578,0.1049560546875,0.8313404321670532,673.722940158844,7.309183145428847,0.3594772379435477,0.0,0,0.7995288504898239
1093632,267,0,0,0.011989334505051375,97.90532426834106,2.312406012415886,0.03770401257934532,0.0001,0.0097856,0,0,0,243.47953073399052,0.23193359375,0.7302846312522888,1061.6334873199462,0,0,0,0,0
1097728,268,389.1022341676205,444.1,0.006853505579056218,85.77592878341675,2.3097553461790086,0.02911659827368815,0.0001,0.009747200000000003,0.1,0.1,0.8,232.20846152991507,0.1910400390625,0.7592447996139526,539.832124710083,7.230953340947158,0.2914611731663278,0.0,0,0.8615788193357146
1101824,269,0,0,0.02870320341316983,91.58537874221801,2.2503613084554672,0.07955290720565827,0.0001,0.0097088,0,0,0,228.9519087384879,0.4307373046875,0.6714380383491516,672.4534502983093,0,0,0,0,0
1105920,270,220.90271045194473,263.6,3.47128021530807e-05,109.085973072052,2.220427453517914,0.01093321147200516,0.0001,0.009670400000000003,0.5,0.3,0.2,194.1295279136205,0.1122802734375,0.6432722806930542,730.1229503631591,8.106084877565184,0.37182200378289726,0.0,0,0.5267306483559872
1110016,271,0,0,0.0012463837745599448,91.09698433876038,2.2375965625047685,0.02759037238430152,0.0001,0.009632000000000002,0,0,0,231.67465402808426,0.15576171875,0.7281449437141418,483.4443910598755,0,0,0,0,0
1114112,272,256.0364477816809,263.4,0.000878798303892836,131.7137704849243,2.060194471478462,0.019003934825017797,0.0001,0.009593600000000002,0.5,0.1,0.4,226.2731552133844,0.16416015625,0.7118606567382812,879.9908002853393,8.039969194683659,0.3553302461082138,0.0,0,0.5890043517138063
1118208,273,0,0,0.0018864624318666757,119.53602523803711,2.0459545850753784,0.024133642375821877,0.0001,0.009555200000000002,0,0,0,239.96783881279435,0.1626708984375,0.7870720028877258,763.847568321228,0,0,0,0,0
1122304,274,211.48114396729702,256.2,0.004474132612813264,99.91620397567749,2.2515529185533523,0.031199789550740636,0.0001,0.0095168,0.6,0.3,0.1,227.11812043332776,0.2391845703125,0.6980141401290894,550.3169749259948,8.091803012578476,0.3236477707620219,0.0,0,0.5347192293788813
1126400,275,0,0,0.034567100589629265,88.45086727142333,2.3520042270421984,0.1109588901985306,0.0001,0.009478400000000001,0,0,0,245.6427243495462,0.3724853515625,0.741262674331665,561.3348036289215,0,0,0,0,0
1130496,276,213.3152300221556,249.5,-0.0013565723202191293,100.69014263153076,2.2254260271787643,0.01261100889533151,0.0001,0.009440000000000002,0.5,0.2,0.3,213.66565150250008,0.1214599609375,0.7153843641281128,728.899889087677,7.8291112182406035,0.40540029427757995,0.0,0,0.5280271787635016
1134592,277,0,0,-0.0014666493108961732,98.84381151199341,2.2866145253181456,0.016522170905957537,0.0001,0.009401600000000001,0,0,0,210.1393675446743,0.156103515625,0.7493735551834106,529.5236039161682,0,0,0,0,0
1138688,278,269.31489906741245,310.0,0.031780557648744434,74.24071340560913,2.358788976073265,0.08236522316001806,0.0001,0.009363200000000002,0.5,0.2,0.3,219.0066339756196,0.4413818359375,0.8009041547775269,635.4763786315918,7.7518673385114525,0.520897665962963,0.0,0,0.5963914966337593
1142784,279,0,0,0.0003128840995486826,102.13772058486938,2.194224813580513,0.015901165932885465,0.0001,0.009324800000000003,0,0,0,213.11290440466294,0.150048828125,0.7821625471115112,670.4203356742859,0,0,0,0,0
1146880,280,313.9181759264806,377.2,0.00288664391846396,88.58924312591553,2.2855578869581223,0.021527999017420023,0.0001,0.0092864,0.4,0.0,0.6,237.16971686317277,0.183642578125,0.9158751368522644,1086.925336265564,7.513296833405953,0.4548340083775361,0.0,0,0.7354063663396389
1150976,281,0,0,0.004377449589082971,85.5034068107605,2.251760110259056,0.015553026220734794,0.0001,0.009248000000000003,0,0,0,231.0429520187377,0.1248779296875,0.8065183162689209,656.8511540412903,0,0,0,0,0
1155072,282,191.0655159513862,369.8,0.08700779309729115,67.63484659194947,2.3207806542515756,1.8694511617221028,0.0001,0.0092096,0.5,0.2,0.3,214.26341437935716,0.4522216796875,0.75481778383255,512.894957447052,5.445722086009867,0.7913220079385137,0.0,0,0.5804589214743079
1159168,283,0,0,0.008046052319696174,105.74625883102416,2.4219874650239945,0.049226161758999604,0.0001,0.009171200000000001,0,0,0,250.76556967182492,0.2163330078125,0.6846961975097656,830.2459009170532,0,0,0,0,0
1163264,284,216.96129973652268,303.6,-0.002717314864275977,83.33308763504029,2.497986006736755,0.015053497206829029,0.0001,0.009132800000000002,0.5,0.0,0.5,208.2142275537536,0.1439453125,0.790751576423645,827.7903654098511,6.028713780252618,0.6292690108849781,0.0,0,0.6452370322287233
1167360,285,0,0,-0.003341440577059984,95.42249784469604,2.5079132288694383,0.013244318519903629,0.0001,0.0090944,0,0,0,223.71690132074454,0.13994140625,0.7835461497306824,795.884429359436,0,0,0,0,0
1171456,286,293.3871117677916,399.8,5.2105163922533394e-05,63.46621713638306,2.5655987948179244,0.006770839255843979,0.0001,0.009056000000000002,0.4,0.1,0.5,240.35203004227387,0.0618896484375,0.7937695980072021,672.8001670837402,6.726231864671226,0.6889365956558734,0.0,0,0.8123846481378785
1175552,287,0,0,0.00016473444411531092,56.99777660369873,2.562883475422859,0.013537920015372587,0.0001,0.0090176,0,0,0,230.80296107138528,0.137255859375,0.6777419447898865,753.8959768295288,0,0,0,0,0
1179648,288,293.01646183065094,368.8,-0.0006822779367212206,94.84965062141418,2.444413757324219,0.016758284733989336,0.0001,0.008979200000000001,0.3,0.2,0.5,239.76554357565385,0.156640625,0.5424908399581909,585.0614733695984,6.59447524343634,0.6218912622435748,0.0,0,0.7672699400658217
1183744,289,0,0,-0.004751743469387293,68.35273342132568,2.475113335251808,0.013630260294305484,0.0001,0.008940800000000002,0,0,0,132.27639722454904,0.1255126953125,0.8238999843597412,404.94419531822206,0,0,0,0,0
1187840,290,250.43602790296237,305.6,0.09307078312849626,63.15035653114319,2.55666768848896,0.3627738904673633,0.0001,0.008902400000000001,0.4,0.2,0.4,217.69705232525348,0.506787109375,0.7371630668640137,675.2506156921387,6.626093893990015,0.5867554980625366,0.0,0,0.5947876672354431
1191936,291,0,0,0.021532781334826723,66.6999584197998,2.5756333589553835,0.06014432864031055,0.0001,0.008864000000000002,0,0,0,199.6007603987124,0.3631103515625,0.7895709872245789,574.037980556488,0,0,0,0,0
1196032,292,386.3446693540999,526.6,-0.00034428940853103995,67.19721331596375,2.445133438706398,0.013787299501566347,0.0001,0.0088256,0.2,0.1,0.7,185.6469680118113,0.1218017578125,0.7927244901657104,475.46387376785276,6.61822232724821,0.39605124913119505,0.0,0,0.9678771237557624
1200128,293,0,0,-0.0026170377503149213,67.68147487640381,2.458947294950485,0.012308470878636162,0.0001,0.008787200000000002,0,0,0,208.89009940691054,0.1118896484375,0.7714807987213135,592.6090742111206,0,0,0,0,0
1204224,294,295.3773415330879,375.0,-0.0012931169127114116,77.71218709945678,2.4136837095022203,0.016506421910892265,0.0001,0.008748800000000001,0.5,0.1,0.4,209.56289852628586,0.147412109375,0.7436216473579407,592.9062000274658,6.736188913828767,0.4211820476768856,0.0,0,0.7115701699578411
1208320,295,0,0,0.030535643559414894,71.72479343414307,2.4911857336759566,0.13428632213763567,0.0001,0.008710400000000002,0,0,0,221.58007171561985,0.336865234375,0.7398501634597778,530.44712266922,0,0,0,0,0
1212416,296,194.83282501653298,382.1,0.006296287605073303,109.27578325271607,2.5581653654575347,0.02827355938498105,0.0001,0.008672000000000001,0.6,0.3,0.1,252.08880102527849,0.2574951171875,0.6824464201927185,1145.0738063812255,6.258222619137014,0.8020309252669335,0.0,0,0.657948513671267
1216512,297,0,0,0.0029664593865163626,81.85940284729004,2.487510308623314,0.026074192422313146,0.0001,0.008633600000000003,0,0,0,225.48585463175885,0.226220703125,0.7346145510673523,726.2623394012451,0,0,0,0,0
1220608,298,255.92870719588595,381.6,0.005368753324728459,78.40050201416015,2.465971753001213,0.025484461896123568,0.0001,0.0085952,0.4,0.2,0.4,246.33773700043065,0.2292236328125,0.746018648147583,810.2128343582153,6.42651377897929,0.732876369585333,0.0,0,0.6789838135459444
1224704,299,0,0,-0.005584784795064479,62.98862795829773,2.5510312736034395,0.014113586998431463,0.0001,0.008556800000000003,0,0,0,231.04876568788347,0.1178466796875,0.7327251434326172,717.7143888473511,0,0,0,0,0
1228800,300,304.14013601266794,417.6,0.019998846767703072,72.45189151763915,2.465780144929886,0.07060642332108007,0.0001,0.0085184,0.6,0.0,0.4,224.4742915005625,0.3465087890625,0.785478949546814,697.9982059955597,6.344847315050732,0.638034476893077,0.0,0,0.7129281825366645
1232896,301,0,0,0.004269931465387344,54.440863847732544,2.561772659420967,0.03286438732612203,0.0001,0.008480000000000001,0,0,0,254.74899839360108,0.2134033203125,0.6915655136108398,740.684136581421,0,0,0,0,0
1236992,302,269.04381875143514,374.3,0.005977672745939344,55.545654726028445,2.5850255250930787,0.03387336565356417,0.0001,0.008441600000000002,0.4,0.0,0.6,230.9656838038504,0.199267578125,0.7134569883346558,647.1160180091858,6.554387636657542,0.6342419260843029,0.0,0,0.7416789234256396
1241088,303,0,0,0.003931381984148175,78.13438119888306,2.5959444850683213,0.026285582206040232,0.0001,0.0084032,0,0,0,211.35707969119437,0.2279052734375,0.7842245101928711,446.28990330696104,0,0,0,0,0
1245184,304,346.7469038760321,527.6,0.014136872976087034,59.59532637596131,2.567616492509842,0.06792922251625207,0.0001,0.008364800000000002,0.2,0.1,0.6,252.2727174596737,0.2940185546875,0.7636221647262573,435.39191198349,5.924601563639919,0.6694216165994752,0.0,0,0.7954627687195484
1249280,305,0,0,0.010119627375388518,60.789006328582765,2.6015284657478333,0.052307466109053215,0.0001,0.0083264,0,0,0,226.75835461089963,0.3150390625,0.6650014519691467,486.5084692955017,0,0,0,0,0
1253376,306,202.06794307556885,254.7,0.004668606293853373,86.77701740264892,2.359325522184372,0.02167774447298439,0.0001,0.008288000000000002,0.6,0.3,0.1,219.1980971316779,0.160791015625,0.7562917470932007,726.3525270462036,7.680486329621741,0.6729643189106275,0.0,0,0.5370235344465574
1257472,307,0,0,0.001992635446367785,80.05118312835694,2.3893649578094482,0.02379166148748832,0.0001,0.008249600000000001,0,0,0,239.81525184687766,0.171875,0.8118732571601868,602.7278619766236,0,0,0,0,0
1261568,308,327.66766808540666,440.2,-0.0068904063489753755,84.79253816604614,2.3816016256809234,0.012593987890799515,0.0001,0.008211200000000002,0.4,0.1,0.5,247.9450593438937,0.1071044921875,0.7087584733963013,656.7918320655823,6.632922230030438,0.5153005439934566,0.0,0,0.6904795555577237
1265664,309,0,0,0.007605423469794914,75.69375882148742,2.3386241108179093,0.03195332715331752,0.0001,0.008172800000000001,0,0,0,247.19155498585638,0.1995361328125,0.7424048185348511,554.9738032341004,0,0,0,0,0
1269760,310,306.03857476235873,343.9,0.006239536555949598,73.83325862884521,2.279211464524269,0.02112483421952041,0.0001,0.008134400000000003,0.5,0.0,0.5,238.51762726022338,0.2005615234375,0.770737886428833,617.6438924789429,8.142198031929059,0.34032530652788606,0.0,0,0.7568469507179006
1273856,311,0,0,-0.002382728550583124,71.16435251235961,2.370840510725975,0.010814835470231305,0.0001,0.008096,0,0,0,246.68147969121102,0.0915771484375,0.803949236869812,584.2010453224182,0,0,0,0,0
1277952,312,373.9827117842528,482.1,-0.001061027724063024,86.75523657798767,2.430575206875801,0.009103064263765493,0.0001,0.008057600000000002,0.4,0.0,0.6,248.7079708413597,0.0917724609375,0.6649348139762878,892.2824773788452,6.583055822793254,0.28052075850121105,0.0,0,0.8841713936155774
1282048,313,0,0,0.008037209219764918,76.52546658515931,2.396705839037895,0.042145824051116706,0.0001,0.0080192,0,0,0,214.33734079841793,0.2779052734375,0.7500965595245361,563.8508997917176,0,0,0,0,0
1286144,314,312.8656416026771,405.0,0.025064211164135486,60.68974933624268,2.457329419255257,0.08914447034112871,0.0001,0.007980800000000001,0.4,0.1,0.5,203.94781132831878,0.3242919921875,0.7861902117729187,438.3698763847351,6.847432917098691,0.4380809604724322,0.0,0,0.779307927173685
1290240,315,0,0,0.07067960629356093,80.50988054275513,2.38226203918457,0.3935712233593246,0.0001,0.007942400000000002,0,0,0,239.1382281264666,0.531396484375,0.769470751285553,623.2565916538239,0,0,0,0,0
1294336,316,322.197447703904,367.0,0.003077031846623868,72.86072754859924,2.4509412080049513,0.01974515499751249,0.0001,0.007904000000000001,0.5,0.0,0.5,227.72457809525258,0.150537109375,0.725676953792572,503.86446084976194,7.356170419058971,0.3756707825324851,0.0,0,0.8085367616936457
1298432,317,0,0,-0.002001108054537326,55.161241340637204,2.516393893957138,0.010121089286260748,0.0001,0.007865600000000002,0,0,0,216.58136872701579,0.1055908203125,0.8333772420883179,608.1463264465332,0,0,0,0,0
1302528,318,242.39314542878802,300.7,0.005828385282075033,55.37109065055847,2.5380745977163315,0.026072701909294636,0.0001,0.007827200000000001,0.5,0.0,0.5,226.05870041758413,0.1974609375,0.8326581716537476,552.557322216034,6.97270729088077,0.3589162589846768,0.0,0,0.6781067540627184
1306624,319,0,0,-0.0016169875278137624,66.10811095237732,2.4910695642232894,0.015531080505756339,0.0001,0.007788800000000002,0,0,0,229.6509610858964,0.1241943359375,0.7352832555770874,561.3263052940368,0,0,0,0,0
1310720,320,408.20401946759984,455.5,-0.0008543410920538008,84.30092043876648,2.440149736404419,0.013897198513953171,0.0001,0.007750400000000003,0.2,0.0,0.8,203.09845465252215,0.132861328125,0.7768995761871338,480.07125253677367,7.353272580689432,0.2801034701964399,0.0,0,0.8670123254666606
1314816,321,0,0,0.002756938518723473,78.00177645683289,2.3973965644836426,0.017523516688383617,0.0001,0.007712,0,0,0,258.9158523552909,0.1714111328125,0.6914274096488953,723.603755569458,0,0,0,0,0
1318912,322,454.0523749650918,486.7,-0.000603104312904179,66.14993305206299,2.451347252726555,0.011756338656421794,0.0001,0.007673600000000003,0.0,0.1,0.9,217.335763363019,0.1082275390625,0.7485232353210449,537.4271249771118,7.692864809306414,0.3460057527013929,0.0,0,0.9902851274008737
1323008,323,0,0,0.01148807090939954,54.125311279296874,2.545639047026634,0.03735064280336008,0.0001,0.0076352,0,0,0,222.18373516542073,0.2207275390625,0.8374436497688293,460.5189480781555,0,0,0,0,0
1327104,324,283.6185961678285,296.7,0.041672379540978,48.35850195884704,2.605389955639839,0.121351677959322,0.0001,0.0075968000000000025,0.5,0.0,0.5,225.70013666654597,0.4468505859375,0.806938111782074,415.8832283973694,8.299274125870596,0.3782135564070267,0.0,0,0.7160789920936788
1331200,325,0,0,0.017427428800147027,100.03604784011841,2.375593659281731,0.05659273378551296,0.0001,0.007558400000000002,0,0,0,219.04486130293796,0.3171142578125,0.7404133081436157,706.8324464797973,0,0,0,0,0
1335296,326,334.9894837657194,393.3,-0.0034980883821845053,100.16711950302124,2.4798470437526703,0.0065294950210089365,0.0001,0.007520000000000001,0.5,0.0,0.5,229.2599370694029,0.056298828125,0.6431447267532349,678.4447507858276,8.072792261356922,0.3844502128564238,0.0,0,0.7831314575887094
1339392,327,0,0,-0.003652279800735414,87.53784236907958,2.4774837344884872,0.006599445909527717,0.0001,0.0074816000000000014,0,0,0,216.37893423948518,0.0563232421875,0.6988077163696289,537.8405381202698,0,0,0,0,0
1343488,328,52.28143751757246,162.0,0.022963898035231977,77.65945658683776,2.5449394792318345,0.0884161286900094,0.0001,0.007443200000000002,0.9,0.1,0.0,225.64082296484185,0.323388671875,0.7465906143188477,512.370953464508,6.149702018940221,0.532091736905783,0.0,0,0.33445767626335865
1347584,329,0,0,0.004370305105112493,277.794525718689,2.413847893476486,0.027221452210872597,0.0001,0.007404800000000001,0,0,0,221.7603608830126,0.1870361328125,0.30817896127700806,1304.0075421333313,0,0,0,0,0
1351680,330,325.2305346246841,498.4,-0.0024507390102371574,92.67947959899902,2.631127434968948,0.009119682553138731,0.0001,0.007366400000000002,0.3,0.0,0.7,219.01028021431404,0.0884033203125,0.6014605164527893,660.8690074920654,7.081276415431615,0.3906689995471645,0.0,0,0.907369396572865
1355776,331,0,0,0.01765107481624,64.32889366149902,2.486541485786438,0.06656187683984785,0.0001,0.007328000000000001,0,0,0,265.6417925817836,0.291845703125,0.6295530796051025,392.51962819099424,0,0,0,0,0
1359872,332,306.4550254188924,358.3,-0.0004957925993949175,48.01391305923462,2.684466767311096,0.016674404148945783,0.0001,0.0072896,0.5,0.1,0.4,208.1885920895682,0.150830078125,0.762501060962677,455.8981997489929,7.573160886394291,0.42560543002729323,0.0,0,0.7200644857899454
1363968,333,0,0,0.010506737430114299,59.64324917793274,2.5260019540786742,0.03261222728470411,0.0001,0.007251200000000003,0,0,0,221.8333504422639,0.2452392578125,0.7973917722702026,571.6969577789307,0,0,0,0,0
1368064,334,320.4765820975444,370.7,0.00027733438764698803,109.09652299880982,2.3968924283981323,0.012797944841443185,0.0001,0.0072128,0.7,0.0,0.3,215.29062806944992,0.1137451171875,0.6888535022735596,1101.0954328536986,7.700731555611455,0.3311528062743697,0.0,0,0.6504418642990614
1372160,335,0,0,-0.001673940772889182,71.46360645294189,2.5116357535123823,0.009215673934504193,0.0001,0.007174400000000003,0,0,0,217.53387244073662,0.088671875,0.8205463290214539,623.0477582931519,0,0,0,0,0
1376256,336,250.3491219518195,259.8,-0.0022695896332152188,85.79041271209717,2.4888822972774505,0.010203958661443736,0.0001,0.007136,0.4,0.2,0.4,208.63573419595355,0.0936767578125,0.768308162689209,801.3460545539856,8.585509751941474,0.4298125929697198,0.0,0,0.6408990662774968
1380352,337,0,0,-0.0047513892408460375,101.6415825843811,2.3886729180812836,0.008518047092370636,0.0001,0.0070976000000000025,0,0,0,228.60294333720205,0.078076171875,0.7012660503387451,839.4968584060668,0,0,0,0,0
1384448,338,202.27193650571184,258.0,0.05305769245605916,55.31332950592041,2.5683474838733673,0.19260029201978163,0.0001,0.007059200000000002,0.5,0.3,0.2,213.58225640581017,0.431787109375,0.8109441995620728,642.0241131782532,7.752819750713309,0.520812602798597,0.0,0,0.5874439619069134
1388544,339,0,0,-0.0001314026303589344,78.36511998176574,2.536713594198227,0.012381747006659371,0.0001,0.007020800000000002,0,0,0,208.66468589172945,0.1103271484375,0.7676815390586853,457.1961051940918,0,0,0,0,0
1392640,340,269.57682191111815,319.2,-0.000843460689065978,99.09027643203736,2.509335049986839,0.01408050203499761,0.0001,0.0069824000000000015,0.7,0.0,0.3,204.13262376546498,0.121923828125,0.7714141011238098,506.3771370887756,7.800662213135657,0.448267691861882,0.0,0,0.6377592996225588
1396736,341,0,0,-0.0017233623657375574,71.48504815101623,2.5611576616764067,0.015423749845652262,0.0001,0.0069440000000000005,0,0,0,222.29289104767955,0.122021484375,0.7791383266448975,760.784822845459,0,0,0,0,0
1400832,342,296.2582513846754,339.8,0.012036036513745785,96.77200231552123,2.543846845626831,0.040976246544144064,0.0001,0.006905600000000001,0.5,0.0,0.5,218.38037437494498,0.2798828125,0.8286498188972473,1013.1227537155152,8.154471004516864,0.4304846681078354,0.0,0,0.7919259626274766
1404928,343,0,0,0.0016703636618331074,76.18007774353028,2.737219986319542,0.017400272279340705,0.0001,0.006867200000000002,0,0,0,209.8567918530188,0.168603515625,0.714374303817749,474.00488395690917,0,0,0,0,0
1409024,344,326.5923064363536,422.4,-0.0002929074689745903,118.08324403762818,2.321529692411423,0.020062929042617528,0.0001,0.006828800000000001,0.6,0.0,0.4,229.73748967544103,0.1841064453125,0.7395488023757935,764.4942754745483,7.6457944890676925,0.37871289614736103,0.0,0,0.7572694067059302
1413120,345,0,0,0.015460000897292048,85.89148864746093,2.5088434398174284,0.043487528741392265,0.0001,0.006790400000000002,0,0,0,210.1396502853285,0.2847900390625,0.773746132850647,501.31340579986573,0,0,0,0,0
1417216,346,304.65635559273795,355.8,0.003541640564799309,99.85053081512451,2.5154506385326387,0.028376977427982997,0.0001,0.006752000000000003,0.5,0.1,0.4,214.21838316459122,0.22099609375,0.6890825033187866,555.8998850822449,8.28078545222508,0.3245044748338757,0.0,0,0.6543011025892773
1421312,347,0,0,0.002210928819840774,83.11759896278382,2.52513003051281,0.022464283101730143,0.0001,0.006713600000000002,0,0,0,207.93346504489594,0.166845703125,0.693157434463501,515.162002658844,0,0,0,0,0
1425408,348,239.7656676196629,263.8,-0.00301905139349401,112.95300197601318,2.3729613691568376,0.009732404394896305,0.0001,0.006675200000000003,0.7,0.1,0.2,205.70875087857942,0.090380859375,0.6018917560577393,474.1000707626343,8.768472795364312,0.3686338921796056,0.0,0,0.645556161548117
1429504,349,0,0,0.006056647922378033,108.03785924911499,2.380099466443062,0.041685611143478074,0.0001,0.0066368,0,0,0,212.21679615345604,0.2165283203125,0.7208482027053833,694.587929725647,0,0,0,0,0
1433600,350,255.28446851233463,290.5,-0.0001928088371641934,128.76384658813475,2.3114262014627456,0.016369006381322493,0.0001,0.006598400000000001,0.6,0.1,0.3,225.8227283342145,0.1302734375,0.6875337362289429,950.590029335022,8.729942835246806,0.3445061175043764,0.0,0,0.6143987183342727
1437696,351,0,0,0.01043520767125301,101.7827579498291,2.4454204350709916,0.034924162470273176,0.0001,0.006560000000000002,0,0,0,204.10467831681598,0.24345703125,0.7802141308784485,632.1407205581665,0,0,0,0,0
1441792,352,244.7040450726306,270.0,0.00231553137418814,93.56340398788453,2.4187013536691664,0.01732331953681633,0.0001,0.006521600000000001,0.8,0.0,0.2,184.07324628102515,0.1552734375,0.7837106585502625,933.079121017456,8.348453119325555,0.4346870526011454,0.0,0,0.5690908389021716
1445888,353,0,0,0.07302880559582263,71.51195421218873,2.6009998977184297,0.3273991883150392,0.0001,0.0064832000000000015,0,0,0,204.48819760242546,0.550146484375,0.7304662466049194,632.423360824585,0,0,0,0,0
1449984,354,319.53164655503554,398.4,0.01727790986187756,62.91390929222107,2.5013096570968627,0.048036975809376804,0.0001,0.0064448000000000005,0.6,0.0,0.4,220.96091571633778,0.336767578125,0.7759896516799927,579.7847973823548,7.735557398045676,0.32198346134078115,0.0,0,0.79033109547978
1454080,355,0,0,-0.0016057563247159124,149.46533975601196,2.404948964715004,0.007329647890587226,0.0001,0.006406400000000001,0,0,0,232.3494577601293,0.0708740234375,0.6985243558883667,947.4152645111084,0,0,0,0,0
1458176,356,283.1253102682864,323.0,-0.0028664257959462704,87.62254819869995,2.3963063627481462,0.008112399429959791,0.0001,0.006368000000000002,0.3,0.2,0.5,187.59484978113366,0.0736572265625,0.78096604347229,881.0157749176026,8.15176843564136,0.3945786140007345,0.0,0,0.7737817604830102
1462272,357,0,0,0.02375692592468113,61.70547881126404,2.6318161457777025,0.08092316357142668,0.0001,0.006329600000000001,0,0,0,218.30517000263353,0.3405029296875,0.8234128952026367,619.9781924247742,0,0,0,0,0
1466368,358,237.70870507687414,281.0,-0.0032751402235589922,143.91620445251465,2.5322335034608843,0.024141037685333742,0.0001,0.006291200000000002,0.7,0.0,0.3,196.14723462432877,0.18388671875,0.6003548502922058,951.0346590042114,8.304828306695523,0.470491040375987,0.0,0,0.6436024218183422
1470464,359,0,0,0.0013895529380533844,160.73554496765138,2.36491080224514,0.019747552665288864,0.0001,0.006252800000000003,0,0,0,184.69245836575107,0.1748291015625,0.6107560992240906,1057.712077331543,0,0,0,0,0
1474560,360,269.496818371699,403.8,0.016360724275000394,125.98176546096802,2.4163460195064546,0.04868650170683831,0.0001,0.006214400000000002,0.5,0.1,0.4,122.89380330818616,0.30673828125,0.6126287579536438,685.3620519638062,7.4513489898051475,0.49672172478597343,0.0,0,0.6554651669057824
1478656,361,0,0,-0.004161356569966301,131.7351134300232,2.409733313322067,0.014760482622663879,0.0001,0.006176000000000001,0,0,0,216.6361047371666,0.1537109375,0.5532138347625732,727.398237991333,0,0,0,0,0
1482752,362,106.33058424629132,216.3,0.0004697510274127126,187.26748580932616,2.3923490196466446,0.019240350648764372,0.0001,0.006137600000000002,0.8,0.1,0.1,196.7717209715892,0.178173828125,0.4672091007232666,1060.050986480713,7.272365250606209,0.4529276954208547,0.0,0,0.41866203810077574
1486848,363,0,0,0.001852524373680353,164.17248373031617,2.451857644319534,0.023100977437573795,0.0001,0.006099200000000001,0,0,0,213.57361912601877,0.2080322265625,0.5168101191520691,941.5707664489746,0,0,0,0,0
1490944,364,126.40484582209942,215.4,0.07027950970223173,163.6438521385193,2.477854073047638,0.9093318836370633,0.0001,0.006060800000000003,0.8,0.1,0.1,216.51178290543533,0.435498046875,0.6079566478729248,923.432614517212,6.674439633566704,0.49626082443119035,0.0,0,0.3783136783317442
1495040,365,0,0,-0.0005834344017785042,215.7226936340332,2.301268067955971,0.05178551745776032,0.0001,0.006022400000000001,0,0,0,225.987660532537,0.2231689453125,0.5037484169006348,1176.8695938110352,0,0,0,0,0
1499136,366,168.2968430436523,287.1,-0.004479420423740521,114.71646022796631,2.526482331752777,0.021935262936498685,0.0001,0.005984000000000003,0.6,0.1,0.3,203.5488259710754,0.1853759765625,0.583428680896759,798.3521770477295,7.546929588553939,0.47374843373870723,0.0,0,0.624135420667592
1503232,367,0,0,0.0013892248214688152,203.52884502410888,2.36217206120491,0.020944580168001124,0.0001,0.0059456000000000005,0,0,0,220.58493463529425,0.211474609375,0.6905167698860168,912.4959211349487,0,0,0,0,0
1507328,368,114.94938802968966,185.2,-0.002697702794102952,124.04329376220703,2.5072586685419083,0.019945199803262502,0.0001,0.005907200000000003,0.9,0.1,0.0,204.8620256152937,0.1486328125,0.6650447845458984,836.7615530014039,7.769581142641807,0.4866001286360128,0.0,0,0.3720043676526643
1511424,369,0,0,-0.003618369810283184,130.64093656539916,2.5810538053512575,0.017883121655907146,0.0001,0.005868800000000002,0,0,0,204.67425206181096,0.150341796875,0.6373035907745361,618.7936164855957,0,0,0,0,0
1515520,370,276.96510335402184,326.7,-0.0038995813694782553,88.89577655792236,2.519958546757698,0.01113693685729476,0.0001,0.005830400000000001,0.5,0.1,0.4,209.8950251030497,0.1099853515625,0.7519409656524658,816.2158409118653,7.89731886160825,0.43288716148497997,0.0,0,0.7306111157172545
1519616,371,0,0,0.03215036886977032,80.3450532913208,2.5049877166748047,0.08119489123492113,0.0001,0.005792000000000002,0,0,0,207.95661861173858,0.435009765625,0.7216028571128845,591.5920560836792,0,0,0,0,0
1523712,372,347.2293877584825,440.2,0.0003459350438788533,95.11277265548706,2.5224983394145966,0.024712348636243647,0.0001,0.005753600000000001,0.4,0.1,0.4,207.839534462997,0.193017578125,0.7370321750640869,677.8518789291381,6.964811223862013,0.32432202400302296,0.0,0,0.792291476192357
1527808,373,0,0,0.055233474622946234,68.16039748191834,2.592885822057724,0.19208700799645406,0.0001,0.005715200000000002,0,0,0,218.80703564988534,0.464111328125,0.6871592998504639,651.5906648635864,0,0,0,0,0
1531904,374,256.8719201409293,305.4,0.0023185903788544237,100.509792137146,2.499605455994606,0.01871043062419813,0.0001,0.005676800000000001,0.7,0.1,0.2,209.52753576228088,0.13447265625,0.6162630319595337,649.5281558990479,7.57039387998979,0.4366996393723522,0.0,0,0.6059673316688085
1536000,375,0,0,0.0028790597047191114,71.1349352836609,2.7003194838762283,0.01817052852711886,0.0001,0.005638400000000002,0,0,0,228.47913546028636,0.18056640625,0.7756004929542542,573.3246297836304,0,0,0,0,0
1540096,376,310.32615771199124,365.7,-0.0017953621805645525,83.90245842933655,2.5539073437452315,0.00649062532829954,0.0001,0.005600000000000001,0.3,0.3,0.4,219.93635551571808,0.0576416015625,0.7318481206893921,476.1235197067261,7.542063367172737,0.38677404509600277,0.0,0,0.7064766934969157
1544192,377,0,0,0.0036635799740906807,85.02662377357483,2.4619357913732527,0.022758512740259206,0.0001,0.005561600000000003,0,0,0,226.20484568966083,0.1791015625,0.7599656581878662,476.39785346984866,0,0,0,0,0
1548288,378,320.01883935965185,400.5,0.005278716038446873,73.48947520256043,2.5315247803926466,0.02873013173812484,0.0001,0.005523200000000001,0.5,0.0,0.5,217.52658442638847,0.1957763671875,0.7145020961761475,583.9141083717346,7.305770327786585,0.418929637046549,0.0,0,0.7801502511175935
1552384,379,0,0,0.004879359126789495,75.54836692810059,2.6174398094415663,0.02648416526499451,0.0001,0.0054848000000000015,0,0,0,196.95670210985685,0.211181640625,0.7687172889709473,550.381192779541,0,0,0,0,0
1556480,380,145.6323653373987,211.1,0.013868663157336415,59.069628953933716,2.6068923085927964,0.05008608034841422,0.0001,0.0054464000000000005,0.8,0.1,0.1,201.57319081491792,0.2808837890625,0.7985976338386536,715.7256824016571,7.734098029634687,0.5260084308873296,0.0,0,0.4320375215183474
1560576,381,0,0,-0.0023207455466035753,107.88383111953735,2.440886878967285,0.015536958036322362,0.0001,0.005408000000000001,0,0,0,215.83316657644446,0.145361328125,0.7576211094856262,882.2319679260254,0,0,0,0,0
1564672,382,273.19277174424724,323.0,-0.0009619563003070653,121.71940031051636,2.4401590675115585,0.009142071882687128,0.0001,0.005369600000000002,0.6,0.2,0.2,223.00819240722197,0.093603515625,0.6269486546516418,1094.1650051116944,7.773472593488049,0.33856133661665777,0.0,0,0.6269285811101916
1568768,383,0,0,-0.003384406492114067,120.53903894424438,2.4513425499200823,0.00883507138351224,0.0001,0.005331200000000001,0,0,0,196.99248191617033,0.0908203125,0.688413143157959,954.7713970184326,0,0,0,0,0
1572864,384,272.9792252116612,309.1,-0.0024047254875767974,114.63855333328247,2.462436690926552,0.012326804955959822,0.0001,0.005292800000000002,0.6,0.1,0.3,222.06469706447882,0.111572265625,0.7610292434692383,754.9634290695191,8.03554933292541,0.3735500719834298,0.0,0,0.6189802268416982
1576960,385,0,0,-0.0026108034304343163,97.50057983398438,2.3976083606481553,0.010266441668504149,0.0001,0.005254400000000001,0,0,0,215.88120140436942,0.101123046875,0.820365846157074,950.4892652511596,0,0,0,0,0
1581056,386,213.30690456677922,250.6,0.00236592490109615,62.661770296096805,2.5417421013116837,0.018482903992121845,0.0001,0.005216000000000002,0.6,0.3,0.1,182.75703775265768,0.175048828125,0.778842568397522,846.5396200180054,7.720237872309886,0.44506572268865885,0.0,0,0.4986796519810185
1585152,387,0,0,0.0016153251403011382,126.21816596984863,2.3522153198719025,0.0153957901056895,0.0001,0.005177600000000003,0,0,0,224.79428659118824,0.149169921875,0.6686756610870361,911.3261819839478,0,0,0,0,0
1589248,388,274.8394219603657,317.8,-0.003258128464221954,115.7055811882019,2.431562879681587,0.013657399313531732,0.0001,0.005139200000000002,0.4,0.2,0.4,201.91856754915665,0.1361328125,0.6783224940299988,754.5053823471069,7.816780688235211,0.41877723726073335,0.0,0,0.660268142080915
1593344,389,0,0,-0.0026180244632996617,110.63160409927369,2.3186708092689514,0.011215579687271894,0.0001,0.0051008000000000026,0,0,0,212.51779397329088,0.101806640625,0.8193051218986511,899.3671026229858,0,0,0,0,0
1597440,390,248.44448150306147,256.6,0.007958146568853408,75.06590828895568,2.703458732366562,0.036785857430373166,0.0001,0.0050624,0.8,0.0,0.2,207.083682586802,0.2595458984375,0.872973620891571,686.4903843879699,9.463834484764465,0.4262142429107999,0.0,0,0.5407367907139407
1601536,391,0,0,-0.00307674576761201,105.61501884460449,2.4068241655826568,0.013273300338190273,0.0001,0.005024000000000002,0,0,0,195.25976359954547,0.11552734375,0.7738159894943237,765.2053956985474,0,0,0,0,0
1605632,392,254.67836768171728,249.3,-0.0007830009562894702,103.77771635055542,2.4082917958498,0.011262518801961437,0.0001,0.005,0.6,0.1,0.3,212.28102509878957,0.095654296875,0.750559389591217,915.8077658653259,8.914320433758485,0.3269836121113456,0.0,0,0.561188705177261
1609728,393,0,0,0.045903883129358294,93.18784122467041,2.4265715926885605,0.19756938607315871,0.0001,0.005,0,0,0,202.24183822891212,0.414208984375,0.7988582253456116,688.6237125396729,0,0,0,0,0
1613824,394,-5.247316621614749,61.9,-0.00213835573522374,286.1742935180664,2.0610180735588073,0.008425373625145133,0.0001,0.005,1.0,0.0,0.0,225.07054448437898,0.093408203125,0.15465223789215088,2641.764565658569,5.77313807347919,0.5396783102822332,0.0,0,0.1264032422366938
1617920,395,0,0,0.009532198391389102,238.10808238983154,2.0892401725053786,0.04223107847793136,0.0001,0.005,0,0,0,223.33763719590573,0.29853515625,0.45474642515182495,1486.4823347091674,0,0,0,0,0
1622016,396,252.71425209945238,302.7,0.02453293667640537,142.66697120666504,2.218387487530708,0.10648308675299978,0.0001,0.005,0.7,0.0,0.3,218.92610986188333,0.386572265625,0.5589954853057861,808.8662729263306,7.678197748672217,0.39797783015240856,0.0,0,0.6042461750083402
1626112,397,0,0,0.005385648220544681,78.65118436813354,2.2880596578121186,0.03403636897528814,0.0001,0.005,0,0,0,207.5515611173569,0.246484375,0.6518161296844482,423.6606760978699,0,0,0,0,0
1630208,398,202.78870388910562,223.2,0.006152803124859929,52.22837285995483,2.4169915169477463,0.03572577388258951,0.0001,0.005,0.8,0.0,0.2,194.1607329259566,0.236669921875,0.6841024160385132,375.32496881484985,8.532552292918105,0.4228075555855534,0.0,0,0.49227279983974415
1634304,399,0,0,-0.002824305888498202,86.21416783332825,2.290677434206009,0.013756340689730594,0.0001,0.005,0,0,0,217.34862595403237,0.1324951171875,0.6827986240386963,584.2771199226379,0,0,0,0,0
1638400,400,216.02762578875635,241.5,0.001205911987926811,74.7003897190094,2.2825656086206436,0.014429043958086663,0.0001,0.005,0.5,0.2,0.3,218.95111782215133,0.140625,0.8024939894676208,652.5037550926208,8.189803100720228,0.5078108620474454,0.0,0,0.5656530024878681
1642496,401,0,0,0.007063959573861212,77.88803634643554,2.3491751104593277,0.02286293409998106,0.0001,0.005,0,0,0,229.8322157734783,0.2005615234375,0.8177204132080078,777.0317160606385,0,0,0,0,0
1646592,402,201.18978243846124,252.3,-0.004317081719636917,83.428098487854,2.326600244641304,0.009831746498420734,0.0001,0.005,0.6,0.2,0.2,225.9518363816371,0.08876953125,0.75750732421875,684.1858461380004,8.374293000524533,0.609637516707665,0.0,0,0.5059335233471652
1650688,403,0,0,0.012556783083709888,58.15100073814392,2.4947715431451796,0.044384723274563755,0.0001,0.005,0,0,0,199.33682967534895,0.2554443359375,0.8122662305831909,511.79744682312014,0,0,0,0,0
1654784,404,213.47988667963355,252.3,-0.00011981771094724536,69.71842560768127,2.5357121378183365,0.019695655166291275,0.0001,0.005,0.4,0.3,0.3,207.963254283655,0.1670166015625,0.7789202928543091,653.7356843471528,8.035821731823441,0.5705057611328048,0.0,0,0.5089959652066038
1658880,405,0,0,-0.003612717881333083,91.52400732040405,2.2642604917287827,0.0074420377470257705,0.0001,0.005,0,0,0,215.60539354427107,0.069580078125,0.7819100618362427,839.3500137329102,0,0,0,0,0
1662976,406,145.56968701051966,170.9,0.0014826716214884073,94.10337018966675,2.353528565168381,0.014106618523514098,0.0001,0.005,0.8,0.1,0.1,203.06216271833043,0.14755859375,0.8233290910720825,678.7210746765137,8.417819369331223,0.5024222622457002,0.0,0,0.3733438684773129
1667072,407,0,0,0.00920459078042768,69.10175051689149,2.4934088587760925,0.02826305815252377,0.0001,0.005,0,0,0,197.4294601634133,0.20947265625,0.8364057540893555,731.7831302642822,0,0,0,0,0
1671168,408,339.08910433904185,387.3,-0.0007050367188639939,103.66968936920166,2.225592854619026,0.011589701645429372,0.0001,0.005,0.5,0.0,0.5,220.3083895189191,0.1103759765625,0.8221220970153809,919.0661108016968,7.7406987409437225,0.46697419730522577,0.0,0,0.7400213710601238
1675264,409,0,0,0.005792419699719176,90.69918851852417,2.3941392838954925,0.02713104482973615,0.0001,0.005,0,0,0,198.62999965950536,0.1847412109375,0.7768111228942871,631.0137922286988,0,0,0,0,0
1679360,410,226.08647511727833,249.2,0.00548186968662776,78.32032165527343,2.4782148122787477,0.022882636825673725,0.0001,0.005,0.6,0.1,0.3,199.07727079716292,0.2056396484375,0.735625147819519,473.7410714149475,8.286080179925445,0.385370723485997,0.0,0,0.5718959585288217
1683456,411,0,0,-0.0030219371663406493,133.21215801239015,2.2427563279867173,0.012542651305561276,0.0001,0.005,0,0,0,198.8616758927959,0.122509765625,0.7080475091934204,841.5986455917358,0,0,0,0,0
1687552,412,220.7992134416351,260.1,0.0005973219056613743,103.51642532348633,2.287019580602646,0.014679807615178809,0.0001,0.005,0.7,0.1,0.2,231.96090173367386,0.119921875,0.7752659320831299,749.0342600822448,9.121308991203852,0.5023737438788405,0.0,0,0.6684243182557249
1691648,413,0,0,-0.0013429374259430916,104.86313896179199,2.3837809443473814,0.009393624826046415,0.0001,0.005,0,0,0,217.63236359262032,0.0805419921875,0.7983276844024658,707.6947586059571,0,0,0,0,0
1695744,414,202.4076488194566,225.6,-0.00240541739622131,108.44173173904419,2.2770680874586104,0.009601086952902528,0.0001,0.005,0.4,0.3,0.3,203.1554753596429,0.0822265625,0.7083922624588013,1093.7318481445313,8.736403381917086,0.30909853436012547,0.0,0,0.5007874056248237
1699840,415,0,0,-0.0017180233087856322,82.41630754470825,2.419555848836899,0.01172073243797348,0.0001,0.005,0,0,0,212.15122017023697,0.11298828125,0.7801313996315002,641.6188446044922,0,0,0,0,0
1703936,416,313.20640872277716,297.6,-0.003947175576467998,88.30240716934205,2.370937889814377,0.010169084061638717,0.0001,0.005,0.6,0.0,0.4,221.987892212661,0.108642578125,0.8214430809020996,711.789047050476,9.249330747802311,0.35671240588313774,0.0,0,0.7390554049975512
1708032,417,0,0,0.029518518858822063,110.02009677886963,2.297873157262802,0.09270509531489404,0.0001,0.005,0,0,0,215.86361065296288,0.3328369140625,0.7644001245498657,635.1795415878296,0,0,0,0,0
1712128,418,340.8513339848454,402.6,-0.001426953898044303,91.7053952217102,2.3833508253097535,0.01266613209736821,0.0001,0.005,0.4,0.0,0.6,227.37202254367094,0.1202392578125,0.790161669254303,926.012317276001,7.5006930749197,0.352837468463472,0.0,0,0.7462758310193303
1716224,419,0,0,0.0039728800766170025,80.51382789611816,2.3428344041109086,0.024304601770930915,0.0001,0.005,0,0,0,226.65955384748352,0.187939453125,0.7700166702270508,643.926433467865,0,0,0,0,0
1720320,420,314.73409618383283,383.5,-0.0016899281996302306,84.54703359603882,2.4070751309394836,0.015252601692924181,0.0001,0.005,0.5,0.1,0.4,219.11072513206017,0.1403564453125,0.8047545552253723,869.8331346511841,7.285476316148944,0.3179741874516367,0.0,0,0.7227749592809452
1724416,421,0,0,0.011652490956475959,78.99934301376342,2.3020256400108337,0.039323826003605136,0.0001,0.005,0,0,0,197.5639396927687,0.24580078125,0.7431328296661377,858.8875388145447,0,0,0,0,0
1728512,422,142.8202699767399,224.0,-0.0025517401518300176,258.159792137146,2.489613249897957,0.014408713387095947,0.0001,0.005,0.8,0.1,0.1,217.36252410268892,0.1488037109375,0.5296574234962463,1592.2972248077392,7.232554654907675,0.5189167295236927,0.0,0,0.47519530768850676
1732608,423,0,0,-0.0020094041246920824,189.05053234100342,2.2636526972055435,0.015695111898643997,0.0001,0.005,0,0,0,225.3639505840519,0.1422119140625,0.5175207853317261,1010.006512260437,0,0,0,0,0
1736704,424,264.72542244105114,321.6,0.0013061656500212848,134.67600374221803,2.401501876115799,0.015623561237593672,0.0001,0.005,0.6,0.1,0.3,195.6050198596397,0.1336181640625,0.6560914516448975,1196.5943641662598,8.703323117269974,0.4223263786096677,0.0,0,0.7128733858311199
1740800,425,0,0,0.0002961134712677449,112.92458744049073,2.3346086919307707,0.025281829071177965,0.0001,0.005,0,0,0,209.02842476062503,0.191552734375,0.607354998588562,849.0644044876099,0,0,0,0,0
1744896,426,287.97449331744724,369.0,-0.004343394975876436,144.91516962051392,2.3355815768241883,0.012501639323095313,0.0001,0.005,0.5,0.1,0.4,213.48892425193745,0.12021484375,0.619431734085083,1002.1478233337402,7.636273997431895,0.45926193300929546,0.0,0,0.7568654275038387
1748992,427,0,0,0.005755055823829025,99.4599383354187,2.418613949418068,0.03148514321220118,0.0001,0.005,0,0,0,200.18155118136505,0.1980712890625,0.6227589845657349,898.6164381027222,0,0,0,0,0
1753088,428,206.81484725346618,239.5,-0.0012283672229386866,122.70539436340331,2.4306260257959367,0.011823428938808883,0.0001,0.005,0.7,0.2,0.1,192.03190928441893,0.1241943359375,0.5228347778320312,847.840371799469,8.270383004199704,0.543375921713183,0.0,0,0.522207528972275
1757184,429,0,0,-0.0028741676476784052,92.72523756027222,2.310257339477539,0.010363232920649047,0.0001,0.005,0,0,0,188.07065314315253,0.099853515625,0.7449613809585571,692.7561615943908,0,0,0,0,0
1761280,430,272.9141412902128,292.0,0.0001245868974365294,88.36156525611878,2.2937691122293473,0.018423019243349277,0.0001,0.005,0.6,0.1,0.3,206.96123864762885,0.1632568359375,0.7524085640907288,882.3532880783081,8.292816036805721,0.33966806459659865,0.0,0,0.6620278881483046
1765376,431,0,0,0.016922483299276793,75.73121461868286,2.395144435763359,0.06231366231950677,0.0001,0.005,0,0,0,200.58894652148214,0.2955810546875,0.8278067111968994,700.5544380187988,0,0,0,0,0
1769472,432,291.873530605836,406.0,0.04297801691573113,94.28870334625245,2.517021307349205,0.12769684931263742,0.0001,0.005,0.5,0.0,0.5,183.11928537570432,0.5222412109375,0.6937487125396729,593.5397029876709,7.344116688208852,0.39901034218944165,0.0,0,0.7002143410902046
1773568,433,0,0,0.005540944670792669,49.69624166488647,2.6441208124160767,0.022124497659390722,0.0001,0.005,0,0,0,204.1805851498829,0.1669921875,0.8463901281356812,585.7477458000183,0,0,0,0,0
1777664,434,297.15468640046345,383.4,0.0053145881334785375,109.05500650405884,2.321273520588875,0.03201827518060922,0.0001,0.005,0.7,0.1,0.2,218.00042704553178,0.2228271484375,0.721111536026001,789.9869953155518,7.35385828167105,0.37118678597649124,0.0,0,0.6614562504476103
1781760,435,0,0,-0.001290289347525686,83.92839999198914,2.47382338643074,0.012014581886254719,0.0001,0.005,0,0,0,202.9243845187454,0.11650390625,0.7291240096092224,751.3742485046387,0,0,0,0,0
1785856,436,316.11353058697557,330.2,0.019571415707468988,70.04017515182495,2.438501536846161,0.0637245846621273,0.0001,0.005,0.4,0.0,0.6,239.1160242513374,0.2694091796875,0.7923021912574768,769.7040747642517,8.497830242819111,0.3057480827773208,0.0,0,0.7596526982010321
1789952,437,0,0,0.03421383128152229,59.061989879608156,2.5140328496694564,0.12283604754338981,0.0001,0.005,0,0,0,221.96290271392672,0.397998046875,0.7813268303871155,436.9999623298645,0,0,0,0,0
1794048,438,418.64571343841243,459.7,0.0015746611636132002,47.14276304244995,2.521682730317116,0.016022207756764745,0.0001,0.005,0.3,0.0,0.7,125.10067611095126,0.1615478515625,0.862522542476654,766.6895824432373,7.278884760438014,0.24633906005093306,0.0,0,0.8552607335996474
1798144,439,0,0,0.0062860222300514575,108.43924531936645,2.3584947139024734,0.027799385375696595,0.0001,0.005,0,0,0,241.18426452460466,0.2177734375,0.7147580981254578,760.5421602249146,0,0,0,0,0
1802240,440,233.1424186330119,348.1,0.04053010130301118,66.47605509757996,2.515747582912445,0.14940139421378565,0.0001,0.005,0.7,0.1,0.2,171.63511327893838,0.425244140625,0.7625800371170044,606.9409994125366,7.202917445929899,0.4360124056267421,0.0,0,0.7106319283347349
1806336,441,0,0,0.0015946234692819417,82.02293748855591,2.56122140288353,0.017932830211069624,0.0001,0.005,0,0,0,213.65261265743678,0.146484375,0.7726964354515076,772.2965702056885,0,0,0,0,0
1810432,442,222.79116772859916,321.2,-0.002278016705531627,86.34911198616028,2.437692365050316,0.011149892779944123,0.0001,0.005,0.4,0.3,0.2,221.50740864116523,0.10244140625,0.71251380443573,592.7659274101258,7.638186431776971,0.4081262310215067,0.0,0,0.6018598926441739
1814528,443,0,0,-0.0014687471906654538,98.66046104431152,2.474572163820267,0.014212643679641774,0.0001,0.005,0,0,0,253.42823576109697,0.118359375,0.8421072959899902,649.5039312362671,0,0,0,0,0
1818624,444,186.25611881218853,239.7,0.009112305322196335,170.47838706970214,2.529315307736397,0.027481447096219608,0.0001,0.005,0.7,0.0,0.3,229.56408660324342,0.2427734375,0.665156364440918,1292.3280973434448,7.692796284804629,0.47686138550151513,0.0,0,0.5727936475720438
1822720,445,0,0,-0.002099087683018297,79.89005846977234,2.5271591424942015,0.014230899524412621,0.0001,0.005,0,0,0,223.90320134751656,0.132666015625,0.7647472620010376,653.6422791481018,0,0,0,0,0
1826816,446,361.88271477132196,397.7,0.005208661302458495,65.21214437484741,2.583368620276451,0.019735040149957056,0.0001,0.005,0.4,0.0,0.6,245.06139660640446,0.146875,0.7493888139724731,599.5056935310364,7.8921971359525305,0.4978806272567997,0.0,0,0.8423097824351341
1830912,447,0,0,0.014708376093767583,70.30931515693665,2.643415293097496,0.16145105010364463,0.0001,0.005,0,0,0,228.91749653333258,0.2872314453125,0.7835155725479126,677.94666929245,0,0,0,0,0
1835008,448,331.03216601876295,397.5,0.012814689322840422,65.84118971824645,2.625779303908348,0.060124754404754024,0.0001,0.005,0.3,0.2,0.5,193.25059164884044,0.2912841796875,0.7612795233726501,447.910027885437,6.870314392998607,0.3077090812104992,0.0,0,0.6958146220686541
1839104,449,0,0,0.02360672188224271,74.28183212280274,2.5089651107788087,0.08500992204062988,0.0001,0.005,0,0,0,240.52143630023357,0.4029052734375,0.7436085939407349,531.0767000198364,0,0,0,0,0
1843200,450,243.0842095737076,275.7,0.0027287677570711822,115.3237512588501,2.4292425245046614,0.018077216038368284,0.0001,0.005,0.4,0.2,0.4,241.8604325440697,0.185498046875,0.7341113686561584,594.0271934509277,7.928648307825672,0.5858570197896719,0.0,0,0.6222489973904703
1847296,451,0,0,0.00033743182430043814,74.37593078613281,2.4465284794569016,0.012326131755256329,0.0001,0.005,0,0,0,143.37332687352853,0.1077392578125,0.7977182865142822,720.4773894309998,0,0,0,0,0
1851392,452,285.2971340557977,312.3,-0.0009830819442868232,72.3790774345398,2.481262484192848,0.01330327387259261,0.0001,0.005,0.5,0.1,0.4,203.67616925978953,0.123486328125,0.8047457337379456,610.9103672981262,7.780049931237613,0.5423982513696609,0.0,0,0.6476061074313373
1855488,453,0,0,0.0030195262283086778,81.26019129753112,2.3663875967264176,0.018708332491231366,0.0001,0.005,0,0,0,222.63226302468266,0.13779296875,0.8455089330673218,640.3791236877441,0,0,0,0,0
1859584,454,382.8471855112115,419.0,0.0013453369087073953,79.32128839492798,2.4692189753055573,0.018431777285882377,0.0001,0.005,0.3,0.1,0.6,242.42390849638488,0.1692138671875,0.8252739310264587,982.9589840888978,7.447699836285165,0.6429402044734358,0.0,0,0.8752248430599396
1863680,455,0,0,-0.0014174196927342563,106.80890188217163,2.455903536081314,0.007342980068645292,0.0001,0.005,0,0,0,252.20573332883922,0.0717529296875,0.8214514255523682,1406.0244535446168,0,0,0,0,0
1867776,456,277.2956630505449,307.2,0.012929815420648083,79.57361493110656,2.5571399331092834,0.05537094364772539,0.0001,0.005,0.4,0.2,0.4,232.7135261269858,0.2973876953125,0.8059495687484741,763.5709432601928,7.733687293704958,0.6138852410132343,0.0,0,0.6774175532310494
1871872,457,0,0,2.4668104015290736e-05,90.10896730422974,2.5086577624082564,0.026214426258232858,0.0001,0.005,0,0,0,244.13721519766588,0.17177734375,0.7302347421646118,1081.7655750274657,0,0,0,0,0
1875968,458,346.1835425255714,381.5,-0.0017300200648605823,65.55758032798767,2.4841138988733293,0.01612880004068108,0.0001,0.005,0.3,0.1,0.6,244.480851617251,0.133984375,0.7414761781692505,835.2238220214844,7.239914517151329,0.5930874427290355,0.0,0,0.7823385384072067
1880064,459,0,0,0.0031556870555505155,49.548509740829466,2.666323059797287,0.02683877671370589,0.0001,0.005,0,0,0,245.9876986600255,0.21943359375,0.8084185719490051,874.5195003509522,0,0,0,0,0
1884160,460,379.20217642696736,403.2,-0.0017153120134025812,65.11423649787903,2.549539238214493,0.012061363982506915,0.0001,0.005,0.3,0.0,0.7,238.75891979472303,0.1078369140625,0.802203893661499,1137.693350982666,7.402885739983313,0.552031509818361,0.0,0,0.8286722287422108
1888256,461,0,0,-0.002693161740899086,107.23958196640015,2.5769413709640503,0.009926934091714832,0.0001,0.005,0,0,0,221.47211708626435,0.096630859375,0.7091434001922607,1197.101255607605,0,0,0,0,0
1892352,462,459.22686890152346,485.7,-0.0034868514980189503,115.11524772644043,2.609353116154671,0.01141215406242206,0.0001,0.005,0.2,0.0,0.8,205.77061350963592,0.0993896484375,0.8712040185928345,990.7465671539306,7.683315091557222,0.4280356894018299,0.0,0,0.9126004582020808
1896448,463,0,0,0.015373772283783182,74.89286437034608,2.5082219302654267,0.057995029483582414,0.0001,0.005,0,0,0,246.64164882030386,0.2982421875,0.7927016019821167,644.4004079818726,0,0,0,0,0
1900544,464,275.47355789154847,300.6,0.023899341991636902,80.87781186103821,2.632486942410469,0.09334878356167083,0.0001,0.005,0.5,0.0,0.5,217.2400731373738,0.3835693359375,0.7887333631515503,595.6762470245361,7.73549003528012,0.62172558553762,0.0,0,0.6609100122084125
1904640,465,0,0,0.00701484588207677,89.05331630706787,2.4890337496995927,0.026128569795403865,0.0001,0.005,0,0,0,271.3271376883734,0.21376953125,0.8388394713401794,959.5740102767944,0,0,0,0,0
1908736,466,208.78568456373114,257.1,-0.0013605029555037618,128.5590174674988,2.838428866863251,0.00802320282091679,0.0001,0.005,0.6,0.2,0.2,235.05078529792934,0.07060546875,0.7795689105987549,866.4500743865967,7.936056548831166,0.643522040102181,0.0,0,0.49387941600848145
1912832,467,0,0,0.010378199769183994,91.07160348892212,2.522599297761917,0.03754564412811554,0.0001,0.005,0,0,0,220.27009837955492,0.2468017578125,0.8261364102363586,930.0846814155578,0,0,0,0,0
1916928,468,241.52068697248924,336.6,-0.00042979370336979625,75.87757024765014,2.9988549828529356,0.014264612076661503,0.0001,0.005,0.6,0.2,0.2,242.6935331301162,0.1183837890625,0.8665779829025269,751.926773262024,7.065418064788159,0.8010449236423967,0.0,0,0.621216481219493
1921024,469,0,0,0.006941761053167283,87.99603528976441,2.614406427741051,0.03845533864078189,0.0001,0.005,0,0,0,242.80673471299488,0.169970703125,0.83549964427948,781.0499071121216,0,0,0,0,0
1925120,470,453.2020012608743,538.5,-0.003018662607064471,57.31550431251526,2.4915360391139982,0.011253725257122609,0.0001,0.005,0.2,0.0,0.8,254.53682278021753,0.106298828125,0.7617976069450378,767.7199642181397,6.562931787713301,0.2345294342994925,0.0,0,0.9463344650939269
1929216,471,0,0,0.006859412364428863,57.76977639198303,2.46160908639431,0.023723454130515353,0.0001,0.005,0,0,0,256.90319981203754,0.1899169921875,0.7718573808670044,798.9765886306762,0,0,0,0,0
1933312,472,405.95988570743185,459.0,3.2657990232110026e-07,57.886725425720215,2.535128575563431,0.0174165722332001,0.0001,0.005,0.2,0.0,0.8,227.71979075811677,0.1607666015625,0.864560604095459,525.8989414215088,6.813386707786291,0.3272288032369358,0.0,0,0.857496242319758
1937408,473,0,0,-0.0011623160098679364,73.89763836860656,2.539532035589218,0.01205412082781895,0.0001,0.005,0,0,0,229.61897466969333,0.115869140625,0.815716028213501,797.1232080459595,0,0,0,0,0
1941504,474,360.80834092876455,441.8,0.010074352636002004,66.53966035842896,2.5452804982662203,0.041680799351527915,0.0001,0.005,0.4,0.0,0.6,272.0292212911071,0.2755126953125,0.829308807849884,630.7404417991638,6.539892618380044,0.3005660972713854,0.0,0,0.7585100481286516
1945600,475,0,0,0.002720515721011907,62.05786075592041,2.4638753712177275,0.017831042094625115,0.0001,0.005,0,0,0,240.12926913919975,0.1572998046875,0.8170091509819031,1018.3774799346924,0,0,0,0,0
1949696,476,451.98266975608647,520.0,-0.0005687482247594744,48.01124105453491,2.5750036418437956,0.00876926958445021,0.0001,0.005,0.0,0.1,0.9,215.97271683137603,0.0721435546875,0.7914485335350037,869.7181691169739,6.679997436514033,0.3205370922822056,0.0,0,0.9660622105452228
1953792,477,0,0,-9.904045145958663e-06,53.883255290985105,2.4303340911865234,0.014270449731705387,0.0001,0.005,0,0,0,205.43401235889905,0.1302490234375,0.832858145236969,701.1963181495667,0,0,0,0,0
1957888,478,365.5292202346599,454.4,0.003512036276515573,93.52079606056213,2.4763262957334518,0.02615256631761767,0.0001,0.005,0.3,0.1,0.6,255.9260734478565,0.2109130859375,0.6315542459487915,743.4126153945923,7.110918941102689,0.3735742774488948,0.0,0,0.7634176894552955
1961984,479,0,0,2.3031211458146573e-05,71.27889447212219,2.672527575492859,0.011862765772460652,0.0001,0.005,0,0,0,248.69638145891534,0.115869140625,0.748803436756134,525.875644493103,0,0,0,0,0
1966080,480,278.8184786410194,385.5,0.006707707850728184,97.05084686279297,2.5200538247823716,0.033027578910700815,0.0001,0.005,0.3,0.4,0.3,218.26036227862556,0.2601806640625,0.6558190584182739,849.1653579711914,6.995206422871303,0.4034417217406592,0.0,0,0.7287155320557482
1970176,481,0,0,0.007023573713377118,88.8450590133667,2.6756950318813324,0.026359522415445223,0.0001,0.005,0,0,0,209.3785610881411,0.2375,0.7567040324211121,692.8941823959351,0,0,0,0,0
1974272,482,295.7901406064765,357.0,0.0036365271895192563,79.14874382019043,2.5531745493412017,0.02001090455887915,0.0001,0.005,0.5,0.0,0.5,244.65333944240317,0.191845703125,0.7764295339584351,877.408348274231,7.2096543239124795,0.3280215112676693,0.0,0,0.7305297713528195
1978368,483,0,0,0.0014040067326277494,57.63229880332947,2.754363864660263,0.013480806584178804,0.0001,0.005,0,0,0,175.4821678320964,0.1162109375,0.8451838493347168,1095.7891554832458,0,0,0,0,0
1982464,484,310.74531614636993,367.8,0.008537155052181333,58.990014743804934,2.745102474093437,0.03811555076390828,0.0001,0.005,0.5,0.0,0.5,189.653076223918,0.256298828125,0.8209260702133179,642.0188549995422,7.920024851471079,0.34806363617016867,0.0,0,0.6961746525045793
1986560,485,0,0,0.005476467660628259,86.08309574127198,2.530952176451683,0.025261705393498857,0.0001,0.005,0,0,0,217.0218559221351,0.20234375,0.7489380836486816,690.4990981101989,0,0,0,0,0
1990656,486,281.02338516826046,285.4,-0.0036122929595876485,120.23799352645874,2.3725821882486344,0.0061969942431493496,0.0001,0.005,0.6,0.0,0.4,231.3424425315681,0.0534423828125,0.7463056445121765,1143.4978221893311,8.569027359232347,0.41588218009330624,0.0,0,0.6270520266438795
1994752,487,0,0,0.012449069350259379,50.24572925567627,2.641508486866951,0.03564654668007648,0.0001,0.005,0,0,0,226.94146745301032,0.260498046875,0.824682354927063,654.6620668411255,0,0,0,0,0
1998848,488,200.15229416549317,197.2,0.07472478620475158,70.67611413002014,2.6563883781433106,0.5801940609540941,0.0001,0.005,0.7,0.1,0.2,201.2385682064373,0.516357421875,0.7872559428215027,556.2075353622437,8.970562053456677,0.4079000111501944,0.0,0,0.4810281946639872
2002944,489,0,0,0.005270852812100202,129.7372441291809,2.333999040722847,0.03791240942664724,0.0001,0.005,0,0,0,208.25126125403295,0.1783447265625,0.6721941232681274,904.8605323791504,0,0,0,0,0
