step,episode,ep_reward_mean,ep_len_mean,policy_loss,value_loss,entropy,approx_kl,learning_rate,entropy_coef,collision_rate,offroad_rate,success_rate,fps,clipfrac,explained_variance,grad_norm,avg_speed,lane_deviation,lane_change_count,min_ttc,path_completion
1024,1,0,0,0.08299640441934268,0.1356340212126573,2.2098568876584372,0.3991482147636647,0.0002,0.02,0,0,0,270.2770733005185,0.58154296875,-0.011838316917419434,7.499931355317433,0,0,0,0,0
2048,2,6.25067844445538,1000.0,0.047337900614365935,51.33514277140299,1.9325363039970398,0.34319085131090055,0.0002,0.01998976,0.0,0.0,0.0,292.00899544129356,0.63818359375,0.002180814743041992,14.102775494257608,0.14136872143464208,0.46176282724931034,0.0,0,0.022143117770733578
3072,3,0,0,0.001338621084060934,0.12220490268535084,2.408691154585944,0.025976395130997074,0.0002,0.01997952,0,0,0,317.26602918485577,0.2570529513888889,-0.041405320167541504,4.02248211701711,0,0,0,0,0
4096,4,8.716418157995776,1000.0,-0.0027059756274170734,0.07747669857652749,2.327240354874555,0.03310978344149897,0.0002,0.01996928,0.0,0.0,0.0,304.35546948659055,0.3176700367647059,0.006531238555908203,3.9458428551169002,0.20237913618365325,0.7219474769364127,0.0,0,0.033157821208892976
5120,5,0,0,0.004500583549471278,0.045642086549809106,2.3473268559104516,0.030277972428233303,0.0002,0.01995904,0,0,0,306.60920235811756,0.2552425986842105,0.018285632133483887,3.6821057859220003,0,0,0,0,0
6144,6,-34.9585073818605,873.3,0.003487584472168237,0.05568260874133557,2.2790469378232956,0.036789024714389225,0.0002,0.0199488,0.5,0.0,0.0,324.9230672396149,0.299560546875,0.0935167670249939,3.727742150425911,0.2644216512974089,1.159530861480229,0.0,0,0.03147784160184059
7168,7,0,0,0.03282829848202792,33.67622930353338,2.5681045922366055,0.08208141391252083,0.0002,0.01993856,0,0,0,282.42004959583704,0.5388849431818182,0.007383525371551514,10.276184277100997,0,0,0,0,0
8192,8,-206.43591283372962,701.1,0.0019686462978521983,0.224644340078036,2.294684902826945,0.033942043036233084,0.0002,0.01992832,0.9,0.1,0.0,257.8859231281543,0.30234375,0.0636599063873291,4.416132513682047,0.3727170621133854,1.451914231091096,0.0,0,0.024568718000727893
9216,9,0,0,-0.0005673781968653202,101.6223876953125,2.139698624610901,0.010177256073810516,0.0002,0.01991808,0,0,0,297.31018389622875,0.080859375,0.011929035186767578,20.330953192710876,0,0,0,0,0
10240,10,-268.1569153889944,813.4,-0.0010115411132574081,63.60215320587158,2.255720067024231,0.010909029358309622,0.0002,0.01990784,0.9,0.0,0.0,252.12828690175064,0.12333984375,0.020975768566131592,11.976996517181396,0.3473025759011767,1.4595981809028393,0.0,0,0.019272470699640352
11264,11,0,0,0.00010670023038983345,119.26219749450684,2.3024935722351074,0.014057887659884841,0.0002,0.0198976,0,0,0,320.76159584403325,0.139453125,0.028208553791046143,23.06209304332733,0,0,0,0,0
12288,12,-9.389294518996232,1000.0,0.00011621702175873976,2.0859778752693763,2.554584943331205,0.06836027935005098,0.0002,0.01988736,0.1,0.0,0.0,237.80125875614988,0.44981971153846156,0.32009458541870117,18.366609224906334,0.2331825212713488,0.9106848121401141,0.0,0,0.032212957168445314
13312,13,0,0,0.013338151986577682,1.2197128236293793,2.498423559325082,0.0782852683748637,0.0002,0.01987712,0,0,0,287.7177030399767,0.45284598214285715,0.03827846050262451,18.047147818974086,0,0,0,0,0
14336,14,-121.99445251273441,939.0,0.00851688360174497,1.0744145214557648,2.915963125228882,0.04547957998390949,0.0002,0.01986688,0.7,0.0,0.0,313.1399857944914,0.34322916666666664,-0.046808600425720215,17.356023995081582,0.2826694299104999,1.2626965999846422,0.0,0,0.02699438061316601
15360,15,0,0,0.0029767146334052086,59.20279049873352,3.190825968980789,0.03196739702253541,0.0002,0.019856640000000002,0,0,0,272.2778926735135,0.2806396484375,0.049249231815338135,15.765444368124008,0,0,0,0,0
16384,16,-30.86167915334091,942.4,0.0018764328677207231,77.83938331604004,2.9636895775794985,0.017583815148107022,0.0002,0.0198464,0.3,0.0,0.0,281.2323542378634,0.14130859375,0.0716935396194458,23.474200320243835,0.267666860416263,1.0103355593009138,0.0,0,0.02623261933751827
17408,17,0,0,0.0004677177406847477,163.43379592895508,2.9329746842384337,0.009306103895513004,0.0002,0.019836160000000002,0,0,0,291.7031188089022,0.06064453125,0.08267033100128174,43.38246064186096,0,0,0,0,0
18432,18,-31.413287630107313,954.7,0.00988828082783864,10.121650842519907,2.919569198901837,0.0916012154462364,0.0002,0.01982592,0.3,0.0,0.0,310.33388610999253,0.32046274038461536,0.1332680583000183,29.22098783346323,0.23285822575988915,1.130192814288825,0.0,0,0.031667365333279116
19456,19,0,0,0.009791674020771798,1.98005276459914,3.2285923957824707,0.052745550942553406,0.0002,0.01981568,0,0,0,278.02560159501814,0.42623197115384615,-0.11112213134765625,31.47213205924401,0,0,0,0,0
20480,20,9.229186701249427,963.8,0.0030659905348259667,31.02297856257512,3.1721134919386644,0.08235560486523917,0.0002,0.01980544,0.1,0.0,0.0,264.128575448733,0.34705528846153844,0.12018769979476929,28.89866018295288,0.22221896882974135,0.8088037234370431,0.0,0,0.03577731497725558
21504,21,0,0,-0.00024999594315886495,1.1368516340851784,3.332870936393738,0.013912626053214555,0.0002,0.0197952,0,0,0,252.8320374243713,0.12255859375,0.11827760934829712,25.525355982780457,0,0,0,0,0
22528,22,5.776415144376414,1000.0,0.007231148367282003,0.755807176232338,3.473008915781975,0.04904191117385352,0.0002,0.01978496,0.1,0.0,0.0,213.40080275086908,0.301513671875,0.9361030459403992,22.117098093032837,0.2387356624204915,0.7580204589037425,0.0,0,0.037885195657105034
23552,23,0,0,-0.002230162965133786,0.40365371480584145,3.5061936259269713,0.023372418072546634,0.0002,0.01977472,0,0,0,274.9054590687297,0.2330078125,0.4409252405166626,13.115252423286439,0,0,0,0,0
24576,24,-183.9410794652599,692.2,0.005926614846376812,0.4818033137742211,3.4858493945177864,0.02803536263459724,0.0002,0.01976448,1.0,0.0,0.0,304.6024033206241,0.17647058823529413,0.6432554721832275,9.289811639224782,0.32760798917368883,1.3761461708198852,0.0,0,0.02818090380713818
25600,25,0,0,0.027099119141124763,103.69153594970703,3.468325761648325,0.06548413276100293,0.0002,0.01975424,0,0,0,270.2878399249456,0.35411658653846156,0.08927780389785767,52.12236763880803,0,0,0,0,0
26624,26,-125.55708998069585,715.5,0.0010603542292588635,1.65895162130657,3.3492650985717773,0.02872023528050323,0.0002,0.019744,0.7,0.1,0.0,211.89456874810057,0.2708675986842105,0.5093880891799927,23.23470760646619,0.36737319438064453,1.4513779538831098,0.0,0,0.02506648839831776
27648,27,0,0,0.00425600465387106,179.64940338134767,3.2754902839660645,0.014025831199258426,0.0002,0.01973376,0,0,0,326.98079515635357,0.135546875,0.13703840970993042,89.29622392654419,0,0,0,0,0
28672,28,-68.33196231639239,547.7,-0.002164124883711338,114.59649200439453,3.2110723733901976,0.004149297342525188,0.0002,0.01972352,0.8,0.1,0.0,230.85203733714798,0.0376953125,0.09470701217651367,29.57735481262207,0.4597667976407768,1.129502355584659,0.0,0,0.03050309753198734
29696,29,0,0,-0.0013749465346336366,56.95176410675049,3.074629318714142,0.00836156991136353,0.0002,0.01971328,0,0,0,211.11749227670296,0.0705078125,0.19531798362731934,21.75969886779785,0,0,0,0,0
30720,30,-154.59051879290234,512.8,-0.0014053048798814416,65.43347282409668,3.135886037349701,0.004718656296614293,0.0002,0.01970304,1.0,0.0,0.0,198.4500125562751,0.03759765625,0.23566120862960815,25.222624921798705,0.4638620069498306,1.1840379180010727,0.0,0,0.0330532213469126
31744,31,0,0,-0.0011477576568722724,115.08659286499024,3.081046664714813,0.003352792673838756,0.0002,0.0196928,0,0,0,243.73998018171733,0.0310546875,0.27654343843460083,40.56737260818481,0,0,0,0,0
32768,32,-124.55518284941404,425.5,-0.002532493136823177,85.71865806579589,3.0717747449874877,0.004136636279879919,0.0002,0.01968256,0.8,0.2,0.0,257.73069223870664,0.03349609375,0.36569470167160034,45.20884733200073,0.5750555006021134,1.4003384179640785,0.0,0,0.02023999578962683
33792,33,0,0,0.0007003764156252145,57.64939632415771,3.1518735766410826,0.013980616600025276,0.0002,0.01967232,0,0,0,231.1693650625346,0.096484375,0.39667290449142456,64.24065589904785,0,0,0,0,0
34816,34,-111.16609363614302,400.1,0.0017868593335151673,209.83700942993164,3.15249924659729,0.0037595049652790202,0.0002,0.019662080000000002,1.0,0.0,0.0,240.11768685127896,0.03330078125,0.5342636108398438,122.94234275817871,0.5462296845231933,1.523672064819661,0.0,0,0.03286396461065566
35840,35,0,0,-0.004420987842604518,9.558189034461975,3.134850835800171,0.007407273835823025,0.0002,0.01965184,0,0,0,251.9081555226518,0.08046875,0.8018226623535156,104.23393020629882,0,0,0,0,0
36864,36,-199.3305348208798,590.0,0.00045715105952695014,5.275228667259216,3.2178824305534364,0.023792877508100507,0.0002,0.019641600000000002,1.0,0.0,0.0,268.0254942549437,0.168359375,0.8915325403213501,55.60134320259094,0.44605215994425007,1.5285189241426251,0.0,0,0.037993716340194744
37888,37,0,0,0.03896225582469593,115.25648775967684,3.0977377241308037,0.13253899960018242,0.0002,0.01963136,0,0,0,231.60679155014338,0.376953125,0.43125081062316895,116.81401686234908,0,0,0,0,0
38912,38,-66.10006507155322,268.5,-0.0009373618988320232,75.26366424560547,3.170751416683197,0.015155956865061026,0.0002,0.01962112,0.9,0.1,0.0,212.54838276419915,0.1431640625,0.5512132048606873,42.70086259841919,0.7925867821345942,1.3286882855528634,0.0,0,0.028856681391224437
39936,39,0,0,-0.002723682182841003,39.69705333709717,3.1582072615623473,0.01924245845585291,0.0002,0.01961088,0,0,0,318.5396293757629,0.14736328125,0.6190632581710815,66.1266058921814,0,0,0,0,0
40960,40,-85.85425416628968,300.8,-0.0020788615103811024,86.91682319641113,3.122650718688965,0.005196609258207308,0.0002,0.01960064,1.0,0.0,0.0,259.03735413432196,0.04541015625,0.5922650098800659,142.82662410736083,0.7085574648871877,1.274847450706146,0.0,0,0.028623554740637675
41984,41,0,0,-0.002738191606476903,34.87784328460693,3.192966032028198,0.009559661257668916,0.0002,0.0195904,0,0,0,294.0447908593068,0.0982421875,0.6413782238960266,32.526464796066286,0,0,0,0,0
43008,42,-95.62841973724971,424.1,-0.0022090943064540626,89.69423713684083,3.3276824712753297,0.010181137034676945,0.0002,0.01958016,1.0,0.0,0.0,252.36874674547605,0.0904296875,0.6507097482681274,83.44767360687256,0.6088608422246967,1.2803219195137345,0.0,0,0.03228282604506479
44032,43,0,0,-0.0017987193074077367,29.31016836166382,3.3367550373077393,0.008866701794618848,0.0002,0.01956992,0,0,0,286.02952539781717,0.07705078125,0.6789106130599976,95.14533915519715,0,0,0,0,0
45056,44,-111.95800073285136,572.3,7.526464760303498e-05,4.024436116218567,3.2693543553352358,0.014386943294727023,0.0002,0.01955968,1.0,0.0,0.0,251.15260897211664,0.1341796875,0.9195240139961243,95.40034093856812,0.5352193480077923,1.248977279220028,0.0,0,0.0621064947808034
46080,45,0,0,0.002676681098010805,18.81536367204454,3.2748286061816745,0.024591580395493744,0.0002,0.01954944,0,0,0,241.85118847817796,0.21647135416666666,0.8012709021568298,73.89277060826619,0,0,0,0,0
47104,46,-93.28246409868296,512.6,0.0011674273293465376,69.0081377029419,3.244751751422882,0.008194564178125464,0.0002,0.0195392,1.0,0.0,0.0,275.2380151515996,0.07783203125,0.6749231815338135,157.44398460388183,0.5740795651594826,1.3092597735629574,0.0,0,0.05334835885786691
48128,47,0,0,-0.0034410867374390364,5.782447052001953,3.2486761808395386,0.007846142520436961,0.0002,0.01952896,0,0,0,273.78242679531246,0.0845703125,0.9552604556083679,123.62546949386596,0,0,0,0,0
49152,48,-92.17470274055448,674.5,-0.0022836153861135245,33.166197681427,3.3716033339500426,0.021682600007631066,0.0002,0.01951872,0.9,0.0,0.0,246.41710224591822,0.14970703125,0.7561731338500977,82.27111020088196,0.48373723510031724,1.037444279038107,0.0,0,0.07812594740276582
50176,49,0,0,-0.0005547582870349288,29.664773178100585,3.540985405445099,0.012477701634641064,0.0002,0.01950848,0,0,0,270.0627358940506,0.09765625,0.8130195140838623,39.17391328811645,0,0,0,0,0
51200,50,-17.343331188458684,987.0,-0.0026167343836277722,70.85714492797851,3.7114760279655457,0.023013280238963624,0.0002,0.01949824,0.3,0.0,0.0,297.3028985142079,0.192578125,0.7856437563896179,56.63546295166016,0.41096719048432756,0.8198946337958285,0.0,0,0.09002289047047511
52224,51,0,0,-0.0010129317175596952,53.60820064544678,3.733312165737152,0.007972158887429897,0.0002,0.019488000000000002,0,0,0,344.04670868153806,0.05791015625,0.27852487564086914,49.86562099456787,0,0,0,0,0
53248,52,26.038210375815062,885.7,0.0015751227270811795,78.44721565246581,3.8333660364151,0.00400363670997525,0.0002,0.01947776,0.2,0.0,0.0,319.19099337972773,0.03564453125,0.42041337490081787,283.81815338134766,0.3773970126421214,0.8629131815335086,0.0,0,0.08212679481443715
54272,53,0,0,-0.0029590938240289686,68.27625675201416,3.8040778040885925,0.007377812698549269,0.0002,0.019467520000000002,0,0,0,278.12368600937197,0.06591796875,0.7502796649932861,95.0516918182373,0,0,0,0,0
55296,54,22.378654346669173,1000.0,0.005175639525987208,8.91797468662262,3.8434836626052857,0.020654904332341066,0.0002,0.01945728,0.1,0.0,0.0,342.7061557595779,0.16357421875,0.9275664687156677,154.66201004981994,0.3643650639793622,0.8286777008051491,0.0,0,0.07367251291044163
56320,55,0,0,0.029851131240970323,1.4918691601072038,4.143512061664036,0.11154446261935802,0.0002,0.01944704,0,0,0,362.1152629668182,0.44168526785714285,0.869741678237915,67.32907996858869,0,0,0,0,0
57344,56,-145.26186517244838,837.3,0.01229019254884299,1.1360560375101425,3.9530101383433625,0.034307358909736074,0.0002,0.0194368,0.8,0.0,0.0,276.3684926709027,0.23598345588235295,0.8334903120994568,32.77353700469522,0.42682657190141315,1.268604333990202,0.0,0,0.08426167860811937
58368,57,0,0,0.019993747152122005,2.984015464782715,3.573684045246669,0.08638348696488311,0.0002,0.01942656,0,0,0,331.4972564630494,0.42020089285714285,0.6801096200942993,39.36436292103359,0,0,0,0,0
59392,58,-90.38983750849536,695.9,0.01563091735754694,53.041490282331196,3.432371735572815,0.05547026218847345,0.0002,0.01941632,1.0,0.0,0.0,316.6284654770241,0.37137276785714285,0.4261974096298218,88.0084171295166,0.549306382172096,1.1488957427677795,0.0,0,0.08070353117484849
60416,59,0,0,0.004960695188492537,87.45551910400391,3.817382276058197,0.02178159249015781,0.0002,0.01940608,0,0,0,223.48571772295304,0.19033203125,0.6519439220428467,151.25926914215088,0,0,0,0,0
61440,60,-88.46447319626203,497.7,-0.0007721563335508109,70.42842979431153,3.6356122374534605,0.008471443918830179,0.0002,0.01939584,1.0,0.0,0.0,218.98735783240124,0.05107421875,0.7419732213020325,55.67116832733154,0.6077192821624335,1.2509497164907692,0.0,0,0.06473318403022021
62464,61,0,0,-0.0026338425232097507,13.448414039611816,3.7232457041740417,0.012781515455581339,0.0002,0.0193856,0,0,0,269.11306588032005,0.13466796875,0.8901016116142273,78.05654306411743,0,0,0,0,0
63488,62,-78.5440861042728,795.9,0.00013832822442054747,27.657322502136232,3.807814908027649,0.009431785532076626,0.0002,0.01937536,0.8,0.0,0.0,297.6695654150658,0.0732421875,0.8778199553489685,56.33514952659607,0.5597503878977343,1.043263617523817,0.0,0,0.09385908205172196
64512,63,0,0,0.0031722800340503454,34.62107725143433,3.785512363910675,0.005964897306699241,0.0002,0.01936512,0,0,0,290.3969425803456,0.05166015625,0.8266506195068359,141.13778719902038,0,0,0,0,0
65536,64,-84.44147884329752,804.0,0.0017260819207876922,75.50991401672363,3.7129353404045107,0.015466165833647783,0.0002,0.01935488,0.7,0.0,0.0,198.04422557201556,0.13203125,0.07418972253799438,57.66301155090332,0.6082878609633343,1.0633570932913654,0.0,0,0.13420575692228826
66560,65,0,0,-0.0013874211348593236,126.37218627929687,3.5512755513191223,0.008329670247629584,0.0002,0.01934464,0,0,0,315.93692865185045,0.080078125,-0.08286082744598389,70.1166247367859,0,0,0,0,0
67584,66,-58.530292184742905,791.2,0.00035638706758618356,118.92369918823242,3.7074686646461488,0.0037080765105293513,0.0002,0.0193344,0.7,0.0,0.0,259.14880981005484,0.03701171875,0.11655557155609131,117.11351070404052,0.5537608864517913,0.9657862854330584,0.0,0,0.09977877209779826
68608,67,0,0,-0.0015497529413551093,34.76416063308716,3.7891882419586183,0.011291877906848751,0.0002,0.01932416,0,0,0,237.8870822564407,0.0876953125,0.6914708614349365,52.3685700416565,0,0,0,0,0
69632,68,-75.7492313818551,775.0,0.001018385193310678,60.52681980133057,3.703862798213959,0.013182383608372133,0.0002,0.019313920000000002,0.7,0.0,0.0,225.63056058142627,0.1103515625,-0.04514932632446289,13.020947146415711,0.6044573427341795,0.8161915827322849,0.0,0,0.13949150922844827
70656,69,0,0,0.001281533227302134,2.536955785751343,3.7315829277038572,0.015839832799981485,0.0002,0.01930368,0,0,0,293.8943477699168,0.16162109375,0.648597002029419,15.443414509296417,0,0,0,0,0
71680,70,-94.78200836836871,430.3,0.0019505592063069344,52.6596492767334,3.7246891260147095,0.012401342019446671,0.0002,0.019293440000000002,1.0,0.0,0.0,250.9640010288726,0.092578125,0.1020699143409729,106.84250807762146,0.694439975837641,1.187600999377245,0.0,0,0.0736797923707665
72704,71,0,0,-0.0017492774408310653,67.18640842437745,3.7167786598205566,0.0035416114362387618,0.0002,0.0192832,0,0,0,246.6321135602814,0.02861328125,0.6807031631469727,181.0859701156616,0,0,0,0,0
73728,72,-137.23756038717687,598.2,0.005959735135547817,1.9773815050721169,3.6332996487617493,0.04220652335221314,0.0002,0.01927296,0.9,0.0,0.0,275.92031180838717,0.212890625,0.9679866433143616,63.16017213463783,0.7267178327511902,1.2144508981914695,0.0,0,0.12640947614312575
74752,73,0,0,0.005358958337455988,5.884156632423401,3.8855069994926454,0.029821200110025377,0.0002,0.01926272,0,0,0,293.14419548573613,0.2814453125,0.9258466958999634,191.40457572937012,0,0,0,0,0
75776,74,-52.15219552590854,472.8,-0.0036941166268661617,83.84084091186523,3.6838240742683412,0.013783212075948858,0.0002,0.01925248,0.8,0.1,0.0,283.42207113888765,0.109765625,-0.23217952251434326,39.885710382461546,0.9152922522551341,0.5705770017257581,0.0,0,0.09655925007238274
76800,75,0,0,-0.0043959059801540875,3.114694538869356,3.680138575403314,0.013962210107015541,0.0002,0.01924224,0,0,0,303.6619503376365,0.1259251644736842,0.3386220932006836,22.258723039376108,0,0,0,0,0
77824,76,-66.24070994299821,543.1,0.00072202836163342,66.30521659851074,3.6089301705360413,0.012535064842093057,0.0002,0.019232,0.6,0.1,0.0,245.59342547969706,0.1203125,-0.029861807823181152,36.04508647918701,0.9931318356020263,0.9696684454098354,0.0,0,0.128954471516424
78848,77,0,0,0.011805644375272095,61.59881377220154,3.5602401345968246,0.03664124914213173,0.0002,0.01922176,0,0,0,240.95557233499284,0.284912109375,-0.0012214183807373047,5.356705486774445,0,0,0,0,0
79872,78,-30.218301531972845,73.0,0.09623439618470994,142.5027188387784,3.1713792194019663,0.22496593303302326,0.0002,0.01921152,1.0,0.0,0.0,222.60396985458019,0.6203835227272727,-0.003769397735595703,75.41054118763317,1.6035818828600115,0.4851346140789928,0.0,0,0.03391775688210022
80896,79,0,0,0.0051003910135477785,85.7284324645996,3.3564023852348326,0.016591627171154682,0.0002,0.01920128,0,0,0,247.9357558063013,0.11689453125,-0.0058078765869140625,62.32584571838379,0,0,0,0,0
81920,80,-20.13401395364195,61.5,-0.0036291819997131824,68.13227100372315,3.345172882080078,0.008272626338300476,0.0002,0.01919104,1.0,0.0,0.0,243.1805068192127,0.06904296875,-0.005655050277709961,53.08082180023193,1.6005932095207982,0.4877502487231424,0.0,0,0.03468147621860207
82944,81,0,0,-0.004758529458194971,61.65260334014893,3.2546908140182493,0.00881467896252508,0.0002,0.0191808,0,0,0,218.32770562064178,0.08427734375,-0.004531264305114746,55.797994995117186,0,0,0,0,0
83968,82,-35.42909624686277,68.5,-0.0006903287954628468,32.573180484771726,3.4136791825294495,0.02035456155427771,0.0002,0.01917056,1.0,0.0,0.0,235.89568135704707,0.17861328125,-0.03524339199066162,6.1002751111984255,1.3155102268602668,0.6046141241590328,0.0,0,0.032685587848572145
84992,83,0,0,0.025093679875135423,46.86953887939453,3.254883035024007,0.0735593854449777,0.0002,0.01916032,0,0,0,253.80572893826317,0.33255208333333336,-0.001138925552368164,18.302863947550456,0,0,0,0,0
86016,84,-30.777399434090533,64.3,0.004237341415137053,67.993825340271,3.1784716963768007,0.02115011082497207,0.0002,0.01915008,1.0,0.0,0.0,225.4445120404033,0.14326171875,-0.0009235143661499023,47.78001651763916,1.4603902893721719,0.4926419972770317,0.0,0,0.032970585619042356
87040,85,0,0,-0.0018482210114598274,82.37070922851562,3.109966683387756,0.009807782527066234,0.0002,0.01913984,0,0,0,214.98353528925293,0.0783203125,-0.000830531120300293,44.22192735671997,0,0,0,0,0
88064,86,-28.794697911269157,56.0,-0.002067391248419881,60.44589214324951,3.0924843907356263,0.009295800828848849,0.0002,0.0191296,1.0,0.0,0.0,223.4701127910896,0.08876953125,-0.0006470680236816406,16.220706391334534,1.6666545803704236,0.6450293315611613,0.0,0,0.02914564074969069
89088,87,0,0,0.007089405101450051,23.770775402293484,3.2484898006214813,0.025902551982339202,0.0002,0.019119360000000002,0,0,0,205.81295422953394,0.21162683823529413,-0.000979781150817871,18.29362454133875,0,0,0,0,0
90112,88,-26.12791011757377,50.1,-0.001011674548499286,52.22610206604004,3.3125417590141297,0.007473324006430021,0.0002,0.01910912,1.0,0.0,0.0,229.2523347086087,0.08447265625,-0.0010323524475097656,19.363728761672974,1.6794380718286341,0.5550851490590978,0.0,0,0.0285621536927039
91136,89,0,0,0.0006243564654141665,48.747500801086424,3.344753551483154,0.012292883871132265,0.0002,0.01909888,0,0,0,249.0242781096484,0.11767578125,-0.0010199546813964844,10.968536287546158,0,0,0,0,0
92160,90,-58.671233967746865,113.1,0.007144465832971037,34.293403244018556,3.3318957924842834,0.02632618283388058,0.0002,0.01908864,1.0,0.0,0.0,223.91754182858452,0.23212890625,-0.000614166259765625,3.771842920780182,0.9059546660144967,0.5157827463533252,0.0,0,0.03192825842684911
93184,91,0,0,0.059039561077952385,81.41626184636897,3.828966400840066,0.13913913917813645,0.0002,0.0190784,0,0,0,244.9344124520471,0.6251775568181818,-0.00020647048950195312,35.23621316389604,0,0,0,0,0
94208,92,-72.96594135861338,142.7,0.010186754477520784,169.5947479248047,3.734488868713379,0.037429920940977676,0.0002,0.01906816,1.0,0.0,0.0,284.3574281578232,0.1984375,-0.00014507770538330078,82.37044626871744,0.679127195691017,0.561201962286533,0.0,0,0.029736565998637794
95232,93,0,0,-0.0005679261870682239,139.56158905029298,3.873722791671753,0.006316055660143927,0.0002,0.01905792,0,0,0,261.2015127544545,0.057421875,-0.00018727779388427734,62.02745895385742,0,0,0,0,0
96256,94,-65.79820521337523,152.3,-0.0004390566609799862,91.23482170104981,3.8918203711509705,0.005018774923525415,0.0002,0.01904768,1.0,0.0,0.0,239.45900118464812,0.042578125,-0.0001533031463623047,19.86760618686676,0.7662162480968923,0.5476385793269086,0.0,0,0.030152634950536755
97280,95,0,0,0.009367551388485091,69.61867931910923,4.067309107099261,0.06299865032946192,0.0002,0.01903744,0,0,0,263.04176810489855,0.41782924107142855,-0.0003571510314941406,11.389857751982552,0,0,0,0,0
98304,96,-66.26916480356408,176.1,0.037444799789227545,149.99610900878906,3.891122063000997,0.08588744079074268,0.0002,0.0190272,1.0,0.0,0.0,266.48994614814546,0.3702799479166667,-0.00010836124420166016,57.305968284606934,0.6932351676374419,0.48790133084777504,0.0,0,0.03717712127525508
99328,97,0,0,0.001264086295850575,126.68295135498047,4.033931136131287,0.01099984520697737,0.0002,0.01901696,0,0,0,249.02832096869798,0.1244140625,-0.0001100301742553711,39.63583812713623,0,0,0,0,0
100352,98,-62.56998297304794,136.0,-0.0005026056431233882,104.19177742004395,4.008813667297363,0.005819224586601707,0.0002,0.01900672,1.0,0.0,0.0,239.8771381830735,0.048046875,-0.00013816356658935547,14.944187259674072,0.8797061798525709,0.61791824487788,0.0,0,0.03592632870722716
101376,99,0,0,-0.001580866938456893,70.46756553649902,4.063041722774505,0.013099957432139625,0.0002,0.01899648,0,0,0,280.47903284085106,0.12880859375,-0.00012934207916259766,10.015213346481323,0,0,0,0,0
102400,100,-52.298447370116854,125.4,-0.0014906018739566206,88.79716796875,3.972952651977539,0.014846614841378952,0.0002,0.01898624,1.0,0.0,0.0,248.47584197649198,0.13857421875,-7.736682891845703e-05,17.844800233840942,0.9335956555238031,0.6107077617086353,0.0,0,0.04229251666169832
103424,101,0,0,0.013057828935630181,93.88917810776654,3.9406089361976173,0.09326222396511463,0.0002,0.018976,0,0,0,219.62721874398355,0.33938419117647056,-9.000301361083984e-05,5.068573674734901,0,0,0,0,0
104448,102,-16.691895973999188,83.0,0.027181034242468222,54.663209097726,3.8539603437696184,0.05440647135090496,0.0002,0.01896576,1.0,0.0,0.0,269.27394139425905,0.40401785714285715,-0.0002726316452026367,39.445138113839285,1.9598237535465386,0.4398056674481756,0.0,0,0.053277529105074536
105472,103,0,0,-0.005525233969092369,48.95138454437256,3.4319044947624207,0.011894731510626099,0.0002,0.01895552,0,0,0,227.50943739639501,0.09912109375,-0.0001862049102783203,59.16558322906494,0,0,0,0,0
106496,104,-18.641282956946515,66.5,-0.0012090054107829929,37.85155410766602,3.498543345928192,0.004954294127681708,0.0002,0.018945280000000002,1.0,0.0,0.0,222.35507637398493,0.048046875,-0.00020897388458251953,58.87741661071777,2.168941481362821,0.4656451705159815,0.0,0,0.04033774779424971
107520,105,0,0,-0.0008890495169907809,42.14485950469971,3.554784381389618,0.0045450535037223514,0.0002,0.01893504,0,0,0,228.7018658646687,0.0453125,-0.000270843505859375,56.79069499969482,0,0,0,0,0
108544,106,-19.569823628358606,64.9,-0.005597998714074492,41.123654174804685,3.500959813594818,0.008609052263643835,0.0002,0.0189248,1.0,0.0,0.0,216.3548645759357,0.0962890625,-0.00022995471954345703,34.18370037078857,2.1094143795040536,0.5093617928147355,0.0,0,0.042318853331540764
109568,107,0,0,-0.0009875124553218484,40.91878471374512,3.4900374174118043,0.0033385617862285557,0.0002,0.01891456,0,0,0,220.14297952029378,0.02763671875,-0.00031054019927978516,40.41280822753906,0,0,0,0,0
110592,108,-15.608170659496954,56.8,-0.004105760855600238,41.77518444061279,3.471680200099945,0.007679204562018316,0.0002,0.01890432,1.0,0.0,0.0,234.59841721606082,0.07685546875,-0.0003325939178466797,39.553405094146726,2.273531323284823,0.6198517859056889,0.0,0,0.04795113872164971
111616,109,0,0,-0.00038449885323643684,45.74469509124756,3.4769498705863953,0.0033961677021665305,0.0002,0.01889408,0,0,0,231.0190603202621,0.02900390625,-0.0003241300582885742,15.704962921142577,0,0,0,0,0
112640,110,-18.476083261196237,44.8,0.002108806133037433,32.586373925209045,3.3530388325452805,0.035375038627543,0.0002,0.01888384,1.0,0.0,0.0,228.3514065144819,0.2828369140625,-0.0006542205810546875,19.80880558490753,2.4467523700146607,0.5867553328915572,0.0,0,0.04200940051846433
113664,111,0,0,-0.002776876138523221,25.160983657836915,3.266696274280548,0.007064229274699035,0.0002,0.0188736,0,0,0,213.86973446339078,0.07373046875,-0.0004838705062866211,16.52070281505585,0,0,0,0,0
114688,112,-7.865230095438049,69.0,-0.0050419879145920275,29.772949600219725,3.2519945979118345,0.012053045450020599,0.0002,0.01886336,1.0,0.0,0.0,193.9371356228746,0.1029296875,-0.0007082223892211914,16.164239299297332,2.810308533779232,0.5167482266937358,0.0,0,0.05864141628520133
115712,113,0,0,-0.00222257135043803,31.47823835674085,3.225597431785182,0.018063518022635137,0.0002,0.01885312,0,0,0,218.55959610896838,0.17742598684210525,-0.0008914470672607422,20.404417790864642,0,0,0,0,0
116736,114,-8.47234279835013,64.3,-0.0021605375688523052,67.93324298858643,3.3066030740737915,0.008059540856640318,0.0002,0.01884288,1.0,0.0,0.0,209.0455601110583,0.07939453125,-0.00019741058349609375,28.6691855430603,3.039917525298485,0.6487456162686044,0.0,0,0.0605606659431541
117760,115,0,0,0.005566919467558986,43.37610023900082,3.2596152205216256,0.015190579107433126,0.0002,0.01883264,0,0,0,232.66483689772798,0.12284128289473684,-0.000579833984375,8.198079673867477,0,0,0,0,0
118784,116,-28.613327303285423,217.2,-0.0022171952296048403,65.8222204208374,3.455421280860901,0.009326668991714082,0.0002,0.0188224,0.7,0.2,0.0,234.9545629426185,0.1,-0.00048029422760009766,14.410321950912476,2.4438606854747453,0.9105443966189914,0.0,0,0.10339805259892595
119808,117,0,0,0.006570525248261059,70.34810548670151,3.5177853247698616,0.028144462787389496,0.0002,0.01881216,0,0,0,229.56958373880246,0.265625,-0.00033843517303466797,45.92897976146025,0,0,0,0,0
120832,118,-2.1296362838902168,65.9,0.003294421801049458,88.59881993343956,3.411547196538825,0.02262617115201726,0.0002,0.01880192,1.0,0.0,0.0,244.8759416535153,0.13096217105263158,-0.0001817941665649414,13.691191742294713,3.0834279375140765,0.5372199044409529,0.0,0,0.07804255589896075
121856,119,0,0,0.0027261906769126655,39.87256336212158,3.284946072101593,0.009998520556845553,0.0002,0.01879168,0,0,0,236.0314245673819,0.080078125,-0.00030612945556640625,12.83491837978363,0,0,0,0,0
122880,120,21.161675328005913,105.5,0.0017477731384775218,55.52006710276884,3.116726468591129,0.032363897682558915,0.0002,0.01878144,0.9,0.1,0.0,211.37631022935759,0.20450367647058823,-0.0002532005310058594,25.61836346457986,4.18743219204767,0.6429540602038285,0.0,0,0.13495777551662358
123904,121,0,0,-0.001973863644525409,64.09360637664795,3.0523610711097717,0.00945908580325219,0.0002,0.018771200000000002,0,0,0,244.92270767850226,0.10693359375,1.2695789337158203e-05,15.248050272464752,0,0,0,0,0
124928,122,7.346265287074111,85.7,0.0013381860218942166,69.65786743164062,2.973309504985809,0.013287748635055063,0.0002,0.01876096,1.0,0.0,0.0,240.84102078117758,0.1509765625,-0.00046837329864501953,46.624050521850585,4.2363110340275,0.6660335934166403,0.0,0,0.11663687425326288
125952,123,0,0,0.0009437848813831807,57.623877716064456,2.954475522041321,0.006787300811274338,0.0002,0.01875072,0,0,0,220.8664766360571,0.06875,0.00462949275970459,20.70909914970398,0,0,0,0,0
126976,124,10.978229251010163,88.3,0.022918741648586895,52.63906977726863,3.0040606535398044,0.05902116330198191,0.0002,0.01874048,0.9,0.1,0.0,236.49831030444474,0.39798677884615385,0.008750081062316895,17.315443240679226,4.859458604531721,1.2618089114716182,0.0,0,0.12111161349676572
128000,125,0,0,-0.002203313494101167,61.91423149108887,2.8539741396903993,0.013297352148225921,0.0002,0.01873024,0,0,0,211.29990804079264,0.13603515625,0.022522807121276855,18.680755138397217,0,0,0,0,0
129024,126,7.7190050106256525,80.3,-0.0002311579417437315,35.564273262023924,2.8650545477867126,0.005609721539083794,0.0002,0.01872,1.0,0.0,0.0,244.66986184962823,0.04892578125,0.1582217812538147,92.91404261589051,4.670013537493675,0.9808880081196089,0.0,0,0.11320427729268534
130048,127,0,0,-0.00235390430316329,22.178704452514648,2.841857922077179,0.005359788122958983,0.0002,0.01870976,0,0,0,231.32549689579824,0.06474609375,0.6296969652175903,177.62275066375733,0,0,0,0,0
131072,128,26.218364383846158,93.6,-0.0032198200933635235,65.83927097320557,2.841579270362854,0.011742594745020573,0.0002,0.01869952,1.0,0.0,0.0,233.98860425960567,0.1072265625,0.5027772188186646,79.17724609375,5.514870891472688,0.8139880308686255,0.0,0,0.13896267054430736
132096,129,0,0,-0.0012119546066969634,34.21618032455444,2.891738784313202,0.005586675420645346,0.0002,0.01868928,0,0,0,240.86495437579245,0.049609375,0.6808636784553528,31.111464405059813,0,0,0,0,0
133120,130,30.801681918425697,112.4,0.006169041898101568,53.97906131744385,2.872491192817688,0.020440716296440963,0.0002,0.01867904,0.9,0.1,0.0,187.27280391860535,0.15009765625,0.5741157531738281,131.92037239074708,5.519324420672627,0.8280373187122387,0.0,0,0.18690252262706397
134144,131,0,0,-0.0030046763829886915,48.760877227783205,2.7300948023796083,0.015741002272996234,0.0002,0.0186688,0,0,0,254.91415595084268,0.1486328125,0.6858420968055725,46.548437690734865,0,0,0,0,0
135168,132,23.1497262065974,140.3,0.019461682968540117,71.46678352355957,2.679872438311577,0.03653578157537714,0.0002,0.01865856,1.0,0.0,0.0,224.66290740077685,0.31494140625,0.6654623746871948,91.16208577156067,5.866580636017545,1.9073161454977263,0.0,0,0.18493823050496133
136192,133,0,0,-0.0026270223315805197,35.260216903686526,2.7679584980010987,0.011545880680213703,0.0002,0.01864832,0,0,0,239.2901278114297,0.14482421875,0.7949994206428528,54.380625343322755,0,0,0,0,0
137216,134,25.322737058586565,73.2,0.00016743154264986515,94.92302703857422,2.723796248435974,0.006978173565597953,0.0002,0.01863808,0.9,0.1,0.0,256.9829621092939,0.0646484375,0.5066478848457336,112.3947163105011,5.2078956826241365,0.45545405334924227,0.0,0,0.12248846440167047
138240,135,0,0,0.023546298624326785,71.1455800374349,2.7072073141733806,0.04245496757019196,0.0002,0.01862784,0,0,0,254.7754172298067,0.3216145833333333,0.707929253578186,49.93294022878011,0,0,0,0,0
139264,136,12.467515056632575,62.8,0.02051534117864711,176.92722538539343,2.662196568080357,0.0378661484989854,0.0002,0.0186176,0.9,0.1,0.0,224.3091263382857,0.341796875,-0.11358213424682617,70.70003400530133,4.710745670284188,0.6305553498817179,0.0,0,0.1217676608480773
140288,137,0,0,0.00414484734646976,183.14703521728515,2.7454187750816343,0.014640340581542585,0.0002,0.01860736,0,0,0,237.38330178423513,0.1599609375,-0.04902470111846924,73.36672477722168,0,0,0,0,0
141312,138,34.37228836478401,83.9,-0.003880421910434961,171.71172943115235,2.7382251143455507,0.0072450726002076405,0.0002,0.01859712,0.8,0.2,0.0,240.70206495362456,0.08408203125,-0.011626839637756348,50.46281147003174,5.589904922873453,0.49174778276190556,0.0,0,0.1639877154532577
142336,139,0,0,-0.003548967279493809,107.0882625579834,2.9700460553169252,0.00810139767564304,0.0002,0.01858688,0,0,0,203.82561506212053,0.0755859375,0.07047778367996216,87.52233257293702,0,0,0,0,0
143360,140,26.70732267774156,80.9,-0.003814761037938297,145.24516906738282,2.8731693625450134,0.005236855056146001,0.0002,0.018576640000000002,0.9,0.1,0.0,222.70705761706196,0.04599609375,0.3726511001586914,116.68036556243896,5.294155948523947,0.49466259462258977,0.0,0,0.14762503299285037
144384,141,0,0,0.003542509567188589,107.60362042878803,2.6972208650488603,0.018283558886901835,0.0002,0.0185664,0,0,0,246.73501858942785,0.181640625,0.2885041832923889,15.926252465499076,0,0,0,0,0
145408,142,20.656757424656927,100.6,0.004460399830713868,80.45463371276855,2.838417172431946,0.014427036466084741,0.0002,0.01855616,0.9,0.1,0.0,227.00587624644749,0.1328125,0.5814967155456543,75.96572723388672,5.273531577227646,0.7750179052060001,0.0,0,0.14559758831531855
146432,143,0,0,-0.001967573561705649,47.423958969116214,2.882628607749939,0.004444121354035571,0.0002,0.01854592,0,0,0,225.062235605536,0.03662109375,0.5408554077148438,33.540594530105594,0,0,0,0,0
147456,144,40.890725638053894,137.7,-0.006433833856135607,42.96404762268067,2.80211056470871,0.010259994590896321,0.0002,0.01853568,0.8,0.2,0.0,245.33060312660385,0.11279296875,0.7533594369888306,44.74804792404175,6.1477323597346905,0.7533812791243311,0.0,0,0.22723623157144585
148480,145,0,0,-0.0027673088014125826,166.98186111450195,2.685360145568848,0.006412417381953012,0.0002,0.01852544,0,0,0,225.92681703880962,0.05439453125,0.18957406282424927,49.66100554466247,0,0,0,0,0
149504,146,56.146921224933465,128.2,-0.0008072011638432741,71.56310997009277,2.869418501853943,0.004939191112870128,0.0002,0.0185152,0.8,0.2,0.0,238.56119763409922,0.04326171875,0.5310461521148682,133.06921329498292,6.356700206578968,0.93617928610998,0.0,0,0.22712932702358182
150528,147,0,0,0.0066116610541939735,91.46948708428278,2.808397399054633,0.04038322240457902,0.0002,0.01850496,0,0,0,226.30155715625244,0.2424045138888889,0.38846927881240845,81.04018465677898,0,0,0,0,0
151552,148,16.98225051630928,95.4,0.015957678883121565,100.14523080679086,2.746375505740826,0.052375724539176834,0.0002,0.01849472,1.0,0.0,0.0,284.060543518109,0.4343449519230769,0.15722399950027466,61.781245745145355,5.94928313287078,1.1700766957997542,0.0,0,0.1656212262855247
152576,149,0,0,-0.00020796789185089225,42.25338430965648,2.8494218938490925,0.03200937236441043,0.0002,0.01848448,0,0,0,235.33475492315014,0.24310661764705882,0.6796679496765137,124.06756053251378,0,0,0,0,0
153600,150,17.825874438965748,123.6,-0.0020878202049061656,36.934789180755615,2.9704428195953367,0.015765082649895658,0.0002,0.01847424,1.0,0.0,0.0,253.78239367840084,0.15048828125,0.7082194089889526,45.36782338619232,4.310934574584445,0.5423286229133323,0.0,0,0.15515988732342562
154624,151,0,0,0.00019083353690803052,77.73820495605469,3.1624178290367126,0.013963988667827179,0.0002,0.018464,0,0,0,232.28801466924855,0.155859375,0.48699134588241577,58.908685779571535,0,0,0,0,0
155648,152,4.994376906359965,80.0,0.0032461094411296975,25.572159661187065,3.1578205161624484,0.028549063906323526,0.0002,0.01845376,1.0,0.0,0.0,237.14248888099695,0.23111979166666666,0.7630382776260376,43.113794008890785,4.013399316514168,0.42966831358965313,0.0,0,0.12396898159199381
156672,153,0,0,0.005099545698612928,149.93087683783637,3.1374022430843778,0.016047353584636857,0.0002,0.01844352,0,0,0,269.9461251311323,0.16015625,-0.029814958572387695,55.75502247280545,0,0,0,0,0
157696,154,54.75264954754041,203.3,-0.004038763884454966,73.9145004272461,3.1203935384750365,0.012654744600883333,0.0002,0.01843328,0.6,0.4,0.0,235.94854184064226,0.12998046875,0.024078726768493652,13.406380295753479,5.424911485953436,0.8402398270993853,0.0,0,0.31156970400952394
158720,155,0,0,0.00826806657235412,52.74577600815717,3.0655166962567497,0.051529011565874194,0.0002,0.01842304,0,0,0,258.04106206544606,0.27676930147058826,0.1987937092781067,7.773746167912202,0,0,0,0,0
159744,156,28.70877218481889,279.6,0.04685225151479244,27.174046082930133,3.5000212409279565,0.11896662346342418,0.0002,0.0184128,0.8,0.1,0.0,240.2170401813739,0.5646306818181818,0.5661343932151794,16.847420345653187,3.024646939689508,0.7989744269789691,0.0,0,0.21425976048030076
160768,157,0,0,0.00286571931486067,55.8754603737279,3.4025213718414307,0.03948859300612149,0.0002,0.018402560000000002,0,0,0,267.0522920349415,0.2643914473684211,0.016093432903289795,6.851861050254421,0,0,0,0,0
161792,158,-2.641196823672544,241.6,0.03857659036293626,33.84519815444946,3.2873593171437583,0.07841724087485062,0.0002,0.01839232,1.0,0.0,0.0,244.86925427308654,0.3484700520833333,0.7234487533569336,163.2329003016154,2.7016308114906407,1.6375840239419612,0.0,0,0.19849445775841168
162816,159,0,0,-0.0030247983522713184,57.55419788360596,3.2454997062683106,0.017731247108902733,0.0002,0.018382080000000002,0,0,0,212.95087837824101,0.1287109375,0.43598049879074097,85.40742425918579,0,0,0,0,0
163840,160,26.600859937925804,523.7,0.0005821851599547598,9.91062201393975,3.3718841208351984,0.022098904266999102,0.0002,0.01837184,0.7,0.3,0.0,246.136602785852,0.2087673611111111,0.8405125141143799,46.93634785546197,1.9946243892177258,0.8476128023356955,0.0,0,0.27736942229486916
164864,161,0,0,-0.0006412585265934467,14.280455350875854,3.428524208068848,0.013599313388121481,0.0002,0.0183616,0,0,0,227.83107441125642,0.13896484375,0.46946895122528076,20.278349423408507,0,0,0,0,0
165888,162,-104.88968364700261,590.0,1.7591193318367006e-05,55.076402473449704,3.5097004175186157,0.015261476102758386,0.0002,0.01835136,0.6,0.1,0.0,312.21246310758227,0.15986328125,-0.07068026065826416,17.489901399612428,1.9394871061363328,0.6068067464083414,0.0,0,0.24628335462893297
166912,163,0,0,0.0034203304443508387,45.60711555480957,3.35347341299057,0.01821361535695057,0.0002,0.01834112,0,0,0,227.0464732515544,0.15791015625,-0.01656472682952881,9.682037842273711,0,0,0,0,0
167936,164,-20.439450866805185,440.0,0.021255094558000565,35.166358947753906,3.640787124633789,0.08472908135844166,0.0002,0.01833088,0.8,0.0,0.0,254.0182230926265,0.5163352272727273,0.186120867729187,81.79018246043812,1.1321934173609676,0.6026458619414166,0.0,0,0.14960621800895185
168960,165,0,0,0.00649145501665771,302.9020751953125,4.311277270317078,0.01732023495715691,0.0002,0.01832064,0,0,0,297.1758527801065,0.11611328125,-0.014109611511230469,147.7853561401367,0,0,0,0,0
169984,166,-91.00575149090443,501.5,-0.0032236635452136397,120.63730545043946,4.029654252529144,0.005950853938707668,0.0002,0.0183104,0.8,0.0,0.0,242.14627099232467,0.06142578125,-0.0540921688079834,68.59567089080811,1.425913816425845,0.7494017615676678,0.0,0,0.17466374073105392
171008,167,0,0,-0.002331687789410353,56.18792610168457,4.150955414772033,0.005423349177005349,0.0002,0.01830016,0,0,0,293.7550280539898,0.05546875,0.05676335096359253,18.528882789611817,0,0,0,0,0
172032,168,-67.8653182727118,438.4,-0.0030217251274734735,75.99021072387696,4.075748038291931,0.006842287697514477,0.0002,0.01828992,0.9,0.1,0.0,314.01670830191927,0.07236328125,0.33922696113586426,69.54668054580688,1.3488736654822806,0.6759575228292288,0.0,0,0.18442959283260954
173056,169,0,0,-8.941357955336571e-05,81.30868186950684,3.9613349795341493,0.004655670367362591,0.0002,0.01827968,0,0,0,337.5398131830616,0.04140625,-0.02020549774169922,34.484353399276735,0,0,0,0,0
174080,170,-2.662407135473089,400.7,0.001301837671134207,51.54384803771973,3.944845530721876,0.04283449798823192,0.0002,0.01826944,1.0,0.0,0.0,229.8428946832572,0.2326388888888889,-0.010923385620117188,6.063262343406677,2.089403536202213,0.9452479457080913,0.0,0,0.1913604296483391
175104,171,0,0,0.009602107628084281,6.803297183092902,4.047672762590296,0.02442122780828468,0.0002,0.0182592,0,0,0,247.66724202405936,0.22667738970588236,0.36713874340057373,18.567266913021314,0,0,0,0,0
176128,172,34.61175824278146,502.5,-0.002479205373674631,22.37213315963745,3.7653774976730348,0.01938932605553974,0.0002,0.01824896,0.7,0.1,0.0,317.4755465093021,0.149609375,0.41268688440322876,46.71658554077148,2.225013048638058,0.7064919223780934,0.0,0,0.33294889504836955
177152,173,0,0,-0.005500257154926658,11.11125407218933,3.6158921837806703,0.008872014389642474,0.0002,0.01823872,0,0,0,349.2721905819236,0.109765625,0.18582510948181152,29.22698426246643,0,0,0,0,0
178176,174,-33.345443897362394,113.2,0.005396164621093443,22.158631665366038,3.6911923033850536,0.08223592448381967,0.0002,0.01822848,1.0,0.0,0.0,287.0774203902184,0.35616629464285715,-6.115436553955078e-05,6.511675434453147,1.557749059899631,0.4534043532497395,0.0,0,0.04879293151420687
179200,175,0,0,0.09593060714277354,151.88178738680753,3.869829524647106,0.3231005773625756,0.0002,0.01821824,0,0,0,258.11635144380386,0.6480823863636364,-0.0012515783309936523,113.42493022571911,0,0,0,0,0
180224,176,-26.343870378212536,61.8,0.0010503708384931088,147.75346984863282,4.219038486480713,0.016284197382635195,0.0002,0.018208000000000002,1.0,0.0,0.0,277.34008339250397,0.12900390625,-0.0025712251663208008,127.11306495666504,1.5964285698680478,0.5699864651703581,0.0,0,0.02987341662127912
181248,177,0,0,-0.002722166059538722,211.51822967529296,4.074198460578918,0.005545759925741361,0.0002,0.01819776,0,0,0,276.34452259431254,0.04453125,-0.002096891403198242,172.79094390869142,0,0,0,0,0
182272,178,-40.74186268568555,63.1,-0.0007328127976506948,185.91677856445312,3.9203964114189147,0.0016046998753207974,0.0002,0.01818752,1.0,0.0,0.0,239.78388892344086,0.01015625,-0.0028302669525146484,175.2798278808594,1.5959058408054179,0.6067654979223394,0.0,0,0.03381758244808504
183296,179,0,0,-0.0018693080637603998,178.26737518310546,3.919493114948273,0.003088808778608765,0.0002,0.01817728,0,0,0,252.55375516776255,0.0271484375,-0.0035703182220458984,156.53583526611328,0,0,0,0,0
184320,180,-19.47443358834012,62.7,-0.0033847084501758217,179.47251892089844,3.965743625164032,0.006161801373681897,0.0002,0.01816704,1.0,0.0,0.0,239.33022333552643,0.04970703125,-0.01407325267791748,137.7041793823242,1.9480313492238157,0.4543728694365742,0.0,0,0.036051685284969215
185344,181,0,0,-0.004081951943226159,95.16341552734374,3.962537920475006,0.006001666239178166,0.0002,0.0181568,0,0,0,277.23168825572435,0.07333984375,-0.09946024417877197,79.58403625488282,0,0,0,0,0
186368,182,-38.12283845319971,96.6,-0.0016751257702708245,142.76569213867188,3.909980523586273,0.004031545656478253,0.0002,0.01814656,1.0,0.0,0.0,272.8334112243186,0.03701171875,-0.0072029829025268555,116.03881950378418,1.538743871748161,0.5487100640906221,0.0,0,0.046085938787210054
187392,183,0,0,-0.0019887070171535014,153.49161071777343,3.883576846122742,0.0032295393495639867,0.0002,0.01813632,0,0,0,253.95578593144006,0.02802734375,-0.012116670608520508,102.24305038452148,0,0,0,0,0
188416,184,-33.62357743846452,123.9,-0.0026887224987149237,52.11154022216797,3.77676442861557,0.00990672115586667,0.0002,0.01812608,1.0,0.0,0.0,288.59566706759034,0.10517578125,-0.06962418556213379,19.31312439441681,1.7276074966025958,0.4999080589183921,0.0,0,0.0568674044818012
189440,185,0,0,0.027356650913134217,110.86147403717041,3.9792148917913437,0.042640769795989734,0.0002,0.01811584,0,0,0,240.55720619942204,0.3319091796875,-0.008278965950012207,63.928709745407104,0,0,0,0,0
190464,186,-32.22539222983249,192.8,-0.003015619330108166,141.39662246704103,4.023934519290924,0.012846273533075502,0.0002,0.0181056,1.0,0.0,0.0,285.7680186091954,0.1369140625,-0.000423431396484375,27.618397092819215,1.6346995882569264,0.49582135209137396,0.0,0,0.08562842420894748
191488,187,0,0,0.03195214178413153,81.10702514648438,4.044945105910301,0.12315626615601047,0.0002,0.01809536,0,0,0,262.0901390687107,0.4239501953125,-0.0027376413345336914,7.357600539922714,0,0,0,0,0
192512,188,-21.199288378989042,403.9,0.00684028651448898,46.271368741989136,4.131816148757935,0.04118019524322293,0.0002,0.01808512,0.9,0.0,0.0,304.91462190689447,0.2825927734375,-0.0007054805755615234,17.154904425144196,1.2062912154286651,1.1642116234617155,0.0,0,0.1145131877484598
193536,189,0,0,0.006578879896551371,23.897511959075928,4.4542073011398315,0.026556790340699087,0.0002,0.01807488,0,0,0,274.1202998381944,0.16162109375,0.0021654367446899414,11.390426921844483,0,0,0,0,0
194560,190,18.161229330616198,842.6,0.005451294045676203,35.72258253658519,4.279674922718721,0.03116165671279094,0.0002,0.01806464,0.4,0.0,0.0,330.4957139496647,0.20714613970588236,-0.0007269382476806641,7.3657258608761955,0.9991505525220157,0.6422415654253615,0.0,0,0.22691331974921533
195584,191,0,0,0.09187410966577855,8.542324196208607,4.982895157553933,0.19981419701469108,0.0002,0.0180544,0,0,0,313.59083043207886,0.7086292613636364,0.0006341338157653809,36.92714552445845,0,0,0,0,0
196608,192,-21.42435668890612,776.1,0.0005583772901445628,4.319565081596375,4.757562422752381,0.013301454496111836,0.0002,0.01804416,0.5,0.0,0.0,268.2976013387121,0.1091796875,0.003196895122528076,30.51994752883911,0.7811821854470521,0.8815719577578619,0.0,0,0.1617196074241441
197632,193,0,0,-0.004304000805132091,4.660084366798401,4.707351088523865,0.00876184100926386,0.0002,0.018033920000000002,0,0,0,265.4755036872016,0.07392578125,-0.0006846189498901367,31.66262044906616,0,0,0,0,0
198656,194,-116.90833926331493,606.4,-0.001711256243288517,226.55438613891602,4.884680604934692,0.0047798200081243915,0.0002,0.01802368,0.7,0.1,0.0,301.55069825491034,0.04658203125,-0.0002461671829223633,93.27511367797851,0.9506769936852846,1.5049904240987906,0.0,0,0.13774451797660342
199680,195,0,0,-0.002082538511604071,6.186918902397156,4.60814061164856,0.0038886585680421525,0.0002,0.01801344,0,0,0,254.74013289647786,0.02626953125,0.00136566162109375,36.5907018661499,0,0,0,0,0
200704,196,-53.75321762120238,646.6,-0.005217788042500615,2.370156741142273,4.565555739402771,0.013094242621453828,0.0002,0.0180032,0.8,0.0,0.0,287.47509312222485,0.08349609375,0.012451231479644775,19.375906324386598,1.114669325815115,0.9219548316556271,0.0,0,0.18547500344849344
201728,197,0,0,0.01410744444001466,29.61749565601349,4.3929435312747955,0.16300333812251538,0.0002,0.01799296,0,0,0,266.73432450368716,0.349609375,0.0017344355583190918,7.092653691768646,0,0,0,0,0
202752,198,-4.364898037086524,597.0,0.007275239331647754,19.690832912921906,4.552938938140869,0.03144330013311352,0.0002,0.01798272,0.6,0.2,0.0,272.3299271437395,0.267822265625,-0.00019156932830810547,9.152452111244202,0.99598853646027,0.7675583841844467,0.0,0,0.15575378888635735
203776,199,0,0,-0.001769733615219593,103.23264923095704,4.683098816871643,0.012580810271910232,0.0002,0.01797248,0,0,0,324.8116793337884,0.10791015625,-0.002297520637512207,41.748678016662595,0,0,0,0,0
204800,200,-53.45736031996756,607.7,-2.9017636552453042e-05,148.27305030822754,4.586683654785157,0.0017949996538022205,0.0002,0.01796224,0.8,0.1,0.0,314.54350352866305,0.012109375,-0.0011899471282958984,47.582134056091306,1.0486497133392814,0.6018711701995151,0.0,0,0.16873751186175967
205824,201,0,0,4.348903894424439e-06,171.09221115112305,4.977126622200013,0.0010083063709421525,0.0002,0.017952,0,0,0,252.34276904673635,0.0037109375,-0.0003126859664916992,63.68386669158936,0,0,0,0,0
206848,202,-162.7488904470616,512.8,-0.0005322708748281002,132.60128746032714,4.611619234085083,0.0015866315539897092,0.0002,0.01794176,0.7,0.0,0.0,339.43125871947854,0.0072265625,-0.0005660057067871094,30.020775890350343,1.0001281726299023,0.6837094709092597,0.0,0,0.12841695774526546
207872,203,0,0,-0.003043797146528959,125.14190940856933,4.696188068389892,0.005236481751496963,0.0002,0.01793152,0,0,0,271.675302844364,0.05224609375,-0.0002688169479370117,35.290094661712644,0,0,0,0,0
208896,204,-24.365286524574664,629.5,-0.00229402172844857,84.27752361297607,4.529557251930237,0.010462956517593163,0.0002,0.01792128,0.7,0.1,0.0,296.6938585837848,0.0984375,0.005222022533416748,109.65414533615112,1.253475396419994,0.7887229781063894,0.0,0,0.21416146819376572
209920,205,0,0,-0.004593134857714176,12.631662321090698,4.4574239492416385,0.011092935681798944,0.0002,0.01791104,0,0,0,318.72682365263427,0.08486328125,0.7600753307342529,53.40326137542725,0,0,0,0,0
210944,206,8.697860659249985,476.3,0.0021036642137914896,46.02957954406738,4.616661429405212,0.013993370140459344,0.0002,0.0179008,0.7,0.2,0.0,276.448452623519,0.12392578125,-0.02768993377685547,8.1479887008667,1.5051099862353907,0.5770112145374455,0.0,0,0.221653419577473
211968,207,0,0,0.0020734712714329364,39.270704650878905,4.6468669176101685,0.014729011256720954,0.0002,0.01789056,0,0,0,296.4010221116846,0.1146484375,-0.00036466121673583984,16.107641959190367,0,0,0,0,0
212992,208,-23.71308719467773,310.2,-0.0013631976702634025,39.9983008889591,4.459081790026496,0.045475966981899124,0.0002,0.01788032,1.0,0.0,0.0,324.9724581663817,0.24678308823529413,-0.0008237361907958984,9.829017989775714,1.1214373926733063,1.110153972637076,0.0,0,0.09527216451519219
214016,209,0,0,0.027429737997325985,10.802129355343906,4.835605968128551,0.08347059108996131,0.0002,0.01787008,0,0,0,252.6943361325058,0.4376775568181818,0.0010477900505065918,21.087731101296164,0,0,0,0,0
215040,210,-22.134610649581326,774.2,0.00284757038676425,72.99145889282227,4.9981761480632585,0.025780342102650303,0.0002,0.017859840000000002,0.6,0.0,0.0,267.2735843197639,0.21032072368421054,0.0001862645149230957,23.78360537478798,0.979045748115745,1.0335168587155767,0.0,0,0.18476775592941386
216064,211,0,0,-0.0028928669169545175,31.320253562927245,4.971972036361694,0.009341622143266054,0.0002,0.0178496,0,0,0,342.3808906801777,0.09853515625,0.0016120672225952148,15.003421008586884,0,0,0,0,0
217088,212,-0.9893456003746046,619.8,0.010026667629265122,43.715426974826386,5.048293405108982,0.03582343350475843,0.0002,0.01783936,0.5,0.0,0.0,358.87039073637754,0.2528211805555556,-0.00039756298065185547,4.097161432107289,1.1439759540415892,0.7086986227175751,0.0,0,0.16754520956943672
218112,213,0,0,0.006465150805359537,41.30204183405096,5.165843703530052,0.09721411053431618,0.0002,0.01782912,0,0,0,336.7253050876014,0.5472301136363636,0.006731271743774414,44.19441264325922,0,0,0,0,0
219136,214,-38.78611335948979,287.9,0.0002698227297514677,29.704812431335448,5.186720514297486,0.017769317189238937,0.0002,0.017818880000000002,1.0,0.0,0.0,311.48721344317977,0.12666015625,0.5504041910171509,78.89115505218506,0.830331813209366,1.1328208180101127,0.0,0,0.05153389341174538
220160,215,0,0,-0.0011702601797878743,68.68030166625977,5.316139388084411,0.009947828310406031,0.0002,0.01780864,0,0,0,312.1749291895376,0.0810546875,0.18870288133621216,67.61551895141602,0,0,0,0,0
221184,216,-68.48806441316837,629.3,-0.0003683136543259025,25.992971897125244,5.246211075782776,0.007727609849833822,0.0002,0.0177984,0.8,0.0,0.0,249.13148714764665,0.05693359375,0.7047843933105469,46.227531623840335,0.7782310431139632,1.3207378582252232,0.0,0,0.1143271098177655
222208,217,0,0,-9.386567398905754e-06,32.09613475799561,5.329745030403137,0.012814995329252394,0.0002,0.01778816,0,0,0,315.98343925173964,0.087109375,0.5599067211151123,86.38666658401489,0,0,0,0,0
223232,218,39.887307344788134,923.7,-0.0032812253572046756,25.305469226837157,5.254174160957336,0.008152024867020291,0.0002,0.01777792,0.1,0.0,0.0,382.3589793261065,0.094921875,0.7099186182022095,59.03933057785034,0.713474128816684,1.0800436820688648,0.0,0,0.1798092624331225
224256,219,0,0,-0.007787399552762508,2.1764356434345244,5.2562031030654905,0.010975303939639035,0.0002,0.01776768,0,0,0,280.59218245281374,0.14033203125,0.725227952003479,20.654528737068176,0,0,0,0,0
225280,220,-10.504916589579317,883.1,-0.005316411750391126,2.358708345890045,5.255901885032654,0.010155684805076382,0.0002,0.01775744,0.3,0.0,0.0,235.62868301545348,0.0828125,0.14965730905532837,21.22477307319641,0.8752761767813333,0.8055818920273895,0.0,0,0.18273792832855365
226304,221,0,0,-0.00049189617857337,10.681863856315612,5.369782710075379,0.004839822252696813,0.0002,0.0177472,0,0,0,222.42386771795154,0.04697265625,0.8490250110626221,47.07650084495545,0,0,0,0,0
227328,222,-31.243583908925956,791.2,-5.468036979436874e-05,117.60302963256837,5.669250702857971,0.0018788017296246684,0.0002,0.01773696,0.6,0.2,0.0,282.4725219226982,0.01796875,-0.09839749336242676,59.100805568695066,0.792582591153388,0.7477795464072114,0.0,0,0.16320184030313253
228352,223,0,0,0.007881358149461448,36.48568511009216,5.754704475402832,0.07356122959755762,0.0002,0.01772672,0,0,0,275.36561690125603,0.380859375,-0.011804819107055664,6.153894256800413,0,0,0,0,0
229376,224,3.4798767132374535,816.3,0.006991345959249884,74.14497971534729,4.978297650814056,0.04073068744038157,0.0002,0.01771648,0.4,0.0,0.0,200.17714978379772,0.2713623046875,-0.000895380973815918,15.579122826457024,1.1184094114402252,0.8323973558964808,0.0,0,0.23153118628782857
230400,225,0,0,-0.0021541395923122763,6.579366540908813,4.8477174043655396,0.011332330130981293,0.0002,0.01770624,0,0,0,237.53484494027572,0.12490234375,-0.016589641571044922,35.41541223526001,0,0,0,0,0
231424,226,53.51782611278877,807.1,-0.0037669262383133173,6.821287608146667,4.7895265340805055,0.007309795732734265,0.0002,0.017696,0.2,0.2,0.0,340.901209648935,0.04990234375,0.0010932087898254395,37.73244514465332,1.3614344883932896,0.9209502647993094,0.0,0,0.3006593948491575
232448,227,0,0,-0.0011765203205868601,313.1551681518555,5.06516842842102,0.0029325008761674986,0.0002,0.017685760000000002,0,0,0,238.1387320876171,0.0287109375,0.0024056434631347656,145.98672370910646,0,0,0,0,0
233472,228,-47.58757593196991,587.1,-0.0017534447368234396,141.28080673217772,4.934371757507324,0.0023428097403751956,0.0002,0.01767552,0.7,0.1,0.0,258.9017080469494,0.01494140625,0.00022494792938232422,48.67719373703003,1.377994284984869,0.8693591211042827,0.0,0,0.2058895452977807
234496,229,0,0,-0.004475783137604594,7.981615686416626,4.7575156688690186,0.008854033902033575,0.0002,0.01766528,0,0,0,179.91294559948224,0.08388671875,9.632110595703125e-05,41.69691390991211,0,0,0,0,0
235520,230,19.274544453978468,562.9,-0.004924631770700216,4.458799970149994,4.650409150123596,0.010719096948750428,0.0002,0.01765504,0.7,0.2,0.0,278.5941659018512,0.083984375,-0.0007320642471313477,27.517070960998534,1.6057079714339895,0.8685432264123438,0.0,0,0.2268993877556665
236544,231,0,0,-0.0034671866334974764,16.87746524810791,4.65867326259613,0.010202119470348747,0.0002,0.0176448,0,0,0,253.2522104015337,0.091015625,0.001393735408782959,16.4409419298172,0,0,0,0,0
237568,232,42.780963774181814,677.3,-0.0015979602700099348,33.572615718841554,4.6141832828521725,0.00426821747096911,0.0002,0.01763456,0.6,0.0,0.0,308.4346492737404,0.03330078125,0.01487499475479126,35.31472749710083,1.664657836763548,0.8788453405530301,0.0,0,0.298061839528116
238592,233,0,0,-0.0021599316503852608,161.13108291625977,4.877511477470398,0.012399621433187031,0.0002,0.01762432,0,0,0,226.43542149679857,0.07841796875,-2.6702880859375e-05,61.69959468841553,0,0,0,0,0
239616,234,46.68404718685467,859.1,-0.0009172892430797219,12.305464744567871,4.861165738105774,0.009595587967495229,0.0002,0.01761408,0.4,0.1,0.0,291.4074909868232,0.08046875,0.5544477701187134,33.680778646469115,1.434534904114905,0.7060098887974375,0.0,0,0.288024936766453
240640,235,0,0,0.0004376158118247986,287.84123306274415,4.927431964874268,0.0013325068132034768,0.0002,0.01760384,0,0,0,246.39739572893396,0.00927734375,0.13824480772018433,245.2316047668457,0,0,0,0,0
241664,236,-61.94079791800094,225.8,-0.006508895906766779,2.653989892256887,4.74003099140368,0.02454335047060269,0.0002,0.0175936,1.0,0.0,0.0,314.47162551071824,0.19315378289473684,0.5015501976013184,31.800213362041273,1.1522108306578953,0.504137939523312,0.0,0,0.08591504096469472
242688,237,0,0,0.003307999134995043,71.48949871063232,5.1113670587539675,0.014032511541160652,0.0002,0.01758336,0,0,0,275.3927548006709,0.14716796875,-0.03892719745635986,20.763514852523805,0,0,0,0,0
243712,238,37.14277131283528,748.4,-0.0028916663257405164,53.13428382873535,4.939082527160645,0.011539945425475545,0.0002,0.01757312,0.5,0.1,0.0,248.92235481761156,0.10576171875,-0.0006039142608642578,7.240004301071167,1.2017715870011079,0.7080526554637951,0.0,0,0.23927342335947027
244736,239,0,0,0.0006965536771244125,2.837083521642183,5.114518943585847,0.02539913547471215,0.0002,0.01756288,0,0,0,305.45480262171117,0.19891036184210525,-0.0035136938095092773,22.816483447426243,0,0,0,0,0
245760,240,-3.9027752249288525,455.3,0.0032028492307290433,53.3034107208252,4.907062530517578,0.019871109863751603,0.0002,0.01755264,0.9,0.0,0.0,344.2579458264518,0.16171875,0.020900070667266846,67.37728877067566,1.4574679441522087,1.0784752805486715,0.0,0,0.18546651124544764
246784,241,0,0,-0.0071847448125481606,2.9560125708580016,5.014520812034607,0.0163022052380348,0.0002,0.0175424,0,0,0,302.2262596298851,0.1763671875,0.6372052431106567,49.57430329322815,0,0,0,0,0
247808,242,-245.4567531976255,577.1,-0.0016946817049756646,11.559219789505004,5.138578867912292,0.01832137139864155,0.0002,0.01753216,0.6,0.1,0.0,310.47357853342584,0.1443359375,0.08176994323730469,59.29950218200683,1.523465694382642,0.8201172256818786,0.0,0,0.20394514511592798
248832,243,0,0,-0.0006295228376984596,45.06835598415799,4.869950506422255,0.017133082211438912,0.0002,0.01752192,0,0,0,332.0239068309859,0.13509114583333334,0.001759946346282959,12.5350937710868,0,0,0,0,0
249856,244,-1.0640984153128414,587.8,0.0044038500636816025,11.79500150680542,4.658636019780086,0.048447922552729936,0.0002,0.01751168,0.6,0.0,0.0,273.01169509643745,0.34765625,0.4093461036682129,79.17104717401358,1.40690059050937,1.058479525388619,0.0,0,0.21728479685098095
250880,245,0,0,0.017337701426675685,4.760690725766695,5.339723917154165,0.05332065151575587,0.0002,0.01750144,0,0,0,295.8025536322695,0.45132211538461536,0.5944017171859741,31.923503912412205,0,0,0,0,0
251904,246,-39.46938781219192,399.4,-0.0018288407146054156,2.5073685996672688,4.985438963946174,0.024466311038648242,0.0002,0.017491200000000002,0.9,0.0,0.0,248.34025892805928,0.17302389705882354,0.016913890838623047,10.609021747813506,1.6023012263403622,0.5583207378025838,0.0,0,0.20437601336363204
252928,247,0,0,-0.0032572190975770354,112.45846672058106,4.828799057006836,0.014489567524295399,0.0002,0.01748096,0,0,0,300.6124488797464,0.16240234375,0.0009201765060424805,15.0281911611557,0,0,0,0,0
253952,248,28.575509875846393,540.4,-0.001464473678626948,35.069379806518555,4.92159448729621,0.033213347972691196,0.0002,0.017470720000000002,0.6,0.2,0.0,231.9396630428361,0.3132595486111111,0.02981632947921753,7.749909851286146,1.8477518451324375,0.7744303322105159,0.0,0,0.27430857721087454
254976,249,0,0,0.019820788021509845,37.24668502807617,4.627373695373535,0.1849332768470204,0.0002,0.01746048,0,0,0,337.7709961268893,0.4903971354166667,0.06939190626144409,111.46907838185628,0,0,0,0,0
256000,250,15.18904841136865,416.2,0.006848541146609932,224.00040531158447,4.7884354293346405,0.030950388376376543,0.0002,0.01745024,0.8,0.1,0.0,299.7727848768748,0.289794921875,-0.08455836772918701,179.58285117149353,1.76279604187583,0.7259502837929899,0.0,0,0.19387479073851716
257024,251,0,0,-0.002733554318547249,8.424757051467896,4.566027879714966,0.0110031932708879,0.0002,0.01744,0,0,0,293.42888479914757,0.0880859375,0.25457626581192017,68.69724925756455,0,0,0,0,0
258048,252,12.894986144844854,582.8,0.018988412688486278,4.025086268782616,4.686565965414047,0.041750030388368255,0.0002,0.01742976,0.6,0.1,0.0,292.10044849832025,0.26904296875,0.7136361598968506,35.1651765704155,2.414698118317644,0.856548814683664,0.0,0,0.33720790685091406
259072,253,0,0,-0.0009167691521150502,37.93469981143349,4.425824215537624,0.009711729508133721,0.0002,0.01741952,0,0,0,157.76077810926364,0.07987253289473684,0.15679508447647095,16.801087479842337,0,0,0,0,0
260096,254,34.79420720831791,553.9,0.002700360957533121,10.43970854282379,4.3806499481201175,0.014815785444815521,0.0002,0.01740928,0.8,0.1,0.0,232.3918440933741,0.12802734375,0.6416964530944824,39.866724896430966,2.7250071365785207,1.1089422564392986,0.0,0,0.41381740179881427
261120,255,0,0,0.001505716424435377,40.832230472564696,4.2349862337112425,0.004661968839362629,0.0002,0.01739904,0,0,0,277.93808980594275,0.04453125,0.3056015372276306,39.92555990219116,0,0,0,0,0
262144,256,43.18768256025402,544.9,-0.007757840445265174,12.69957160949707,4.404131078720093,0.01741217913514484,0.0002,0.0173888,0.8,0.1,0.0,272.6630280846962,0.17724609375,0.6713862419128418,23.6642107963562,2.2189161230479977,0.8260448347537658,0.0,0,0.30954079367124476
263168,257,0,0,-0.003324165684171021,9.995144295692445,4.540864157676697,0.011573133480859515,0.0002,0.01737856,0,0,0,252.94928425408457,0.10703125,0.6125738620758057,27.92218873500824,0,0,0,0,0
264192,258,45.988377990908084,593.3,-0.0017676202114671469,65.27169075012208,4.8143281698226925,0.013075045240117744,0.0002,0.01736832,0.8,0.0,0.0,352.73580905111373,0.11962890625,-0.02638566493988037,39.435222721099855,1.8633869933679397,0.7098342693169646,0.0,0,0.28815086663066086
265216,259,0,0,-0.0014079732820391655,22.093443870544434,4.695645523071289,0.009065529514925137,0.0002,0.01735808,0,0,0,245.32993048513492,0.0833984375,0.043124616146087646,26.02221151590347,0,0,0,0,0
266240,260,16.178608384774485,464.8,0.01048012920900395,178.6446244089227,4.567902037971898,0.026154309609228394,0.0002,0.01734784,0.6,0.3,0.0,252.83769327145797,0.2060032894736842,0.09315651655197144,78.58611548574348,2.4694463694362994,0.7147570976527157,0.0,0,0.331247338468645
267264,261,0,0,-0.0006942581385374069,5.685307633876801,4.510324096679687,0.006662647047785836,0.0002,0.0173376,0,0,0,204.6376385846896,0.0595703125,0.22009927034378052,25.67986512184143,0,0,0,0,0
268288,262,120.00525781916004,745.9,0.0004295149352401495,125.94831428527831,4.569853568077088,0.008398604369731449,0.0002,0.01732736,0.3,0.1,0.2,225.76402365331128,0.088671875,0.09715372323989868,58.010758018493654,2.51418955289836,0.6166369853253011,0.0,0,0.5380569749562293
269312,263,0,0,0.0024125409312546254,18.92923436164856,4.255567264556885,0.011634596501616312,0.0002,0.01731712,0,0,0,230.92582745735984,0.0951171875,-0.031189918518066406,74.15275378227234,0,0,0,0,0
270336,264,107.90245829283717,575.1,0.011351343924896075,9.80591289813702,4.3740865634037895,0.13307904896256445,0.0002,0.01730688,0.8,0.1,0.0,267.675324995843,0.48001802884615385,0.7636891603469849,25.293605511005108,2.615608793749734,0.7097637166516002,0.0,0,0.4018864096511998
271360,265,0,0,0.05702820618171245,18.193379561106365,4.476792097091675,0.15056102645274308,0.0002,0.01729664,0,0,0,220.40970941157653,0.5623372395833334,0.19189363718032837,82.86934741338094,0,0,0,0,0
272384,266,145.4826165800491,627.0,0.009638221313556036,40.64987080891927,4.3346735318501795,0.06696575998019835,0.0002,0.0172864,0.5,0.1,0.1,264.27764192894244,0.3143229166666667,0.02955693006515503,12.39976619084676,3.264688465791173,0.5611509185143901,0.0,0,0.5295119705428613
273408,267,0,0,0.003993776114657521,12.089487600326539,4.331388187408447,0.01822370061273209,0.0002,0.01727616,0,0,0,227.38054798864624,0.14755859375,0.6391040086746216,33.40623693466186,0,0,0,0,0
274432,268,141.11000661937376,711.4,0.0005145305767655373,38.34737882614136,4.198392486572265,0.013491827948025165,0.0002,0.01726592,0.3,0.0,0.4,228.6480148090511,0.1185546875,0.5065068602561951,45.83743782043457,2.8269239849734227,0.5538074050437168,0.0,0,0.6747067364720081
275456,269,0,0,-0.005086555366870016,52.118926429748534,4.3287677526473995,0.012811992500801728,0.0002,0.01725568,0,0,0,267.4762027506229,0.115234375,0.22667527198791504,29.357412815093994,0,0,0,0,0
276480,270,114.11626456658857,722.9,-0.002864683512598276,33.88146343231201,4.1757161855697635,0.016142501030127397,0.0002,0.01724544,0.4,0.1,0.0,198.8517115614284,0.12470703125,0.32604122161865234,46.58387017250061,2.609371421790356,0.7026733593252242,0.0,0,0.5360690035411537
277504,271,0,0,0.00025857794098556043,23.97157487869263,4.275529789924621,0.00581309948466679,0.0002,0.0172352,0,0,0,285.1658702654719,0.04892578125,0.3860207200050354,72.04213733673096,0,0,0,0,0
278528,272,105.94077490182153,472.8,-0.0034541465807706117,90.99211235046387,4.126385831832886,0.00623268127529511,0.0002,0.01722496,0.5,0.4,0.0,250.6311077063146,0.0708984375,0.47795283794403076,130.42252750396727,3.292012378251264,0.7400958855030042,0.0,0,0.39983851496159223
279552,273,0,0,0.0011462937657009153,33.65127047370462,3.998721150790944,0.02321946088855856,0.0002,0.01721472,0,0,0,217.47191785767416,0.17589613970588236,0.06499654054641724,126.96237294814166,0,0,0,0,0
280576,274,119.87973814320564,395.7,-0.0020672451471909882,29.484452342987062,4.106605923175811,0.013491292775151376,0.0002,0.01720448,0.9,0.0,0.1,284.9766590064092,0.12744140625,0.36484748125076294,82.2712215423584,3.666895034024914,0.6855514003451891,0.0,0,0.42688113930484334
281600,275,0,0,0.00015660125370088376,12.136143584000436,4.386309422944722,0.0164378111581666,0.0002,0.01719424,0,0,0,312.59294041132597,0.12469161184210527,0.7540619969367981,33.22701107828241,0,0,0,0,0
282624,276,66.34448006101871,474.0,-0.003100706683471799,13.874096441268922,4.209751129150391,0.007646765420221485,0.0002,0.017184,1.0,0.0,0.0,212.50095470306044,0.06240234375,0.5898038744926453,39.90432443618774,3.153731595452184,1.0154459240512443,0.0,0,0.37552837894849456
283648,277,0,0,0.013033512863330543,18.25716197490692,4.19396635890007,0.031564563629225176,0.0002,0.01717376,0,0,0,221.37185497522987,0.250732421875,0.7137296199798584,69.76341211795807,0,0,0,0,0
284672,278,125.8150714545236,513.9,0.010774115203983255,29.03103192647298,4.24844937854343,0.02723112221187388,0.0002,0.01716352,0.3,0.3,0.4,234.06843166689328,0.2177734375,0.8322946429252625,101.46783357196384,3.5270974025720205,0.5600987518089287,0.0,0,0.5725518122424089
285696,279,0,0,0.027221184940292284,22.502639917226936,3.9047519060281606,0.10215434546208037,0.0002,0.01715328,0,0,0,272.032232169719,0.47115384615384615,0.38092857599258423,63.25878825554481,0,0,0,0,0
286720,280,52.901072171598955,269.9,0.02725733580466892,142.65552520751953,3.979320696422032,0.05996514677204362,0.0002,0.017143040000000002,0.8,0.2,0.0,253.22076544002527,0.36160714285714285,-0.17889821529388428,167.47717584882463,3.471602738802448,0.4591916435967252,0.0,0,0.2687873898095636
287744,281,0,0,0.001227196492254734,103.72473487854003,4.2762515306472775,0.020282850967496914,0.0002,0.0171328,0,0,0,244.21339466367778,0.13603515625,0.10051542520523071,126.64313049316407,0,0,0,0,0
288768,282,14.28852570562771,181.9,-0.004949186323210597,116.67512245178223,4.1960186004638675,0.01737456849078516,0.0002,0.017122560000000002,0.9,0.1,0.0,288.69888812775764,0.151171875,0.13715028762817383,108.37243537902832,3.3068816911627414,0.5527639451143754,0.0,0,0.17886171171223403
289792,283,0,0,0.003490972000041178,24.295643533979142,4.440755707877023,0.046526436664873036,0.0002,0.01711232,0,0,0,278.4587708989113,0.31961495535714285,0.37957048416137695,97.0320589201791,0,0,0,0,0
290816,284,82.2879202766961,385.9,0.0011313206981867553,23.097602748870848,4.381565546989441,0.01071834330215123,0.0002,0.01710208,0.8,0.2,0.0,259.6668316777809,0.08828125,0.7029621601104736,59.16619067192077,3.761224169360588,0.6128288048237455,0.0,0,0.3712064220703136
291840,285,0,0,0.0007076279958710075,25.566159820556642,4.291151309013367,0.01016470529139792,0.0002,0.01709184,0,0,0,287.4939318571941,0.08232421875,0.46188825368881226,50.23054738044739,0,0,0,0,0
292864,286,59.613181736144305,375.1,0.005466333835532791,52.320694170500104,4.0511879669992545,0.021655440011903455,0.0002,0.0170816,0.5,0.3,0.1,182.56672560705067,0.19932154605263158,0.4671596884727478,78.4868873295031,3.50841864729031,0.47521207670964427,0.0,0,0.3627824725168401
293888,287,0,0,0.004484393469551031,94.47753188189338,4.173726390389835,0.023208074915396663,0.0002,0.01707136,0,0,0,271.08678642881875,0.1928998161764706,0.2606997489929199,106.0370356615852,0,0,0,0,0
294912,288,64.1758404436848,347.7,0.003819642071094778,79.2452621459961,4.0367206070158215,0.02307357595743083,0.0002,0.01706112,0.6,0.3,0.0,246.7254796520587,0.1990017361111111,0.3591102361679077,53.40272283554077,3.7241060805109916,0.435391208178456,0.0,0,0.3208679242602953
295936,289,0,0,0.001312802592292428,41.670895957946776,4.2675457239151005,0.014043857343502702,0.0002,0.01705088,0,0,0,260.2533666710638,0.13427734375,0.4196326732635498,65.60342450141907,0,0,0,0,0
296960,290,83.4666186624537,399.8,0.006433217982320409,29.808737503854854,4.031493274789107,0.025700453546298307,0.0002,0.01704064,0.6,0.3,0.1,250.53379831671504,0.203125,0.6278038024902344,71.43525439814518,4.321258801032856,1.2024943642774484,0.0,0,0.4780866648266725
297984,291,0,0,0.007105698269840918,42.73514235647101,3.829491527456986,0.019732180100531987,0.0002,0.0170304,0,0,0,222.66980988623118,0.18153782894736842,0.42415934801101685,58.7657911401046,0,0,0,0,0
299008,292,118.42115856026776,379.0,0.02417488652281463,22.26466929912567,4.30638724565506,0.06108090243652454,0.0002,0.01702016,0.7,0.2,0.1,253.79401578108525,0.299072265625,0.8990819454193115,118.45922064781189,4.521090064379813,0.5914563679323415,0.0,0,0.4658870478392082
300032,293,0,0,-0.0020616435213014483,78.73029327392578,3.79773131608963,0.011207808495974003,0.0002,0.01700992,0,0,0,236.53638136233326,0.11162109375,0.33627963066101074,41.40785818099975,0,0,0,0,0
301056,294,97.71321872606245,398.0,0.006234467145986855,110.09504356384278,3.9640512108802795,0.015836492076059815,0.0002,0.01699968,0.9,0.1,0.0,249.39248491976903,0.1517578125,0.4217727780342102,277.61371116638185,5.083170745047719,0.7626565500218642,0.0,0,0.4934571238621145
302080,295,0,0,-0.0005625378107652068,77.85915069580078,3.685260903835297,0.0076328197828946075,0.0002,0.01698944,0,0,0,259.56526723157845,0.0841796875,0.5312666893005371,80.15870180130005,0,0,0,0,0
303104,296,139.2445717723537,367.6,-0.0015663544647395611,72.6793212890625,3.6991779685020445,0.004479230512523774,0.0002,0.0169792,0.7,0.2,0.1,223.85588553919058,0.04072265625,0.5555804967880249,110.10316047668456,5.325690138613728,0.8581850962101102,0.0,0,0.5588329807107418
304128,297,0,0,-9.58614982664585e-06,42.6585657119751,4.498292922973633,0.00624365030526926,0.0002,0.01696896,0,0,0,324.45083886477755,0.059765625,0.7959274053573608,56.425168800354,0,0,0,0,0
305152,298,82.23957154855012,328.6,-0.0014225056860595942,51.401204681396486,3.9030749201774597,0.004037880682891804,0.0002,0.01695872,0.9,0.1,0.0,178.75789395876126,0.04091796875,0.7617292404174805,112.68163270950318,3.903312334061893,0.8319397912325739,0.0,0,0.3273585494356649
306176,299,0,0,0.0007162422174587846,94.96676025390624,3.8628356575965883,0.004476389754576216,0.0002,0.016948480000000002,0,0,0,230.08767751908417,0.0396484375,0.4438643455505371,121.68519744873046,0,0,0,0,0
307200,300,58.53053594471562,311.9,0.004107848461717367,40.13904972076416,3.7679508686065675,0.014060334314135187,0.0002,0.01693824,0.8,0.2,0.0,257.39533569731327,0.11171875,0.7199063301086426,89.05837922096252,4.205147069108866,1.0763168548082613,0.0,0,0.3407175175902103
308224,301,0,0,0.0020954901352524757,75.1915771484375,4.316765832901001,0.010455820785146846,0.0002,0.016928,0,0,0,242.58900731878816,0.08837890625,0.7477068305015564,213.12176132202148,0,0,0,0,0
309248,302,44.53188803491797,273.6,-0.0024231089744716884,62.31688003540039,3.9335426330566405,0.005768015197837878,0.0002,0.01691776,0.9,0.1,0.0,250.5100233935565,0.05576171875,0.7389187216758728,190.82287845611572,4.1200753378951465,1.057046562266545,0.0,0,0.3039539674963393
310272,303,0,0,0.0036081398526827493,40.762240939670136,4.021270460552639,0.021686313647998945,0.0002,0.01690752,0,0,0,249.76247936536237,0.1593967013888889,0.6866428852081299,113.09987693362766,0,0,0,0,0
311296,304,73.47589589443376,235.2,0.018120421620551497,37.53570771217346,4.162000834941864,0.03413486185310101,0.0002,0.01689728,1.0,0.0,0.0,255.49843639120195,0.3037109375,0.7668384313583374,56.21656537055969,5.103617366405209,0.9627995456083532,0.0,0,0.34195515962067463
312320,305,0,0,0.028598383212318786,61.297093024620644,3.7969821049616885,0.11439612060069965,0.0002,0.01688704,0,0,0,218.0490827907449,0.46078725961538464,0.6111443042755127,125.32724688603328,0,0,0,0,0
313344,306,6.335513651971826,229.4,0.008489795712133248,48.702155049641924,4.033663860956827,0.050931789229332045,0.0002,0.0168768,0.9,0.1,0.0,261.6013337079631,0.37734375,0.7883193492889404,137.75525868733723,3.4889988663056877,0.847785505224036,0.0,0,0.1896141913852285
314368,307,0,0,0.00020855194889009,40.96884288787842,3.9872873187065125,0.008903086971267548,0.0002,0.01686656,0,0,0,242.36108419913893,0.05986328125,0.7925190925598145,206.90865168571472,0,0,0,0,0
315392,308,153.82638158232643,536.1,0.006046508024964068,38.88600328233507,4.763148016399807,0.033528685414553776,0.0002,0.01685632,0.6,0.0,0.3,288.297070006848,0.2801649305555556,0.8875234127044678,56.011366261376274,4.198985645087569,0.6811539398166662,0.0,0,0.5973164237784432
316416,309,0,0,0.014819774776697159,27.93960189819336,4.2750809987386065,0.03643839719396371,0.0002,0.01684608,0,0,0,360.29386244169194,0.31731770833333334,0.8349449634552002,58.770219039916995,0,0,0,0,0
317440,310,59.1315813727064,388.9,0.00039416095241904257,31.321492385864257,4.358238554000854,0.009211156744285687,0.0002,0.01683584,0.7,0.3,0.0,282.995168290173,0.10185546875,0.7489243745803833,149.21807022094725,3.6303464754292682,0.9277999799262489,0.0,0,0.36749195540459695
318464,311,0,0,-0.0037161987042054535,23.385705089569093,4.573741030693054,0.010842303535909698,0.0002,0.0168256,0,0,0,235.41795534084642,0.1029296875,0.8788303136825562,61.52399845123291,0,0,0,0,0
319488,312,169.90660935437387,639.0,-0.0015685373917222023,22.579677486419676,4.173700141906738,0.007132736972204351,0.0002,0.01681536,0.7,0.1,0.1,298.8546990788595,0.0591796875,0.6785672903060913,87.14354152679444,3.1452963656529898,0.592873587829483,0.0,0,0.5504246455727186
320512,313,0,0,0.030531088850693777,14.292746722698212,4.238662987947464,0.09584011584230331,0.0002,0.01680512,0,0,0,287.7446121504722,0.3797607421875,0.5993118286132812,53.18522784113884,0,0,0,0,0
321536,314,-23.14929634974306,149.8,0.03660148127625386,110.01901652018229,5.030161984761556,0.04039396140725902,0.0002,0.016794879999999998,1.0,0.0,0.0,326.72046801028534,0.38359375,0.40223056077957153,410.770449701945,1.826649355242297,1.3004918327604893,0.0,0,0.049270255902569046
322560,315,0,0,0.0050293079887827235,58.002404022216794,5.043301169077555,0.038713891524830964,0.0002,0.01678464,0,0,0,290.0212872518974,0.2850260416666667,0.800808846950531,499.0745338439941,0,0,0,0,0
323584,316,-93.48154218573963,406.9,0.0012668600073084235,74.44816284179687,5.158563923835755,0.0025857952423469664,0.0002,0.016774400000000002,0.9,0.0,0.0,288.8949027318097,0.023046875,0.7260029315948486,545.1230434417724,1.513775662627891,1.4363421970257435,0.0,0,0.1442588868290215
324608,317,0,0,-0.010557725699618459,24.109496784210204,5.290081596374511,0.015654002411619135,0.0002,0.01676416,0,0,0,274.27599182338406,0.14140625,0.8420209884643555,235.93935737609863,0,0,0,0,0
325632,318,72.09963603160105,994.3,-0.0014487449338452683,11.342077016830444,5.2737845579783125,0.030964516061238276,0.0002,0.01675392,0.2,0.0,0.0,263.64991346446726,0.1564670138888889,0.6358129978179932,73.10283851623535,1.4844605712858385,0.6330439471048277,0.0,0,0.40332618465347964
326656,319,0,0,-0.0010565374279394746,4.494164550304413,5.289956092834473,0.011499092297170633,0.0002,0.01674368,0,0,0,267.56383336732677,0.105859375,0.4755188822746277,58.57239465713501,0,0,0,0,0
327680,320,-48.89018011042364,940.5,0.09153439240022139,99.52332930131392,5.043547283519398,2.633245969360541,0.0002,0.01673344,0.2,0.0,0.0,286.2510409420084,0.7356178977272727,-0.13656437397003174,163.6015631935813,1.1774931084250042,0.3719911109301902,0.0,0,0.31531045879588965
328704,321,0,0,0.014367729373690154,13.712568389044868,4.924542003207737,0.06345291842203155,0.0002,0.0167232,0,0,0,364.00060783055596,0.2708333333333333,0.12043261528015137,23.376602053642273,0,0,0,0,0
329728,322,-26.7126778150522,743.4,0.014352879353931971,2.0217710052217757,5.136705432619367,0.06642564715419846,0.0002,0.01671296,0.3,0.1,0.0,264.5051573355783,0.43819754464285715,0.3921915292739868,15.206354141235352,1.3527870691795836,0.4194162542613663,0.0,0,0.2673725072211509
330752,323,0,0,0.015999204424374244,2.7449009278241325,5.1454174097846535,0.04159162133275697,0.0002,0.01670272,0,0,0,296.13277274294603,0.3298483455882353,0.39351242780685425,20.62399782853968,0,0,0,0,0
331776,324,20.049476622461746,490.3,-0.002962153529127439,66.79519297281901,4.62825444539388,0.056380625938386886,0.0002,0.01669248,0.7,0.2,0.0,264.41491158778393,0.2794270833333333,0.16806024312973022,70.19872665405273,2.009295922806749,1.3634418062352698,0.0,0,0.2705973595854611
332800,325,0,0,-0.00016908650286495686,9.839380788803101,5.000655937194824,0.009748241605128983,0.0002,0.01668224,0,0,0,344.576559999018,0.07880859375,0.5547528266906738,49.61367480754852,0,0,0,0,0
333824,326,-15.153576838402724,600.6,0.008130022543756402,6.973977790159338,4.554686209734748,0.05763902117992481,0.0002,0.016672,0.9,0.0,0.0,255.2374011749805,0.32410386029411764,0.8216923475265503,22.923868936650894,2.115139219069534,1.2591868147451277,0.0,0,0.3053385802000547
334848,327,0,0,0.07000178420408205,22.306317762895063,5.547897772355513,0.6023345874114672,0.0002,0.01666176,0,0,0,269.88336337680636,0.8142755681818182,0.7629100680351257,41.58310976895419,0,0,0,0,0
335872,328,-41.99926988821096,362.0,-0.00496880067512393,19.16978826522827,6.234592747688294,0.014370630175119192,0.0002,0.01665152,0.7,0.3,0.0,272.8177271512302,0.10556640625,0.7290832996368408,63.43447961807251,0.740151914984265,1.246724056796762,0.0,0,0.03094091394859244
336896,329,0,0,-0.0015991354361176492,19.320857810974122,6.136942839622497,0.01279602270989042,0.0002,0.01664128,0,0,0,285.03479581298944,0.1,0.8192732334136963,126.05110402107239,0,0,0,0,0
337920,330,-46.75035098208124,265.7,-0.0001020131167024374,60.49665412902832,6.121731328964233,0.006184201198638628,0.0002,0.01663104,0.9,0.1,0.0,306.65615978742534,0.03583984375,0.6950514316558838,132.79558091163636,0.8019157364202416,1.325261844042298,0.0,0,0.030308054374839893
338944,331,0,0,0.0002185608260333538,6.817165088653565,6.420159149169922,0.013541576098223951,0.0002,0.016620799999999998,0,0,0,267.07803190285375,0.133984375,0.8945923447608948,40.96240859031677,0,0,0,0,0
339968,332,-42.41582418624019,379.0,-0.00017691431567072867,97.66036796569824,6.461561775207519,0.0037510353300731934,0.0002,0.01661056,1.0,0.0,0.0,298.1357796341239,0.0330078125,0.7204922437667847,158.32207336425782,0.5813952514579357,0.9633122500473015,0.0,0,0.05311301986280106
340992,333,0,0,-0.0019427101593464612,21.854799365997316,6.672656106948852,0.011735844248151083,0.0002,0.016600320000000002,0,0,0,332.7724038693009,0.09423828125,0.8482406139373779,47.60422472953796,0,0,0,0,0
342016,334,-111.47015360671787,444.7,-0.00015408750623464585,87.8107753753662,6.754510378837585,0.00436272705847982,0.0002,0.01659008,0.9,0.1,0.0,318.7398803770139,0.0361328125,0.7796828746795654,185.0775287628174,0.5656337280034367,1.3096822003003443,0.0,0,0.040691681215419
343040,335,0,0,-0.002267406531609595,44.460761833190915,6.887813568115234,0.010254590968556188,0.0002,0.016579840000000002,0,0,0,272.5380911210602,0.0876953125,0.7586532831192017,115.82977647781372,0,0,0,0,0
344064,336,-102.19600504035597,562.2,-0.0013064029160887003,35.63919019699097,6.704548716545105,0.001993637416318994,0.0002,0.0165696,1.0,0.0,0.0,256.5423606031079,0.01171875,0.845493495464325,102.67168159484864,0.5134990371827455,1.1530477013613754,0.0,0,0.052939947920230976
345088,337,0,0,-0.002087621204555035,33.53250675201416,6.689452600479126,0.010076063455210593,0.0002,0.016559360000000002,0,0,0,266.8736778778491,0.07177734375,0.8802677392959595,85.40253739356994,0,0,0,0,0
346112,338,-119.35294189289364,627.3,0.0006622684653848409,40.210758686065674,6.962388944625855,0.019506472023213494,0.0002,0.01654912,1.0,0.0,0.0,237.66733933399516,0.10302734375,0.8294675350189209,81.18394136428833,0.47958376608577746,1.3255829444045264,0.0,0,0.06453199546608367
347136,339,0,0,6.610918790102005e-05,37.99243059158325,7.012929940223694,0.0016723428343645486,0.0002,0.01653888,0,0,0,256.03300901642456,0.01259765625,0.8373198509216309,105.1845079421997,0,0,0,0,0
348160,340,-126.41578391878969,525.0,-0.0011298353550955654,33.14106683731079,6.810938930511474,0.0020016185892194117,0.0002,0.01652864,0.9,0.0,0.0,306.61931505078246,0.01455078125,0.7785820960998535,183.6119457244873,0.471128801179984,1.2143338094385308,0.0,0,0.04102585726337777
349184,341,0,0,-0.00019556758925318718,17.178482627868654,7.0187300682067875,0.0038810551272121297,0.0002,0.0165184,0,0,0,356.5737884638742,0.03505859375,0.9255792498588562,46.53971877098083,0,0,0,0,0
350208,342,-104.38572192540298,656.4,-0.0023526080884039404,40.35189723968506,6.984711241722107,0.01591859436595495,0.0002,0.01650816,1.0,0.0,0.0,239.66144792217523,0.116015625,0.7077930569648743,189.30856533050536,0.46481878264316145,1.1619521972873161,0.0,0,0.0663190079608146
351232,343,0,0,-0.0035358012653887274,8.56223976612091,7.210716509819031,0.013810431509055166,0.0002,0.01649792,0,0,0,328.8354852251445,0.11962890625,0.8500862717628479,60.468434762954715,0,0,0,0,0
352256,344,-203.83700564463857,832.5,-0.0004044319735839963,35.9737452507019,7.272269248962402,0.008378032880145691,0.0002,0.01648768,0.8,0.0,0.0,316.7702154961039,0.0775390625,0.8575007915496826,68.17718873023986,0.41699684902589285,1.2442443900544864,0.0,0,0.0740687939315744
353280,345,0,0,-0.00172322285361588,25.937006282806397,7.333383512496948,0.006390399139501968,0.0002,0.01647744,0,0,0,277.60856248279475,0.0390625,0.8813380599021912,48.7566379070282,0,0,0,0,0
354304,346,-70.60341345714986,794.5,-0.001946494006551802,1.04358868598938,7.308002591133118,0.004315474117188045,0.0002,0.0164672,0.6,0.0,0.0,314.2779879118765,0.04091796875,0.9438912272453308,28.070188140869142,0.4252609722804007,0.8762736424013502,0.0,0,0.07251002167404103
355328,347,0,0,-0.0030523129738867284,45.99965362548828,7.225372409820556,0.008972936737715709,0.0002,0.01645696,0,0,0,301.6889509145178,0.0576171875,0.8293339014053345,65.14103317260742,0,0,0,0,0
356352,348,-6.206099371395957,956.9,-0.0020629781298339366,3.5726940274238586,7.2040372610092165,0.006122952955788419,0.0002,0.01644672,0.2,0.0,0.0,275.69394337196866,0.04912109375,0.8702720403671265,85.85474863052369,0.3690777024660264,0.38584991034302485,0.0,0,0.09063382191054248
357376,349,0,0,-0.005182324815541506,1.2773560672998427,7.151595163345337,0.013498621032355463,0.0002,0.01643648,0,0,0,390.72554200959274,0.1357421875,0.8060962557792664,60.74342002868652,0,0,0,0,0
358400,350,-216.8487378222565,792.7,0.0012167940381914376,170.05196380615234,7.966428208351135,0.007594015515513109,0.0002,0.01642624,0.5,0.0,0.0,299.59640297425113,0.07158203125,-0.13599562644958496,175.12713537216186,0.3805437065567662,0.5546984115465092,0.0,0,0.07889851831947207
359424,351,0,0,0.0022401600144803524,43.69651126861572,7.655862641334534,0.016555207141221828,0.0002,0.016416,0,0,0,285.7745404683784,0.10849609375,-0.03128063678741455,18.11475200653076,0,0,0,0,0
360448,352,-2.4424993015817185,1000.0,0.004453202476724982,88.63527336120606,7.6733307361602785,0.011560285132160498,0.0002,0.01640576,0.0,0.0,0.0,298.80363512173716,0.07265625,0.09902286529541016,43.537759399414064,0.3815307723909127,0.42935044947342965,0.0,0,0.09170143626647394
361472,353,0,0,-0.0005892547778785229,1.3068045243620872,6.985482406616211,0.0037729007010151696,0.0002,0.01639552,0,0,0,272.3523250061161,0.026171875,0.5321142673492432,48.084251689910886,0,0,0,0,0
362496,354,13.821180619671718,962.2,-0.0010520968586206435,142.01385383605958,7.598861956596375,0.00149418615475696,0.0002,0.01638528,0.1,0.0,0.0,268.46137930193885,0.01083984375,0.26176565885543823,74.57850761413575,0.41586635737945066,0.5857557832968703,0.0,0,0.11459068511334485
363520,355,0,0,0.023744428502943588,1.4836870449430801,7.395525848164278,0.07455007300793982,0.0002,0.01637504,0,0,0,310.488997942805,0.30859375,0.6422872543334961,55.273546303019806,0,0,0,0,0
364544,356,-1.5124774233173852,993.7,0.0004068613518029451,1.0641522437334061,8.37633237838745,0.006246779431254112,0.0002,0.0163648,0.1,0.0,0.0,291.7550744032052,0.0548828125,0.5334659814834595,32.308444666862485,0.3458762904626981,0.5712213088663003,0.0,0,0.07604162735970221
365568,357,0,0,0.08036801642314954,122.7771162553267,7.688385139812123,0.8591082878411036,0.0002,0.01635456,0,0,0,297.3345534180996,0.6665482954545454,0.04947751760482788,228.04300689697266,0,0,0,0,0
366592,358,22.16269223570295,956.4,0.010479500736383832,0.7842311420861412,7.907744435703053,0.06907532408643291,0.0002,0.01634432,0.1,0.0,0.0,303.02128248613957,0.23115808823529413,-0.18065428733825684,28.138293280321008,0.5055164735389244,0.6870034852586542,0.0,0,0.12550408431378093
367616,359,0,0,0.010844824047615895,1.6006424839680011,6.916121116051307,0.06208797648120653,0.0002,0.01633408,0,0,0,342.28940004140975,0.322265625,0.854968249797821,66.62138238319984,0,0,0,0,0
368640,360,-34.10144853388416,1000.0,0.010231074438813855,0.61493599765441,7.188966162064496,0.023088965118153,0.0002,0.01632384,0.2,0.0,0.0,244.7915734062565,0.1518841911764706,0.4076042175292969,13.353371578104356,0.4265711991482604,0.47784897395142495,0.0,0,0.107662974180607
369664,361,0,0,0.07242747334142526,0.5072720820705096,7.374966224034627,0.29139357944952454,0.0002,0.0163136,0,0,0,357.58472499651987,0.6261393229166666,0.3635765314102173,13.462443113327026,0,0,0,0,0
370688,362,-31.19702904006934,795.3,0.23247398165139285,56.64799776944247,7.82829661802812,0.24215250326830587,0.0002,0.01630336,0.5,0.0,0.0,289.9068643313293,0.7397017045454546,0.45112335681915283,196.3460124622692,0.45234408371370655,0.8101664101649503,0.0,0,0.09125670214714834
371712,363,0,0,0.0018254956463351845,2.8734521210193633,7.963801383972168,0.007244617599657377,0.0002,0.01629312,0,0,0,371.83839044609607,0.05185546875,0.7920175194740295,43.46750183105469,0,0,0,0,0
372736,364,-86.98838691852377,842.4,-0.0016022259835153819,1.9070500403642654,7.887545013427735,0.004513819648141526,0.0002,0.01628288,0.5,0.0,0.0,371.1538657503345,0.0376953125,0.9210482835769653,55.205411720275876,0.45769195776175964,1.0238001344054026,0.0,0,0.10034253788504899
373760,365,0,0,0.0009418089408427477,1.072614026069641,7.939885687828064,0.010081106687731855,0.0002,0.016272639999999998,0,0,0,41.42275402863703,0.066015625,0.8108677268028259,20.14564831852913,0,0,0,0,0
374784,366,-229.4930529449674,757.4,0.006791902240365744,0.3364739339141285,8.002949350020465,0.04574498027455111,0.0002,0.0162624,0.9,0.0,0.0,255.91726307660772,0.26895680147058826,0.9272573590278625,12.854748831075781,0.44399730113473523,0.4804366698147174,0.0,0,0.08791514964690397
375808,367,0,0,0.09671556695618412,111.26918237859553,7.623924775557085,0.3954288520935091,0.0002,0.01625216,0,0,0,248.21401840230558,0.6170099431818182,0.03036653995513916,68.75099563598633,0,0,0,0,0
376832,368,-219.11374340775834,390.6,0.000822126679122448,39.63755121231079,7.722671914100647,0.021105500072019324,0.0002,0.01624192,1.0,0.0,0.0,255.01026526553835,0.18828125,0.1438988447189331,80.4887942314148,0.4619398321420207,0.5449217555500352,0.0,0,0.054101176268557524
377856,369,0,0,-0.0002454562112689018,129.53516311645507,7.64014585018158,0.0023932739874137797,0.0002,0.016231680000000002,0,0,0,294.79082431005725,0.0173828125,0.14637458324432373,117.20607500076294,0,0,0,0,0
378880,370,-121.98374535105877,810.4,-0.0009005730506032705,120.71001777648925,7.602837109565735,0.001777731531924487,0.0002,0.01622144,0.7,0.0,0.0,360.74361424345904,0.0123046875,0.23468446731567383,74.03764991760254,0.4430478678203058,0.4367243409123822,0.0,0,0.09132900178982056
379904,371,0,0,-0.004772866410868508,6.263061625616891,7.782035827636719,0.041831565709032396,0.0002,0.016211200000000002,0,0,0,344.2881082543041,0.3765345982142857,0.5445924997329712,53.53712708609445,0,0,0,0,0
380928,372,-298.38990473884803,734.7,-0.0010951386298984288,64.28105278015137,7.895765113830566,0.01123355117744198,0.0002,0.01620096,1.0,0.0,0.0,312.98378833652475,0.0919921875,0.3125619888305664,57.768397855758664,0.39108524456715277,0.4306504034552285,0.0,0,0.0722166539976071
381952,373,0,0,-0.0005431050900369883,186.14972229003905,8.004976844787597,0.003226247834401996,0.0002,0.01619072,0,0,0,216.42395149607535,0.02685546875,0.2630574703216553,106.61270847320557,0,0,0,0,0
382976,374,-251.4800842227656,621.1,-0.0009823706932365894,96.53501396179199,8.050329113006592,0.003044834847980016,0.0002,0.01618048,1.0,0.0,0.0,304.27506505301653,0.0275390625,0.27459365129470825,38.1836895942688,0.38473572166282366,0.5437080764087402,0.0,0,0.06049990326338979
384000,375,0,0,-0.0014706336427479983,92.64306564331055,8.008376669883727,0.0019555036519800285,0.0002,0.016170240000000002,0,0,0,292.52201089947357,0.01806640625,0.3684599995613098,69.90804748535156,0,0,0,0,0
385024,376,-180.97049386220584,832.7,-0.0018019997514784336,3.8214001059532166,7.995688557624817,0.0034866222438860507,0.0002,0.01616,0.5,0.0,0.0,364.24574656105295,0.02861328125,0.8049417734146118,98.637375497818,0.37778317851533405,0.6016297288936597,0.0,0,0.07091439532040894
386048,377,0,0,-0.0003882081713527441,140.77809867858886,8.027177715301514,0.0035712412456718303,0.0002,0.01614976,0,0,0,266.1538191163973,0.0267578125,0.25897514820098877,142.40567293167115,0,0,0,0,0
387072,378,-100.96441670409068,957.5,-0.00217125213239342,1.022488434612751,7.935926079750061,0.0070516768145501675,0.0002,0.01613952,0.3,0.0,0.0,374.21163776560405,0.055859375,0.7700318098068237,31.609081053733824,0.3617273244008877,0.44052726994669655,0.0,0,0.0752373035336234
388096,379,0,0,0.009516145749431517,0.438505791955524,7.84571099281311,0.030754495871319582,0.0002,0.01612928,0,0,0,339.43885043554405,0.20182291666666666,0.6157666444778442,17.39448845386505,0,0,0,0,0
389120,380,2.7925396603775785,911.1,-0.0007842297432944179,3.435111331939697,8.021515774726868,0.006408070662305421,0.0002,0.01611904,0.2,0.0,0.0,273.1018795402341,0.05859375,0.16752666234970093,16.621599125862122,0.41797640602951586,0.7978694111354676,0.0,0,0.08650493207916818
390144,381,0,0,-0.003865277884822143,0.7428908661792153,8.090430159317819,0.015353691224998791,0.0002,0.0161088,0,0,0,222.65797773797266,0.10187088815789473,0.18940842151641846,22.67636821771923,0,0,0,0,0
391168,382,-15.009665455374181,982.2,-0.00044223074801266196,88.10547561645508,8.033066654205323,0.006796394340936906,0.0002,0.01609856,0.2,0.0,0.0,363.8842200554684,0.06669921875,0.02760380506515503,94.96915578842163,0.4338119894025554,0.9762608262405308,0.0,0,0.10146898701766945
392192,383,0,0,-0.00037596570327877996,0.5164088949561119,8.063689041137696,0.00498001858905992,0.0002,0.01608832,0,0,0,369.20411073869496,0.040234375,0.24089479446411133,16.397353762388228,0,0,0,0,0
393216,384,-8.541524002311714,1000.0,-0.002035087253898382,0.4158626444637775,8.219863271713256,0.003151261797768301,0.0002,0.01607808,0.2,0.0,0.0,270.1128908160792,0.025,0.680753231048584,11.34020937681198,0.39859158888385204,0.715425930813941,0.0,0,0.09988290816418761
394240,385,0,0,0.0044037408195436,0.21369583010673524,8.381722259521485,0.014763870136823653,0.0002,0.01606784,0,0,0,235.5371310799616,0.10556640625,0.8336076140403748,6.35806844830513,0,0,0,0,0
395264,386,-23.75988332129007,927.6,0.038668008210758366,95.81326103210449,8.776442448298136,0.09610893344509637,0.0002,0.016057599999999998,0.1,0.0,0.0,339.61051919766857,0.5528971354166666,0.0540926456451416,76.94043986002605,0.34878499364588633,0.6274045065752671,0.0,0,0.07596624795100174
396288,387,0,0,-4.3611554428935054e-05,2.524315942823887,8.818648862838746,0.0031417373582513395,0.0002,0.01604736,0,0,0,335.3760817327495,0.02177734375,0.5751431584358215,47.08623864650726,0,0,0,0,0
397312,388,-52.23985521790178,883.0,0.0008754695765674115,0.4466743588447571,8.784029388427735,0.005446804419636142,0.0002,0.016037120000000002,0.3,0.0,0.0,314.0639412728863,0.04970703125,0.7171667218208313,9.441437077522277,0.36321591951227206,0.41010950492758846,0.0,0,0.0811955188488381
398336,389,0,0,0.020979973208159208,286.8289489746094,9.031400346755982,0.022946343151865924,0.0002,0.01602688,0,0,0,238.63907107520194,0.1166015625,0.04687654972076416,430.8440849304199,0,0,0,0,0
399360,390,-99.18500852300052,880.2,-0.0002848488744348288,4.844450825452805,9.061031723022461,0.0008707271650726156,0.0002,0.01601664,0.4,0.0,0.0,332.59596074424,0.00546875,0.662142813205719,110.7535718202591,0.3745410328153124,0.5798324665187533,0.0,0,0.07973767590580053
400384,391,0,0,-0.0003478850703686476,2.120072489976883,9.193019723892212,0.0034279381841964885,0.0002,0.0160064,0,0,0,295.87214203073165,0.031640625,0.01993107795715332,60.60583419799805,0,0,0,0,0
401408,392,11.417727433618726,928.0,-0.001898203557357192,0.5918649636209011,9.076024913787842,0.009724394397216595,0.0002,0.01599616,0.2,0.0,0.0,304.9941951954989,0.056640625,0.5824679136276245,13.48208566904068,0.3800562494733256,0.700151096905369,0.0,0,0.08663235039127024
402432,393,0,0,-0.004775924165733159,0.22758229896426202,9.122495698928834,0.007712262877629428,0.0002,0.01598592,0,0,0,349.5547758132297,0.0662109375,0.6016907095909119,6.581574825942516,0,0,0,0,0
403456,394,-117.20688739365832,690.7,-7.5481832027435304e-06,64.50007934570313,9.015069007873535,0.014545092551286576,0.0002,0.01597568,1.0,0.0,0.0,303.1068224325316,0.101171875,0.11477154493331909,130.16957960128784,0.39129382658052414,1.180278823250075,0.0,0,0.05043966616284595
404480,395,0,0,0.0002836685627698898,48.928420066833496,8.989268445968628,0.001514972903184919,0.0002,0.01596544,0,0,0,288.59717964158847,0.01376953125,0.42686307430267334,109.89285039901733,0,0,0,0,0
405504,396,-122.90590229188578,657.0,-0.0011402467964217067,0.2580483339726925,9.061470031738281,0.003665532963410989,0.0002,0.0159552,1.0,0.0,0.0,374.61591075229114,0.0306640625,0.7257847189903259,7.97266606092453,0.4060224496776438,1.1431808665282428,0.0,0,0.035006672324692935
406528,397,0,0,0.02895729693894585,29.624139944712322,8.69719902674357,0.10194425711721455,0.0002,0.01594496,0,0,0,325.7930044920333,0.51708984375,0.4721001386642456,135.72232627868652,0,0,0,0,0
407552,398,-122.41576543092258,561.4,0.0034200186375528572,39.42243185043335,8.719033861160279,0.007411572660215815,0.0002,0.01593472,0.7,0.2,0.0,257.04414316420457,0.0591796875,0.6948239803314209,139.803466129303,0.45909053733545296,1.4712599547671563,0.0,0,0.024815323291288223
408576,399,0,0,0.0008124790620058775,45.31643657684326,8.51311411857605,0.005118055458309634,0.0002,0.01592448,0,0,0,284.64693510457755,0.03642578125,0.6333519220352173,198.89171619415282,0,0,0,0,0
409600,400,-125.3016995298977,557.9,-0.0008997062221169471,4.3349172353744505,8.578285074234008,0.0058581852397914915,0.0002,0.01591424,0.8,0.1,0.0,239.15920094492827,0.05849609375,0.9447476863861084,57.857908153533934,0.5143663206414735,1.4973267805500416,0.0,0,0.02528454949662274
410624,401,0,0,-0.0006510356906801462,1.9210218787193298,8.554483366012573,0.003232778038019535,0.0002,0.015904,0,0,0,279.62008462234076,0.03125,0.9652293920516968,48.989135360717775,0,0,0,0,0
411648,402,-123.09476650987435,517.8,-0.000935649499297142,32.47552309036255,8.5941650390625,0.0027609156104688505,0.0002,0.01589376,1.0,0.0,0.0,287.56586503584225,0.02607421875,0.6573930978775024,96.19989538192749,0.45873886411472975,1.3153831783340482,0.0,0,0.030534956388752848
412672,403,0,0,-0.0006820959970355034,39.35085306167603,8.619927644729614,0.0010943050834748337,0.0002,0.015883519999999998,0,0,0,309.108536858325,0.00546875,0.7139616012573242,95.94843711853028,0,0,0,0,0
413696,404,-145.27839428538354,711.3,-0.0017382546095177532,51.31551876068115,8.697962379455566,0.012633106072927692,0.0002,0.01587328,0.8,0.2,0.0,267.72329530179127,0.13310546875,0.8027565479278564,34.67993812561035,0.43632142802204876,1.4300393296007798,0.0,0,0.0309354298746841
414720,405,0,0,-0.0033313678577542305,0.8098563760519027,8.843099403381348,0.007832499023075302,0.0002,0.015863040000000002,0,0,0,311.0524847670029,0.0705078125,0.7340050935745239,12.311845922470093,0,0,0,0,0
415744,406,-51.6479526662266,770.7,-0.001669492805376649,38.292621803283694,8.953354740142823,0.014604741489183337,0.0002,0.0158528,0.7,0.0,0.0,246.1120332280707,0.0869140625,0.8445382118225098,64.23319582939148,0.39607270858724614,0.8388117691289952,0.0,0,0.05089159428091879
416768,407,0,0,0.0002144248690456152,56.372826957702635,8.949664688110351,0.0004420378940439118,0.0002,0.01584256,0,0,0,275.64772709550505,0.00146484375,0.786027193069458,290.4251237869263,0,0,0,0,0
417792,408,-120.1876438800492,786.1,-0.00037041190080344677,61.339318084716794,8.955654335021972,0.0005116712730065754,0.0002,0.01583232,1.0,0.0,0.0,208.38674467781297,0.0015625,0.6773985624313354,489.37757987976073,0.37764631856769376,1.2744753408275697,0.0,0,0.04746849049672823
418816,409,0,0,-5.0853891298174855e-05,31.674710941314697,9.014661026000976,0.0008918723104369919,0.0002,0.015822080000000002,0,0,0,279.85008626224686,0.00458984375,0.8807822465896606,74.49854764938354,0,0,0,0,0
419840,410,-106.30692606345137,810.3,-0.0008321966626681388,40.973089408874515,9.00221381187439,0.0021140206305261698,0.0002,0.01581184,0.9,0.0,0.0,286.0618353840471,0.0150390625,0.8910111784934998,163.89881973266603,0.3813813115017467,1.0839463525406017,0.0,0,0.04511597547483116
420864,411,0,0,-0.0019310629460960627,24.816219425201417,9.030692291259765,0.00402342755152949,0.0002,0.0158016,0,0,0,365.95766020823874,0.0447265625,0.9199812412261963,51.393142223358154,0,0,0,0,0
421888,412,-157.67949475631494,788.8,-0.00048126881010830403,40.05683965682984,9.002286529541015,0.006603316564018602,0.0002,0.01579136,0.9,0.0,0.0,252.1843941706737,0.05517578125,0.8389775156974792,241.92468185424804,0.4051523068860994,1.223786518905156,0.0,0,0.054028489311027196
422912,413,0,0,0.00028137066401541234,63.575009155273435,9.03243088722229,0.000495157331593199,0.0002,0.015781120000000003,0,0,0,271.9411857966981,0.003125,0.8792406916618347,76.72929449081421,0,0,0,0,0
423936,414,-114.39528769482229,766.1,-0.0011745893396437168,30.912128925323486,8.987714433670044,0.004376151580813325,0.0002,0.01577088,0.9,0.0,0.0,223.7067345406922,0.0421875,0.8652791976928711,132.86167030334474,0.4092601801581643,1.191446963102809,0.0,0,0.0684114940198594
424960,415,0,0,-0.000841010850854218,15.559248781204223,9.000184774398804,0.001632288784978919,0.0002,0.01576064,0,0,0,299.33535865388245,0.016015625,0.932704746723175,115.50075759887696,0,0,0,0,0
425984,416,-93.29090520267012,685.1,-0.0009432539343833923,72.30068817138672,9.003565740585326,0.0007804718020366419,0.0002,0.0157504,0.9,0.0,0.0,336.53306993445506,0.00478515625,0.7586909532546997,598.1340627670288,0.44080324782179725,1.0640133539954717,0.0,0,0.06344136251704231
427008,417,0,0,0.0005683023482561111,25.07941178714528,9.119130751665901,0.026372224793937606,0.0002,0.01574016,0,0,0,281.92888983763004,0.2485064338235294,0.9192477464675903,70.62052564059987,0,0,0,0,0
428032,418,-99.3329915412967,924.4,-0.000719749741256237,8.97513015270233,9.23341679573059,0.0025378497543176335,0.0002,0.01572992,0.6,0.0,0.0,311.2302810021416,0.01865234375,0.9374524354934692,84.17193698883057,0.3869394844973275,0.894933474757949,0.0,0,0.06448196733368503
429056,419,0,0,2.425168640911579e-05,40.96432647705078,9.29531683921814,0.005163564396963772,0.0002,0.01571968,0,0,0,303.079423008596,0.04013671875,0.9005920886993408,90.59648880958557,0,0,0,0,0
430080,420,-19.590762599158136,926.8,-0.0012544434051960708,5.478937792778015,9.365681648254395,0.004082077469885093,0.0002,0.01570944,0.3,0.0,0.0,226.16463541719872,0.0376953125,0.8755769729614258,90.3563024520874,0.3691036376890599,0.8959806032801639,0.0,0,0.07604638047322387
431104,421,0,0,-0.0030850027687847614,14.842493057250977,9.40128436088562,0.013079985389798399,0.0002,0.0156992,0,0,0,283.30369424234124,0.09873046875,0.7720173597335815,81.7523087501526,0,0,0,0,0
432128,422,-139.01679323967537,885.1,-0.0005907780025154353,36.17122831344604,9.423719596862792,0.0014074306575079909,0.0002,0.015688960000000002,0.5,0.0,0.0,299.7321369452017,0.008984375,0.8032039403915405,100.8544267654419,0.36135767646522726,0.9441198683791893,0.0,0,0.08163014113699539
433152,423,0,0,-0.002075444906949997,0.6078120678663254,9.440603399276734,0.005382647803361973,0.0002,0.01567872,0,0,0,318.4999683722303,0.05224609375,0.902260959148407,16.436145639419557,0,0,0,0,0
434176,424,-57.12925611235761,792.9,-0.00273075788281858,1.735598772764206,9.495763349533082,0.007323463555551424,0.0002,0.01566848,0.4,0.0,0.0,374.42544836154275,0.05576171875,0.8923133611679077,22.006740355491637,0.34595163069664914,0.5198774334327171,0.0,0,0.06701518646749745
435200,425,0,0,0.0003802906721830368,0.33400265480342667,9.479665354678506,0.01782319903081963,0.0002,0.01565824,0,0,0,402.7256242716659,0.12561677631578946,0.8656376600265503,17.537532611897117,0,0,0,0,0
436224,426,-68.6063728393615,804.6,0.022321815059209865,132.05379104614258,9.91203490893046,0.076800892207189,0.0002,0.015648000000000002,0.5,0.0,0.0,306.03841520344866,0.5188802083333334,-0.07852756977081299,149.81340154012045,0.3332708973752637,0.5412428622653529,0.0,0,0.061500637643143966
437248,427,0,0,0.0003618369111791253,121.2867359161377,10.058641004562379,0.007188682944268887,0.0002,0.01563776,0,0,0,285.4134157421284,0.0412109375,-0.08204495906829834,76.44422616958619,0,0,0,0,0
438272,428,-67.65457067583186,960.3,-0.0010305422823876143,66.65408325195312,10.119480895996094,0.006286632693835781,0.0002,0.01562752,0.3,0.0,0.0,251.3224545478856,0.05654296875,0.08201432228088379,56.54775800704956,0.3213587395757126,0.32454594653783936,0.0,0,0.0628192243911503
439296,429,0,0,0.0002959346864372492,292.34190673828124,10.202318859100341,0.0013303084861246539,0.0002,0.01561728,0,0,0,282.40181422356005,0.0107421875,0.01978588104248047,252.66334698200225,0,0,0,0,0
440320,430,-224.5449924526278,944.8,0.0021195496432483197,85.82445411682129,10.191958570480347,0.012070987687936264,0.0002,0.015607039999999999,0.4,0.0,0.0,292.4784654535698,0.101953125,-0.003571748733520508,9.658405047655105,0.3134372158075145,0.6899482181793146,0.0,0,0.06405746282909089
441344,431,0,0,0.006123476196080446,15.934250783920287,10.314177656173706,0.016635173978302296,0.0002,0.015596800000000001,0,0,0,314.42394758867937,0.11767578125,-0.00010991096496582031,57.30036602020264,0,0,0,0,0
442368,432,27.80153571243062,1000.0,-0.0007427895208820701,11.299856853485107,10.255022192001343,0.003501384613647307,0.0002,0.01558656,0.0,0.0,0.0,310.17534508262895,0.02666015625,-0.00016498565673828125,46.654029083251956,0.3078287767274032,0.36649810930566756,0.0,0,0.07048634329834273
443392,433,0,0,-0.0036126264836639165,8.378088450431823,10.1362220287323,0.011912840766787803,0.0002,0.015576320000000001,0,0,0,344.4655470876359,0.087890625,-0.0008307695388793945,38.96386976242066,0,0,0,0,0
444416,434,-209.9213401937819,997.0,-0.0009322103578597307,87.69908599853515,10.151941299438477,0.003344781437791866,0.0002,0.01556608,0.3,0.0,0.0,354.20897449494527,0.03447265625,6.556510925292969e-06,9.902300679683686,0.31050534373811783,0.5499386922250002,0.0,0,0.07394596644634946
445440,435,0,0,-0.0002119257114827633,8.984559917449952,10.073970413208007,0.003609859428273321,0.0002,0.015555840000000001,0,0,0,280.13974716265847,0.03388671875,0.0055217742919921875,44.55356454849243,0,0,0,0,0
446464,436,-95.35582927941623,894.9,-0.0004502268508076668,3.3982964903116226,10.217664003372192,0.00415672129204232,0.0002,0.0155456,0.2,0.0,0.0,277.72653692416975,0.0333984375,0.05156898498535156,20.475060248374938,0.2965726844908669,0.7236376164960594,0.0,0,0.05383777008060464
447488,437,0,0,0.002436192356981337,3.1186090052127837,10.283196258544923,0.008704700069592165,0.0002,0.01553536,0,0,0,349.65332329493657,0.07138671875,0.015855371952056885,24.74603388607502,0,0,0,0,0
448512,438,-66.07140881041349,994.2,0.00024414006620645523,135.6180274963379,10.531878900527953,0.0013945743310894265,0.0002,0.01552512,0.1,0.0,0.0,295.7659080747049,0.01162109375,0.019403159618377686,45.439030742645265,0.28878028572612047,0.34435909401364595,0.0,0,0.05929269415390872
449536,439,0,0,-0.002305019414052367,5.020151960849762,10.600666093826295,0.013209006013122693,0.0002,0.01551488,0,0,0,269.14647369688873,0.08408203125,-0.010489225387573242,34.2318078994751,0,0,0,0,0
450560,440,-171.23083566055067,987.3,-0.000609213043935597,165.2550537109375,10.645236587524414,0.0021860772844546792,0.0002,0.01550464,0.4,0.0,0.0,357.17693648963166,0.01865234375,0.0038666129112243652,63.662949562072754,0.2860799788068665,0.5530680236020197,0.0,0,0.05941358734689618
451584,441,0,0,-0.0010086899157613516,4.091658234596252,10.578378009796143,0.004334897343160104,0.0002,0.0154944,0,0,0,324.12124898489657,0.04140625,0.016248106956481934,29.895213222503664,0,0,0,0,0
452608,442,-40.21080609850888,998.0,0.0004887671209871769,2.121627849340439,10.654298782348633,0.0022832604438212554,0.0002,0.01548416,0.2,0.0,0.0,347.40659977265926,0.0201171875,-0.018515706062316895,17.892067927122117,0.28998019937876574,0.3866083058854276,0.0,0,0.0671515922003938
453632,443,0,0,0.0031650662422180176,1.6499573932244227,10.643357790433443,0.05116414121141807,0.0002,0.015473919999999999,0,0,0,272.85323985989913,0.3024338942307692,-0.044230103492736816,23.133196977468636,0,0,0,0,0
454656,444,-162.6726721451354,887.8,0.01726096705533564,0.9453382715582848,10.561169683933258,0.030804966620083585,0.0002,0.01546368,0.3,0.0,0.0,350.2330960482642,0.229248046875,0.07537698745727539,27.32202696800232,0.316060831612172,0.6252512112651988,0.0,0,0.06521961925111605
455680,445,0,0,-0.0004666240161491765,0.5986400867501894,10.438889821370443,0.026045994496830635,0.0002,0.01545344,0,0,0,264.38227740073864,0.2041015625,0.16033285856246948,16.951393153932358,0,0,0,0,0
456704,446,-39.4896952310227,948.4,-0.006927563601897823,0.3300204310152266,10.382190863291422,0.029276048557644034,0.0002,0.0154432,0.2,0.0,0.0,266.93116541729086,0.17578125,0.4562807083129883,9.016817874378628,0.31483506812887047,0.723781419168877,0.0,0,0.06548202568003202
457728,447,0,0,0.006336306175217033,39.25297651290894,10.392057418823242,0.02154051818653837,0.0002,0.015432959999999999,0,0,0,263.07055943008254,0.171484375,0.09763914346694946,155.932687664032,0,0,0,0,0
458752,448,-4.447399168186084,971.8,-0.00025892124976962806,0.3164447668939829,10.531102800369263,0.0009818879938587877,0.0002,0.015422720000000001,0.1,0.0,0.0,256.6744866426357,0.00478515625,0.7421051263809204,11.064921122789382,0.289591062503587,0.590709357909057,0.0,0,0.05883961106916162
459776,449,0,0,0.0041681586162132375,0.3532351763809429,10.497511975905475,0.018069871617447636,0.0002,0.01541248,0,0,0,212.12013271956477,0.0876608455882353,0.7516303658485413,9.199653246823479,0,0,0,0,0
460800,450,-40.215420500641535,965.4,0.009790621158715925,0.2072703152110702,10.521179249412135,0.026625781810231786,0.0002,0.01540224,0.2,0.0,0.0,287.0084163937783,0.18102384868421054,0.08342689275741577,9.216885453776309,0.32306609259381586,0.5859242356277109,0.0,0,0.07351267895306032
461824,451,0,0,-0.0003310513449832797,0.16460758112370968,10.414341735839844,0.008015628848148548,0.0002,0.015392,0,0,0,205.4588706956876,0.06728515625,0.7872305512428284,5.752156618237495,0,0,0,0,0
462848,452,-48.479008869631976,988.4,0.03398401220329106,69.94868850708008,10.84381135304769,0.10075379108704292,0.0002,0.015381760000000001,0.1,0.0,0.0,397.5231477779259,0.5851236979166666,0.02052682638168335,30.85931893189748,0.33255838197003784,0.43368122883952065,0.0,0,0.07317304447367684
463872,453,0,0,0.007965098573442768,0.7824756608289831,10.58468801835004,0.03250451183277344,0.0002,0.01537152,0,0,0,279.05605021513793,0.24482996323529413,0.5784659385681152,9.179585814476013,0,0,0,0,0
464896,454,-51.76284399780563,980.4,-0.0017491454258561135,0.25693162679672243,10.515741062164306,0.014673837902976761,0.0002,0.01536128,0.1,0.0,0.0,245.91532936186118,0.0732421875,0.4790450930595398,6.550195026397705,0.3394364129227227,0.5855476748885111,0.0,0,0.07722175469731275
465920,455,0,0,0.00030315532349050044,3.6975871443748476,10.671007013320922,0.005970069504134923,0.0002,0.01535104,0,0,0,231.3937181972638,0.0552734375,0.5118817090988159,13.343440222740174,0,0,0,0,0
466944,456,-19.312719174660753,986.3,-0.002866269971587156,0.09758950064056798,10.633969156365646,0.013949804875782235,0.0002,0.0153408,0.1,0.0,0.0,287.4592774189213,0.0854235197368421,0.474682092666626,3.1254430507358753,0.3409517692771447,0.4258556103270853,0.0,0,0.08069822934505155
467968,457,0,0,0.005246753734536469,59.94524993896484,10.76185908317566,0.019719039369405954,0.0002,0.01533056,0,0,0,365.2722907518135,0.171484375,0.07054829597473145,219.66062860488893,0,0,0,0,0
468992,458,-14.872405257940136,1000.0,0.0002777001820504665,190.79681320190429,10.785444736480713,0.0013010144090210396,0.0002,0.01532032,0.2,0.0,0.0,342.0196061942731,0.009375,0.011968910694122314,100.45930976867676,0.34481783002587535,0.7016968157281922,0.0,0,0.08409689402353127
470016,459,0,0,-0.0008276910055428743,2.280815936625004,10.789302635192872,0.0033475711151111478,0.0002,0.01531008,0,0,0,374.058492916872,0.02353515625,0.3046002984046936,29.023559272289276,0,0,0,0,0
471040,460,-13.404691783525516,857.8,-0.00028232545591890814,51.2005111694336,10.702086305618286,0.0006265357213321998,0.0002,0.01529984,0.3,0.0,0.0,273.1940003214745,0.00263671875,0.005601942539215088,21.027993297576906,0.3495495067148712,0.744566189159745,0.0,0,0.06268021204423715
472064,461,0,0,-0.0009417077526450157,0.5340050086379051,10.692665672302246,0.002561872579852498,0.0002,0.0152896,0,0,0,344.65699715204426,0.0189453125,0.09991711378097534,9.069185119867324,0,0,0,0,0
473088,462,-119.98607342296482,937.4,0.004550331830978393,254.75231018066407,10.84677677154541,0.007446864250257423,0.0002,0.015279359999999999,0.3,0.0,0.0,359.3008425857142,0.05947265625,0.06485384702682495,129.437473487854,0.34673972328067654,0.5292552902479124,0.0,0,0.079571130211094
474112,463,0,0,-0.00029852609150111676,71.19594554901123,10.875812911987305,0.003275654255436855,0.0002,0.01526912,0,0,0,331.52622218709246,0.02880859375,-0.034754276275634766,8.681199502944946,0,0,0,0,0
475136,464,-96.47242108734687,970.4,0.0013937792740762235,4.154644548892975,10.94448709487915,0.005262336210605056,0.0002,0.015258879999999999,0.1,0.0,0.0,312.54100874888627,0.04638671875,0.00018662214279174805,29.32597150802612,0.33486193435397693,0.6161281117363704,0.0,0,0.07013740020684514
476160,465,0,0,0.001043662941083312,74.035479927063,10.887283229827881,0.002469933254930279,0.0002,0.01524864,0,0,0,318.6670885915349,0.0169921875,0.18311071395874023,325.8134143829346,0,0,0,0,0
477184,466,-27.87615646340809,978.2,-9.837839752435684e-05,2.623023936152458,10.909315252304078,0.0021418960566855993,0.0002,0.0152384,0.2,0.0,0.0,308.97527092733503,0.0234375,0.018556594848632812,21.602361345291136,0.3416605311800099,0.7566223085913121,0.0,0,0.07719127837943728
478208,467,0,0,0.0001975188497453928,0.9282534897327424,10.98558497428894,0.004145503891625513,0.0002,0.015228160000000001,0,0,0,366.70295553733365,0.03994140625,0.015199244022369385,10.052935349941254,0,0,0,0,0
479232,468,-229.90264369845278,863.8,-0.0016079260734841228,1.4780672088265419,11.043283796310424,0.006340362368091057,0.0002,0.01521792,0.5,0.0,0.0,343.5921061052502,0.05771484375,0.035914063453674316,17.041179060935974,0.3371707946851983,0.6939319114497611,0.0,0,0.06617044672645586
480256,469,0,0,-0.0009210696909576655,142.6735866546631,11.075467300415038,0.00218371995491502,0.0002,0.01520768,0,0,0,313.1068849338381,0.0162109375,-0.03450942039489746,69.13583984375,0,0,0,0,0
481280,470,-104.00195231233128,903.4,-0.0012220951728522777,249.23264846801757,11.155620670318603,0.0023749837539361884,0.0002,0.01519744,0.3,0.0,0.0,306.3435127647431,0.02158203125,-0.000732421875,108.04314651489258,0.3318587909897538,0.8820271658100947,0.0,0,0.07184363721626033
482304,471,0,0,-0.0006304075475782156,53.564744758605954,11.276678419113159,0.006370769365491835,0.0002,0.015187200000000001,0,0,0,308.41400720092946,0.05732421875,0.005616128444671631,213.43799037933348,0,0,0,0,0
483328,472,-138.52131038658928,890.4,-0.0014949757605791092,1.9532075747847557,11.223802375793458,0.0032360450327582058,0.0002,0.01517696,0.3,0.0,0.0,323.9219253975352,0.0271484375,-0.12928462028503418,19.048386406898498,0.3186089251874711,0.5772545073177427,0.0,0,0.061726833806672286
484352,473,0,0,-0.0007999499794095755,7.8468077182769775,11.26348967552185,0.007338126187124061,0.0002,0.015166720000000002,0,0,0,264.5016225558355,0.0681640625,-0.00011205673217773438,5.541047072410583,0,0,0,0,0
485376,474,5.271387039434997,1000.0,-0.0006905533839017153,1.5962573796510697,11.272617053985595,0.005816916373466441,0.0002,0.01515648,0.1,0.0,0.0,327.88262521852647,0.05224609375,-0.004015922546386719,18.473419380187988,0.32622235647769776,0.6662445984369444,0.0,0,0.066314628005612
486400,475,0,0,-0.0021252880338579415,0.579499451816082,11.376928853988648,0.005747324688165456,0.0002,0.01514624,0,0,0,267.2090832120307,0.0560546875,-0.0024148225784301758,8.703303593397141,0,0,0,0,0
487424,476,-47.4473705473765,949.7,-0.005993642704561352,0.7202753365039826,11.311273288726806,0.019080401037376758,0.0002,0.015136,0.2,0.0,0.0,269.2616517205982,0.12177734375,-0.0008171796798706055,11.078848898410797,0.3163520284375797,0.4163717598743272,0.0,0,0.07102179127059044
488448,477,0,0,0.0007209538482129574,0.19680207930505275,11.322731542587281,0.004635779070698565,0.0002,0.01512576,0,0,0,264.88363138673526,0.03837890625,0.0017396211624145508,5.0808693170547485,0,0,0,0,0
489472,478,-83.43969748072934,967.7,0.004878109740093351,100.24791870117187,11.457097959518432,0.023730808572182394,0.0002,0.01511552,0.2,0.0,0.0,323.70771962492427,0.17861328125,0.00029277801513671875,52.21861667633057,0.3182434808798826,0.6132622524469369,0.0,0,0.060014943830966075
490496,479,0,0,-0.001964399148710072,0.6976373478770256,11.360768270492553,0.00634894297403168,0.0002,0.015105279999999999,0,0,0,305.86935326690894,0.0455078125,-0.0010398626327514648,12.516781997680663,0,0,0,0,0
491520,480,-151.9450882548852,924.9,0.0005168344359844923,109.7639347076416,11.387794494628906,0.00173093917258349,0.0002,0.01509504,0.5,0.0,0.0,259.1320486037684,0.01162109375,0.0004799365997314453,46.66251640319824,0.3397005678375011,0.4496416394403366,0.0,0,0.06760079981018882
492544,481,0,0,-3.4969067201018333e-05,0.7999473974108696,11.501230955123901,0.0015913436316887797,0.0002,0.015084799999999999,0,0,0,345.9627169371909,0.012890625,-0.011526942253112793,13.288607811927795,0,0,0,0,0
493568,482,-129.70427000822218,765.3,-0.0005111614009365439,127.93163223266602,11.46536045074463,0.0008741496630976009,0.0002,0.01507456,0.5,0.0,0.0,292.6944673782206,0.0060546875,-5.054473876953125e-05,60.99015922546387,0.3388282285837729,0.5489099749720275,0.0,0,0.05822951334067109
494592,483,0,0,-0.0014672179706394673,0.9456507235765457,11.497216749191285,0.0028531643784191372,0.0002,0.015064319999999999,0,0,0,204.49989353544964,0.0255859375,0.0007591843605041504,14.608556509017944,0,0,0,0,0
495616,484,-175.95657993641126,786.1,-0.001286474708467722,0.2402270410209894,11.50021252632141,0.0042373989956378645,0.0002,0.015054080000000001,0.5,0.0,0.0,177.02634349282684,0.04189453125,0.020439863204956055,5.100951531529427,0.33352956239903286,0.6216140270076872,0.0,0,0.059965955262926265
496640,485,0,0,-0.000251909252256155,0.18137218803167343,11.496817064285278,0.0023733652888341616,0.0002,0.01504384,0,0,0,292.1155273677606,0.01982421875,-0.07163095474243164,4.283776986598968,0,0,0,0,0
497664,486,25.945137152551563,1000.0,0.0014326137024909258,200.8906494140625,11.3950665473938,0.008804830018223964,0.0002,0.0150336,0.0,0.0,0.0,256.0864549685086,0.06689453125,0.0025840401649475098,92.42117538452149,0.3453881965789546,0.5226848365270399,0.0,0,0.08084269559930359
498688,487,0,0,-0.0003918698988854885,143.8849899291992,11.370643854141235,0.0008533332752649336,0.0002,0.01502336,0,0,0,218.40955322015174,0.00380859375,0.0004119873046875,70.5145673751831,0,0,0,0,0
499712,488,-88.31581812457962,916.9,-0.0012696738354861735,93.17131690979004,11.30752968788147,0.0016882646587196958,0.0002,0.01501312,0.3,0.0,0.0,334.52008744164647,0.0099609375,0.0005388855934143066,27.240334701538085,0.37317208526130957,0.5613956827293254,0.0,0,0.0748000205470997
500736,489,0,0,8.387763518840075e-05,121.41501350402832,11.30491919517517,0.0008985477561763488,0.0002,0.01500288,0,0,0,248.5972983663763,0.0048828125,0.0016030669212341309,41.944839286804196,0,0,0,0,0
501760,490,-140.0040677225006,952.2,-0.001548310136422515,2.1244831323623656,11.453000211715699,0.008871511025826085,0.0002,0.01499264,0.4,0.0,0.0,258.73091226021575,0.0759765625,0.053604185581207275,22.203931760787963,0.3453015677219497,0.644966131012423,0.0,0,0.08464766748477606
502784,491,0,0,8.032424375414848e-05,286.925740814209,11.382712745666504,0.002998088426492984,0.0002,0.0149824,0,0,0,274.4094702208512,0.02412109375,0.002716958522796631,134.7884033203125,0,0,0,0,0
503808,492,-127.75765896017613,920.1,-0.004852649988606572,2.4097788512706755,11.316208171844483,0.01328588462390492,0.0002,0.01497216,0.3,0.0,0.0,317.953093159337,0.09521484375,0.06250834465026855,23.43896951675415,0.37088460581229526,0.6681746158518515,0.0,0,0.0717863190711962
504832,493,0,0,-0.0015236354898661374,1.3824597895145416,11.28545913696289,0.004224823441496195,0.0002,0.01496192,0,0,0,337.39490469326563,0.03486328125,0.0022516250610351562,16.55083312988281,0,0,0,0,0
505856,494,-51.968049876095634,849.8,0.0007742388639599085,0.3497001901268959,11.2968017578125,0.00240338033893881,0.0002,0.01495168,0.3,0.0,0.0,258.574133467532,0.018359375,0.02279973030090332,6.491125309467316,0.37127381858929603,0.5911752622833207,0.0,0,0.07110043534714418
506880,495,0,0,-0.0013701595598831773,0.3678849544376135,11.197357559204102,0.00488154098860889,0.0002,0.01494144,0,0,0,292.4762745797707,0.04462890625,-0.0026301145553588867,8.012473368644715,0,0,0,0,0
507904,496,-156.72589862393414,862.5,-0.0026891517452895643,0.26854928508400916,11.204247093200683,0.004054554583882553,0.0002,0.0149312,0.5,0.0,0.0,248.98713326727636,0.03955078125,-0.15219330787658691,4.0991977721452715,0.38206340947377604,0.7705120293241605,0.0,0,0.07658033596855054
508928,497,0,0,-0.00292701106518507,0.3686329614371061,11.15251784324646,0.010310471526491848,0.0002,0.01492096,0,0,0,367.8342155569451,0.06474609375,-0.02290034294128418,7.789649099111557,0,0,0,0,0
509952,498,2.8934774104880416,937.9,-0.0034481930546462537,0.21570271551609038,11.067523956298828,0.005833969275802176,0.0002,0.014910719999999999,0.3,0.0,0.0,370.0217626144567,0.04794921875,0.006245434284210205,4.0811146080493925,0.4507812407710321,0.5550299302834436,0.0,0,0.09522426130961517
510976,499,0,0,-0.0032923774793744086,0.2129984274506569,11.035114526748657,0.008916263171726868,0.0002,0.01490048,0,0,0,337.5775920340199,0.07587890625,0.010414838790893555,3.864269655942917,0,0,0,0,0
512000,500,-68.01842478800666,700.6,0.0038705680053681135,99.69238967895508,10.88760347366333,0.02107391565807548,0.0002,0.014890239999999999,0.7,0.0,0.0,260.05909871367555,0.18037109375,0.0005106329917907715,53.04619541168213,0.4801343887419707,0.7205136856306553,0.0,0,0.09532928665980374
513024,501,0,0,-0.00024473897647112606,76.36644306182862,11.02506718635559,0.004851387593248724,0.0002,0.014879999999999999,0,0,0,235.10560679412754,0.04462890625,0.012492656707763672,355.1895809173584,0,0,0,0,0
514048,502,-110.14380348400191,651.1,8.338922634720802e-05,35.62215623855591,11.05334930419922,0.00020941380082595273,0.0002,0.01486976,0.9,0.0,0.0,303.06417473338615,0.0,0.6709058284759521,262.82347106933594,0.5061656593799617,1.1211315953813832,0.0,0,0.07150332606727819
515072,503,0,0,-0.0029032658319920303,0.38289336264133456,10.981941890716552,0.004982693184158471,0.0002,0.014859520000000001,0,0,0,222.56303134089626,0.0361328125,0.29540741443634033,5.209400480985641,0,0,0,0,0
516096,504,-111.04383890612594,648.2,0.002470895880833268,1.7579328328371049,11.06134295463562,0.009583072848930474,0.0002,0.01484928,0.8,0.0,0.0,355.1704273671359,0.07578125,0.8452370166778564,67.71348638534546,0.5009243122385015,0.8901464112484414,0.0,0,0.07890342876705271
517120,505,0,0,-0.00020801661303266884,103.4601318359375,11.056960201263427,0.000460823880010075,0.0002,0.014839040000000001,0,0,0,214.61524969137892,0.00078125,-0.10419368743896484,54.465739250183105,0,0,0,0,0
518144,506,-118.08159885289224,511.8,-0.0007851461647078395,265.77026824951173,11.009384918212891,0.0021203972392176418,0.0002,0.0148288,0.9,0.0,0.0,255.4888157506515,0.019921875,-0.00626826286315918,125.28730697631836,0.5647938761768422,0.6436433400601069,0.0,0,0.06354108001306248
519168,507,0,0,-2.856985665857792e-05,34.151739501953124,11.07615556716919,0.00781149411388018,0.0002,0.01481856,0,0,0,333.1880298709416,0.0578125,-0.021419167518615723,5.705903685092926,0,0,0,0,0
520192,508,-55.00956023893839,839.1,0.010958380605045118,73.43819638302452,11.2667370846397,0.028655241507035356,0.0002,0.01480832,0.6,0.0,0.0,342.19525913740006,0.26644736842105265,0.039035797119140625,590.5768870303506,0.4889904859618269,0.77879740496127,0.0,0,0.11145482392739006
521216,509,0,0,0.00017486999277025462,57.80081043243408,11.331864356994629,3.7457152906394954e-05,0.0002,0.014798080000000002,0,0,0,226.52961508290494,0.0,0.830304741859436,252.9287534713745,0,0,0,0,0
522240,510,-91.49821651856102,832.9,-0.0022297191433608534,1.0451924458146096,11.245362186431885,0.005609038293581126,0.0002,0.01478784,0.6,0.0,0.0,381.627206468466,0.04111328125,0.25977230072021484,13.765996170043945,0.49916301967054,0.7654219509446856,0.0,0,0.0965043165062891
523264,511,0,0,-0.00019716676324605943,0.49453466981649397,11.28513126373291,0.001789561790448335,0.0002,0.014777599999999998,0,0,0,325.277076152601,0.01318359375,0.32178837060928345,5.503254449367523,0,0,0,0,0
524288,512,-84.01804106186242,739.5,-0.00274863310623914,43.992292976379396,11.195311021804809,0.0107446684233107,0.0002,0.01476736,0.5,0.0,0.0,310.54258500363613,0.08349609375,-0.0032438039779663086,13.980457282066345,0.5416609452501008,0.8525791408571189,0.0,0,0.08133080848441039
525312,513,0,0,-0.0002322840504348278,64.89466762542725,11.254725551605224,0.0034406043771245008,0.0002,0.01475712,0,0,0,245.52858997830987,0.028125,0.0056571364402771,11.870197510719299,0,0,0,0,0
526336,514,-74.71363582480272,737.6,0.0013868840876966714,155.95181884765626,11.325608348846435,0.009869720565644436,0.0002,0.01474688,0.7,0.0,0.0,326.99914263902576,0.08046875,0.020647168159484863,63.989192199707034,0.488122352706606,0.7552022929282383,0.0,0,0.09043212598972897
527360,515,0,0,-0.0005616401089355349,1.3410862773656844,11.292280578613282,0.001609175458032386,0.0002,0.014736639999999999,0,0,0,312.72481470276534,0.00966796875,-0.49148619174957275,15.491648709774017,0,0,0,0,0
528384,516,-181.28896446435553,730.1,0.0002948752138763666,0.8089531935751438,11.371375560760498,0.0023226974430466283,0.0002,0.0147264,0.6,0.0,0.0,339.71020213266866,0.02255859375,0.13828623294830322,10.469512891769408,0.4909529308624013,0.951957641112906,0.0,0,0.10174187798847986
529408,517,0,0,0.0043387827696278695,68.55862579345703,11.502173805236817,0.012590472871708159,0.0002,0.01471616,0,0,0,241.5648672131155,0.0857421875,0.046952664852142334,524.628337097168,0,0,0,0,0
530432,518,-106.84319080001578,810.3,-0.0005822015926241874,34.41627235412598,11.523477554321289,0.0005108202324264788,0.0002,0.01470592,0.8,0.0,0.0,333.7704085062289,0.0015625,0.6383545398712158,243.5163475036621,0.46928621512434165,1.0153409628880428,0.0,0,0.10159573873661772
531456,519,0,0,-0.0010851698461920023,258.86787033081055,11.545114183425904,0.0010845317579644131,0.0002,0.01469568,0,0,0,311.25231681828285,0.00791015625,0.3051524758338928,176.10286903381348,0,0,0,0,0
532480,520,-83.25266279099085,793.3,-0.0050858448725193735,1.7430885672569274,11.460334920883179,0.019995029741796077,0.0002,0.014685440000000001,0.6,0.0,0.0,201.58718122933539,0.09384765625,0.16967540979385376,19.804925155639648,0.4583934485575334,0.7790413932590938,0.0,0,0.08589095803092198
533504,521,0,0,-0.00036034737713634967,91.02719001770019,11.496626710891723,0.004671024449661054,0.0002,0.0146752,0,0,0,347.02440234388285,0.04765625,0.002110123634338379,41.85505046844482,0,0,0,0,0
534528,522,-49.51979131406266,683.6,0.00040371841751039026,93.47897338867188,11.512735223770141,0.0004543771150908427,0.0002,0.014664960000000001,0.7,0.0,0.0,286.62515404133865,0.00078125,0.2896692752838135,225.90856914520265,0.45835461611049666,0.700493804165167,0.0,0,0.06491187857476363
535552,523,0,0,-0.0039017529373890475,4.9052643901423405,11.689802470960116,0.026507508189299145,0.0002,0.01465472,0,0,0,245.94336639879538,0.23478618421052633,0.4663214683532715,25.01722119983874,0,0,0,0,0
536576,524,-69.9353975590643,848.1,-0.0009487979114055634,0.7259346045553684,11.768172025680542,0.002465638521557345,0.0002,0.01464448,0.3,0.0,0.0,337.27784909485166,0.022265625,-0.05004894733428955,10.222266384959221,0.42664353814982603,0.6085678678581483,0.0,0,0.08606721764383171
537600,525,0,0,0.0001212251139804721,0.37292327396571634,11.729098176956176,0.007422961902956615,0.0002,0.01463424,0,0,0,337.77253681532414,0.05361328125,-0.052133798599243164,7.123939782381058,0,0,0,0,0
538624,526,-32.264803085346394,880.8,-0.005944205075502395,0.25417787209153175,11.622382640838623,0.01682803398001198,0.0002,0.014624,0.4,0.0,0.0,322.53952629960014,0.1052734375,0.09181326627731323,6.352943885326385,0.4644883196509314,0.4939637527710337,0.0,0,0.10066910388726227
539648,527,0,0,0.0003582656383514404,22.30459270477295,11.615666723251342,0.002614212453450371,0.0002,0.01461376,0,0,0,295.55722809112893,0.02607421875,0.010496079921722412,8.49657188653946,0,0,0,0,0
540672,528,-43.29064221539615,765.9,-0.0003403764218091965,0.14932630360126495,11.594682455062866,0.009929155709723237,0.0002,0.01460352,0.4,0.0,0.0,356.75837123902585,0.06572265625,0.22929567098617554,4.387442052364349,0.47136181995950055,0.6921524888762651,0.0,0,0.09877925933932187
541696,529,0,0,0.0011084575206041336,156.78815841674805,11.632216262817384,0.002849815436664116,0.0002,0.01459328,0,0,0,239.48665357760376,0.02607421875,-0.050902605056762695,70.88006706237793,0,0,0,0,0
542720,530,-44.38291346362373,800.3,0.00024064413737505673,27.001818561553954,11.67237286567688,0.0015094835245950122,0.0002,0.01458304,0.4,0.0,0.0,327.2271267639543,0.01416015625,0.46928995847702026,217.21708297729492,0.44198117596533937,0.7318988355343714,0.0,0,0.07794330708003053
543744,531,0,0,-0.0008782635442912579,2.3461550951004027,11.771059846878051,0.003458253228052399,0.0002,0.0145728,0,0,0,356.14668213878036,0.03515625,0.5649664402008057,28.116290163993835,0,0,0,0,0
544768,532,13.539924355469836,915.3,-0.0004919287282973527,49.16255512237549,11.750330352783203,0.0005760737628301094,0.0002,0.014562559999999999,0.1,0.0,0.0,215.8399754759697,0.0013671875,0.8362953066825867,317.4835207939148,0.4429118829406435,0.6719329327226531,0.0,0,0.09102512591293097
545792,533,0,0,-0.0011275932658463717,43.76125965118408,11.654525136947631,0.0019747599283028274,0.0002,0.01455232,0,0,0,276.2063134748807,0.0130859375,0.010382473468780518,12.495424056053162,0,0,0,0,0
546816,534,-116.68222088651206,696.4,0.00017729862593114377,0.4658145546913147,11.655947017669678,0.0031798819978924977,0.0002,0.014542079999999999,0.7,0.0,0.0,332.2431726022226,0.02587890625,0.44981276988983154,6.413344693183899,0.4977368316671633,0.8888356366192957,0.0,0,0.0742309268604376
547840,535,0,0,0.003400924125392186,69.99361178749486,11.460040192855033,0.028324353349381513,0.0002,0.01453184,0,0,0,256.8867585500878,0.16015625,0.05028176307678223,621.3731629221063,0,0,0,0,0
548864,536,-44.22899206408706,903.4,3.8135703653097154e-05,96.21816711425781,11.361502695083619,7.257338004533765e-05,0.0002,0.014521599999999999,0.7,0.0,0.0,206.62336584088052,0.0,0.003010690212249756,37.67025327682495,0.49008833092551446,0.9227508059152972,0.0,0,0.1037389714836933
549888,537,0,0,4.249773919582367e-05,279.8685028076172,11.39110188484192,0.0011872918250670494,0.0002,0.014511360000000001,0,0,0,276.47470095605615,0.00615234375,0.04555952548980713,134.31451530456542,0,0,0,0,0
550912,538,-84.90447426200568,734.4,-0.0001377661246806383,47.06326160430908,11.474218797683715,0.0002988718059311779,0.0002,0.01450112,0.7,0.0,0.0,311.24419680957413,0.0015625,0.1784672737121582,288.44970359802244,0.4679762569336354,0.8212338505694223,0.0,0,0.08436241935483245
551936,539,0,0,-0.0017763548530638218,0.5518441468477249,11.525327348709107,0.004639990413700357,0.0002,0.014490880000000001,0,0,0,246.56821483597605,0.03994140625,0.1325412392616272,8.168476146459579,0,0,0,0,0
552960,540,-1.48865446798323,926.3,-4.220530390739441e-05,67.37408351898193,11.559286832809448,0.0029619639186666546,0.0002,0.01448064,0.3,0.0,0.0,256.3522295711084,0.02119140625,0.02489525079727173,22.137126636505126,0.4332443652584379,0.7672211248429213,0.0,0,0.10022061553609836
553984,541,0,0,0.0002847089897841215,111.47896041870118,11.606611061096192,0.000987768479556106,0.0002,0.014470400000000001,0,0,0,234.5100712058807,0.0060546875,0.06435555219650269,33.822891330718996,0,0,0,0,0
555008,542,-119.16056292575254,739.4,-0.0011833919212222098,1.2907771855592727,11.616665458679199,0.003073680255900868,0.0002,0.01446016,0.7,0.0,0.0,324.415156670676,0.03212890625,0.3251221776008606,15.152686250209808,0.42146993938935734,0.7717451042440122,0.0,0,0.07029598291278658
556032,543,0,0,-0.0011378464289009572,70.58437976837158,11.821083164215088,0.015144363280005369,0.0002,0.014449920000000002,0,0,0,274.22723810397014,0.08388671875,0.2954498529434204,218.7663990020752,0,0,0,0,0
557056,544,-43.46470347876421,878.5,0.00011737211607396603,1.1268395453691482,11.90727686882019,0.0010385436559116278,0.0002,0.01443968,0.4,0.0,0.0,265.76457188342874,0.00947265625,0.738762378692627,20.548837316036224,0.40598595545067423,0.7539423586450411,0.0,0,0.08237218255406563
558080,545,0,0,0.00022565247491002083,92.63494834899902,11.812224531173706,0.00458732326227107,0.0002,0.01442944,0,0,0,289.84858154312514,0.033984375,0.05226612091064453,36.58322548866272,0,0,0,0,0
559104,546,-75.81850837863405,748.9,0.0010293822269886732,0.8506634667515754,11.87134246826172,0.005507843539258328,0.0002,0.0144192,0.5,0.0,0.0,351.289154807398,0.04404296875,-0.056723833084106445,13.12905610203743,0.4046402628368065,0.852059594416098,0.0,0,0.0793051611894943
560128,547,0,0,-0.002184127550572157,0.7417565211653709,11.669283199310303,0.007174126495401545,0.0002,0.014408959999999998,0,0,0,271.6199623915741,0.05048828125,0.25637102127075195,8.144898930191994,0,0,0,0,0
561152,548,-41.47601990080167,842.9,0.002276225481182337,98.33987464904786,11.761391735076904,0.01675543121530456,0.0002,0.01439872,0.5,0.0,0.0,302.26875690446565,0.11982421875,0.051656246185302734,39.0377742767334,0.4131184525373753,0.6196298878770432,0.0,0,0.09035569988512836
562176,549,0,0,-0.0022296747658401726,0.6148406475782394,11.66639428138733,0.005418368895002956,0.0002,0.01438848,0,0,0,348.4087976852176,0.0373046875,0.6679637432098389,16.66853250861168,0,0,0,0,0
563200,550,-113.450513528365,892.1,-0.0006660019978880882,0.25882979296147823,11.678144454956055,0.004805181990396257,0.0002,0.01437824,0.6,0.0,0.0,279.33447621785393,0.0388671875,0.5799844264984131,7.965596184134483,0.416143624868322,0.9059890546302581,0.0,0,0.07908711286993107
564224,551,0,0,-0.0011656459420919419,11.78761043548584,11.632525491714478,0.008617885090674359,0.0002,0.014367999999999999,0,0,0,279.1634092046109,0.06357421875,0.17216098308563232,26.710026454925536,0,0,0,0,0
565248,552,-34.35403124491678,941.0,0.0004303520079702139,68.35041446685791,11.546386957168579,0.002266267160330848,0.0002,0.01435776,0.4,0.0,0.0,357.2960573514868,0.02001953125,0.23824405670166016,327.04908561706543,0.42874097350032025,0.8287987388242064,0.0,0,0.08798174349899586
566272,553,0,0,-0.0005166921764612198,225.27505645751953,11.519653081893921,0.0005032247082065843,0.0002,0.014347519999999999,0,0,0,370.32945224537326,0.00234375,-0.09858214855194092,140.81733589172364,0,0,0,0,0
567296,554,-17.51763811031064,885.3,-9.72177367657423e-05,28.479021072387695,11.566797924041747,0.0007559926005588302,0.0002,0.01433728,0.5,0.0,0.0,272.13390889723723,0.00458984375,0.807173490524292,221.82490825653076,0.4162198745905976,0.6733282275518053,0.0,0,0.09074028016883337
568320,555,0,0,0.0001889572711661458,24.251325035095213,11.589127922058106,0.00018090033670778994,0.0002,0.01432704,0,0,0,228.8239799553995,9.765625e-05,0.6494916677474976,131.71805734634398,0,0,0,0,0
569344,556,-44.26817683840946,925.2,-0.0006605225149542093,80.02064094543456,11.553116369247437,0.0008864570388463555,0.0002,0.0143168,0.4,0.0,0.0,303.2960799583531,0.00517578125,0.7205482125282288,408.0826473236084,0.41619162816550226,0.7067330691050996,0.0,0,0.07919460180183222
570368,557,0,0,-0.0038083774503320455,0.9787176042795181,11.54594898223877,0.005483456540636755,0.0002,0.01430656,0,0,0,330.3728492525286,0.0595703125,-0.08448910713195801,12.892868369817734,0,0,0,0,0
571392,558,-81.53421150323139,831.6,0.0010236570611596107,0.987054032087326,11.612923955917358,0.00415067750875524,0.0002,0.01429632,0.7,0.0,0.0,281.33719282428143,0.03564453125,0.539684534072876,11.818809431791305,0.4427478770716827,0.8779389261172845,0.0,0,0.07492253883475841
572416,559,0,0,0.0030740439891815186,0.9662783667445183,11.539830875396728,0.008508171845482072,0.0002,0.01428608,0,0,0,351.8549694383574,0.05986328125,-0.5149631500244141,15.180203890800476,0,0,0,0,0
573440,560,-49.85785986693081,864.0,0.013866435603371688,69.2394962310791,11.514842442103795,0.04140667693826407,0.0002,0.01427584,0.7,0.0,0.0,350.04846891953434,0.26143973214285715,0.1422632336616516,335.30236107962475,0.4716649125779133,1.0103179810244727,0.0,0,0.0785369725331742
574464,561,0,0,0.0005870237713679671,2.8722368359565733,11.499233388900757,0.02059266292517492,0.0002,0.0142656,0,0,0,389.41247826708224,0.1466796875,-0.0331120491027832,13.706555092334748,0,0,0,0,0
575488,562,-80.51679893939497,793.1,-0.0005138281732797623,0.739049606025219,11.4673171043396,0.0031763757055443876,0.0002,0.01425536,0.6,0.0,0.0,248.65417701093287,0.0271484375,0.450439453125,9.034450113773346,0.4748918878206868,0.8022000248775871,0.0,0,0.07322647156960924
576512,563,0,0,0.0002625412307679653,2.026807129383087,11.537022352218628,0.0054808070577924365,0.0002,0.01424512,0,0,0,266.3884439502972,0.04169921875,0.40758711099624634,32.27334442138672,0,0,0,0,0
577536,564,-93.36327430379302,544.2,0.0074418623931705955,39.574606037139894,11.464441728591918,0.01998760733407119,0.0002,0.014234879999999998,0.8,0.0,0.0,335.7657155186701,0.11103515625,0.6004884839057922,327.17963275909426,0.5610180256346484,0.9423799313735713,0.0,0,0.08168322025421453
578560,565,0,0,-0.0013559846207499503,40.38810291290283,11.521608924865722,0.016026515839647804,0.0002,0.01422464,0,0,0,303.0073440509152,0.0822265625,0.0015677213668823242,17.96896333694458,0,0,0,0,0
579584,566,-81.41127612528071,738.8,-1.6702665016055106e-05,78.94879741668701,11.59193787574768,0.00014121561542221884,0.0002,0.0142144,0.7,0.0,0.0,379.10081157319297,9.765625e-05,0.1427134871482849,670.4454212188721,0.4819218503647266,0.8584350919939896,0.0,0,0.09420567657304932
580608,567,0,0,-0.00017092064954340457,55.37436294555664,11.629082298278808,0.0009737034334377448,0.0002,0.01420416,0,0,0,349.3432699950319,0.005859375,0.381478488445282,171.09689617156982,0,0,0,0,0
581632,568,-98.03682191568585,717.7,-0.0008086914080195129,0.2674867920577526,11.586806869506836,0.0031444256196479616,0.0002,0.014193919999999999,0.8,0.0,0.0,359.87477904609585,0.0220703125,-0.010428547859191895,7.278218227624893,0.47887488386955457,0.9235190495346162,0.0,0,0.06933151336189596
582656,569,0,0,0.005041890987195074,227.42269897460938,11.568077754974365,0.0035128717442027835,0.0002,0.01418368,0,0,0,270.80291664843435,0.03310546875,0.03970217704772949,138.61742992401122,0,0,0,0,0
583680,570,-106.17418675926574,661.9,-4.145214334130287e-05,92.54951095581055,11.628411388397216,0.004000913593359812,0.0002,0.01417344,0.9,0.0,0.0,296.1362234242434,0.04013671875,0.09431827068328857,33.23740892410278,0.4637750941814479,1.1272124781483077,0.0,0,0.06890180988904916
584704,571,0,0,-0.004977536597289145,2.5003716349601746,11.598320007324219,0.01414424600164459,0.0002,0.0141632,0,0,0,377.93538320475807,0.073046875,0.14386838674545288,24.037298706173896,0,0,0,0,0
585728,572,-87.40352626523261,678.9,0.01211232179775834,38.361977100372314,11.59784951210022,0.030071417015319478,0.0002,0.01415296,0.9,0.0,0.0,309.5780275916491,0.21533203125,0.7927717566490173,162.09453325271608,0.4838185156347653,0.9919966494660297,0.0,0,0.06549393060338497
586752,573,0,0,0.0001273889560252428,49.074416923522946,11.522518873214722,0.002612613586127832,0.0002,0.014142720000000001,0,0,0,272.58600382384907,0.01875,0.7761613130569458,54.087920331954955,0,0,0,0,0
587776,574,-78.35537289790263,836.8,-0.0002701281104236841,20.188575267791748,11.591883563995362,0.000679413263314732,0.0002,0.01413248,0.5,0.0,0.0,273.032729912632,0.00322265625,0.8884314298629761,42.04540457725525,0.471269057962064,0.8831349073394211,0.0,0,0.08600192574648172
588800,575,0,0,-0.0012983073014765979,45.922369956970215,11.617669820785522,0.0014556921805906954,0.0002,0.014122240000000001,0,0,0,364.6786079512938,0.01533203125,0.5710723996162415,627.4107769012451,0,0,0,0,0
589824,576,-122.98703088834861,685.0,-0.001243932405486703,14.594115686416625,11.654869270324706,0.0015966843473742998,0.0002,0.014112,0.8,0.0,0.0,339.59446150819673,0.0140625,0.9078145027160645,93.28385543823242,0.4595077591814178,1.2051842907335595,0.0,0,0.0709320256517309
590848,577,0,0,-0.0014712438452988863,0.4091621316969395,11.635473680496215,0.009235191665752752,0.0002,0.01410176,0,0,0,330.41694597176365,0.05830078125,-0.4795602560043335,10.962772983312608,0,0,0,0,0
591872,578,-31.218947596662833,828.7,0.0026564513798803093,49.407654762268066,11.749576807022095,0.020218632562345108,0.0002,0.01409152,0.5,0.0,0.0,293.64705624959873,0.2123046875,0.8670850992202759,180.9579698562622,0.4748909732989685,0.9023351514979833,0.0,0,0.08851891211918543
592896,579,0,0,-0.0033443115185946225,111.94880104064941,11.719066381454468,0.0061547276225463856,0.0002,0.01408128,0,0,0,291.0786655063191,0.04130859375,0.10506212711334229,47.969207191467284,0,0,0,0,0
593920,580,-80.51759369343371,783.8,-0.0005559332203119993,43.82144804000855,11.743539810180664,0.0008432640686190318,0.0002,0.01407104,0.8,0.0,0.0,328.65225120854274,0.0052734375,0.11370569467544556,407.40373573303225,0.46187391235886055,0.9611566106373027,0.0,0,0.07765701985954639
594944,581,0,0,-1.6168598085641862e-05,28.582407188415527,11.754359817504882,3.544740357455112e-05,0.0002,0.0140608,0,0,0,309.63862237375605,0.0,0.7730892896652222,244.94064064025878,0,0,0,0,0
595968,582,-44.86874994061748,932.4,-0.0002687447238713503,52.954914283752444,11.732304906845092,0.00031247445684474685,0.0002,0.01405056,0.4,0.0,0.0,347.97806562908187,0.0005859375,0.56276535987854,476.24579563140867,0.46380890356811005,0.8330930161433571,0.0,0,0.08968749723349263
596992,583,0,0,-0.004331408441066742,6.227143633365631,11.644919109344482,0.008619339956685313,0.0002,0.014040319999999998,0,0,0,316.14979004034456,0.06171875,0.5278722047805786,63.450176334381105,0,0,0,0,0
598016,584,-96.15933101790822,701.9,-0.0014942808076739312,52.749063682556155,11.49805006980896,0.0031671631346744888,0.0002,0.01403008,0.8,0.0,0.0,309.3365760984215,0.02431640625,0.7815151214599609,326.7766254425049,0.5129683433624639,0.8581947444402649,0.0,0,0.09305403232658963
599040,585,0,0,-2.2068340331315995e-05,30.81559658050537,11.47375192642212,0.0001392189883163475,0.0002,0.01401984,0,0,0,331.3209613518677,9.765625e-05,0.8986368775367737,76.25938549041749,0,0,0,0,0
600064,586,-97.46081237705964,701.7,0.00020568477921187878,45.966783714294436,11.458709573745727,0.00023810955248384502,0.0002,0.0140096,0.9,0.0,0.0,265.8824856084979,0.0,0.8583552241325378,182.223095703125,0.48688692582214266,1.1131175159384175,0.0,0,0.07860570093794222
601088,587,0,0,-0.005243189481552691,19.81432523727417,11.399019813537597,0.008840673636072261,0.0002,0.013999359999999999,0,0,0,307.65013860120337,0.061328125,0.9181373715400696,69.66916813850403,0,0,0,0,0
602112,588,-84.7292479030413,603.9,0.0002740534953773022,9.180232787132264,11.298021459579468,0.0015700897063902098,0.0002,0.01398912,0.9,0.0,0.0,294.9267134840353,0.01123046875,0.9440304040908813,52.60503959655762,0.5401632790592678,1.1151304686017869,0.0,0,0.0712982545442232
603136,589,0,0,-0.0011449451092630624,38.39165019989014,11.374746942520142,0.003708120427857775,0.0002,0.013978879999999999,0,0,0,353.386617035833,0.0330078125,0.8547804951667786,90.70195298194885,0,0,0,0,0
604160,590,-86.28487741487454,764.2,-0.001742448378354311,31.607375812530517,11.503512048721314,0.008584416492618008,0.0002,0.01396864,0.8,0.0,0.0,364.98066658469054,0.05791015625,0.8980256915092468,94.27258014678955,0.5022221891027094,1.0765033757354612,0.0,0,0.09499089145499731
605184,591,0,0,-0.0004697479773312807,30.685966587066652,11.60212264060974,0.003457796417962289,0.0002,0.0139584,0,0,0,262.519288499465,0.0345703125,0.9162864089012146,49.590499591827395,0,0,0,0,0
606208,592,-91.51336549927687,834.9,-0.0011278866790235043,34.10222110748291,11.60080075263977,0.0030623182112586634,0.0002,0.01394816,0.6,0.0,0.0,342.2094096910459,0.028515625,0.859656035900116,62.30137405395508,0.4766494380497412,1.0729155480938994,0.0,0,0.10426354213465558
607232,593,0,0,-0.0005833289586007595,4.523258292675019,11.624732112884521,0.0016281085166892418,0.0002,0.01393792,0,0,0,330.38446321192913,0.01611328125,0.8548876047134399,70.60656273365021,0,0,0,0,0
608256,594,-71.62468303724495,833.8,3.233165480196476e-05,2.286502081155777,11.652488374710083,0.002168499032209237,0.0002,0.013927680000000001,0.7,0.0,0.0,338.2966273577958,0.019140625,0.853307843208313,19.065358698368073,0.47234068142617014,0.9971777387013706,0.0,0,0.08484596458886728
609280,595,0,0,3.7224357947707175e-05,1.9005954921245576,11.687814664840698,0.0010612940499704847,0.0002,0.01391744,0,0,0,357.48790512240373,0.0072265625,0.7299946546554565,36.433940494060515,0,0,0,0,0
610304,596,-89.9471909652679,793.9,-0.00044821707997471093,66.89716510772705,11.613529443740845,0.0010525952793925875,0.0002,0.0139072,0.7,0.0,0.0,263.6436179005742,0.00390625,0.45033663511276245,190.0736349105835,0.4840736880947194,0.964694203756933,0.0,0,0.07713632536747832
611328,597,0,0,-0.0019081546925008297,0.8585418611764908,11.618897104263306,0.005239528272833649,0.0002,0.01389696,0,0,0,318.15593018650156,0.0541015625,0.6156885623931885,23.052753251791,0,0,0,0,0
612352,598,-76.95333617856033,819.9,-0.0029289300320670007,23.92085552215576,11.640595722198487,0.007462412484189329,0.0002,0.013886720000000002,0.8,0.0,0.0,285.65426671625585,0.08564453125,0.8263659477233887,232.10161514282225,0.5128732839638014,0.8785469573603919,0.0,0,0.09617785551898436
613376,599,0,0,-0.002257360820658505,76.85101490020752,11.58467960357666,0.004444418435945341,0.0002,0.01387648,0,0,0,337.5509549424595,0.030859375,0.052515268325805664,61.598636627197266,0,0,0,0,0
614400,600,-125.85486260768258,644.3,-0.0005838607437908649,25.808798217773436,11.62665114402771,0.005418118765585955,0.0002,0.013866239999999998,0.8,0.0,0.0,257.4327944545617,0.04541015625,0.9139083623886108,44.62883186340332,0.533385651048023,0.9672464632806441,0.0,0,0.08218437679962917
615424,601,0,0,-0.0017403871286660432,105.06302185058594,11.72309594154358,0.005034461713899496,0.0002,0.013856,0,0,0,287.2042924094972,0.04931640625,0.5021370649337769,171.1286849975586,0,0,0,0,0
616448,602,-96.37867598976986,727.2,-0.001694746082648635,35.9970929145813,11.733004426956176,0.0010354321441936598,0.0002,0.01384576,0.9,0.0,0.0,240.53084166498564,0.00703125,0.736331582069397,215.0750421524048,0.50825605908948,0.9116963904209274,0.0,0,0.09932557136710027
617472,603,0,0,-0.0012597283348441124,41.853143310546876,11.634542179107665,0.005075365013023969,0.0002,0.01383552,0,0,0,291.4266509157109,0.03427734375,0.21081626415252686,21.36397976875305,0,0,0,0,0
618496,604,-77.06104446794288,571.0,0.0008013431564904749,10.047073650360108,11.713878631591797,0.0006791747651975655,0.0002,0.013825279999999999,0.9,0.0,0.0,255.58832482684875,0.00146484375,0.9096957445144653,170.84199833869934,0.49620159448183515,0.9107183440763457,0.0,0,0.06495839835087909
619520,605,0,0,-0.0010470785200595856,46.27929534912109,11.691129875183105,0.0015209059866105434,0.0002,0.01381504,0,0,0,221.42667068726257,0.01328125,0.9016132950782776,124.0537302017212,0,0,0,0,0
620544,606,-172.89192926960104,741.9,-0.0020477000623941423,53.23243160247803,11.73476710319519,0.004871679856504052,0.0002,0.0138048,0.9,0.0,0.0,287.93572287165614,0.04697265625,0.8926777839660645,61.04374198913574,0.460254256807219,0.781343993549607,0.0,0,0.09057027626284955
621568,607,0,0,-0.0007010774454101921,69.19988632202148,11.760332107543945,0.0016422729370217048,0.0002,0.01379456,0,0,0,272.73199055038367,0.01572265625,0.44648295640945435,112.81054811477661,0,0,0,0,0
622592,608,-114.49701685086738,777.4,-0.00245573865249753,0.7746266782283783,11.654929399490356,0.014768098020092602,0.0002,0.01378432,0.7,0.0,0.0,255.83137944972782,0.0849609375,0.7388186454772949,23.421487975120545,0.4657887101280022,0.7291061670393727,0.0,0,0.08272258448265532
623616,609,0,0,0.004514324478805065,297.723567199707,11.713247728347778,0.004786042259392165,0.0002,0.01377408,0,0,0,304.22557999153685,0.0416015625,0.17001521587371826,233.00520553588868,0,0,0,0,0
624640,610,-104.52096115761613,677.9,-0.0017878236714750529,47.63358211517334,11.643621110916138,0.005307695113915223,0.0002,0.01376384,0.8,0.0,0.0,322.1223378204804,0.03984375,0.8595708608627319,39.35801749229431,0.4862174640653487,0.8214603466688315,0.0,0,0.08553963315930602
625664,611,0,0,-0.00019590011797845363,69.01197948455811,11.65892767906189,0.0009035769335446808,0.0002,0.0137536,0,0,0,259.58766986047556,0.0060546875,0.8431321978569031,165.05808038711547,0,0,0,0,0
626688,612,-36.888758577515965,871.0,-0.0007349923718720675,106.599951171875,11.639701890945435,0.001086163097105608,0.0002,0.01374336,0.7,0.0,0.0,285.26769412083047,0.00673828125,0.6085934638977051,122.05141191482544,0.5142909149613273,0.7572687717964526,0.0,0,0.10368164955958983
627712,613,0,0,-5.526258610188961e-05,121.45293464660645,11.640420961380006,0.0008865896788284644,0.0002,0.01373312,0,0,0,210.35633488395786,0.00703125,0.16312193870544434,50.65065517425537,0,0,0,0,0
628736,614,-115.47812942263177,701.0,-0.0006589802447706461,89.63796005249023,11.67143497467041,0.0006596987808861421,0.0002,0.01372288,0.7,0.0,0.0,321.1370098305311,0.00341796875,0.7429121732711792,234.91507835388182,0.5058530052048736,0.6526880883983606,0.0,0,0.09571513125532471
629760,615,0,0,0.0003798430785536766,116.12284355163574,11.724034070968628,0.00033393406013741965,0.0002,0.01371264,0,0,0,268.03537969138813,9.765625e-05,0.3188767433166504,70.93641014099121,0,0,0,0,0
630784,616,-140.0340058780341,614.4,-0.00042518507689237595,77.52218513488769,11.718756818771363,0.00025229381377904757,0.0002,0.0137024,0.8,0.0,0.0,265.31649478103964,0.0001953125,0.4414339065551758,403.53766918182373,0.5231613995595575,0.8585632695245711,0.0,0,0.0953145144895537
631808,617,0,0,-0.0004913072101771831,32.29102296829224,11.744030332565307,0.003180969482233209,0.0002,0.01369216,0,0,0,302.5303419111963,0.02763671875,0.8744989633560181,64.35231323242188,0,0,0,0,0
632832,618,-63.004545360689676,705.3,-0.0007603961508721113,36.38556909561157,11.895235013961791,0.0060672156734961295,0.0002,0.01368192,0.6,0.0,0.0,269.72475719719995,0.04873046875,0.9167380332946777,35.219299006462094,0.4755832000597409,0.7406158762035907,0.0,0,0.0810347359269984
633856,619,0,0,-0.0006761893630027771,46.735969161987306,11.989295244216919,0.012147908735617552,0.0002,0.01367168,0,0,0,347.7050881420895,0.06865234375,0.05929535627365112,53.30775270462036,0,0,0,0,0
634880,620,-98.04044906118581,824.3,-0.0010201866738498212,213.5976577758789,12.028141069412232,0.0007620894288597136,0.0002,0.01366144,0.6,0.0,0.0,325.20621759649345,0.00390625,0.2719928026199341,273.1764911651611,0.44457801233610106,0.8802613980411115,0.0,0,0.10229938731021415
635904,621,0,0,-0.001450655935332179,26.651180839538576,12.05897045135498,0.0017353182741675077,0.0002,0.013651199999999999,0,0,0,286.22816817175845,0.0146484375,0.6260421872138977,182.29571542739868,0,0,0,0,0
636928,622,-103.17197855129784,854.3,-0.0007952763931825757,228.58849029541017,12.118880414962769,0.0018277849020121196,0.0002,0.013640959999999999,0.4,0.0,0.0,370.8407387065615,0.0169921875,0.2889924645423889,133.47076492309571,0.41803525881685016,0.9183111759673676,0.0,0,0.09573787867118663
637952,623,0,0,-0.0007951390696689486,3.1459165453910827,12.18847484588623,0.003927007141578187,0.0002,0.013630719999999999,0,0,0,269.7541152732489,0.03623046875,0.711126446723938,63.99939954280853,0,0,0,0,0
638976,624,-78.91420451296791,933.9,1.0223360732197762e-05,182.47979660034179,12.334094667434693,0.0051919042817045735,0.0002,0.01362048,0.4,0.0,0.0,357.82490257007714,0.0431640625,0.21265500783920288,114.18821868896484,0.42438325010441086,0.989130995428481,0.0,0,0.09396629933834291
640000,625,0,0,-0.0025255298241972923,2.1123160153627394,12.329464530944824,0.004991270133753467,0.0002,0.01361024,0,0,0,243.8682590353736,0.041015625,0.4896191954612732,67.79802858829498,0,0,0,0,0
641024,626,-104.41347988132127,866.1,-0.0001762289903126657,7.190725159645081,12.34517331123352,0.0009152144705965703,0.0002,0.013600000000000001,0.7,0.0,0.0,280.21265372994264,0.00556640625,0.3081793189048767,94.32733273506165,0.42450901142395453,0.898315194103731,0.0,0,0.0771134027347134
642048,627,0,0,-0.0031402751337736845,0.7137636952102184,12.213182544708252,0.014568889479445879,0.0002,0.01358976,0,0,0,317.19999970458446,0.10478515625,0.8249843120574951,19.954488337039948,0,0,0,0,0
643072,628,-104.32090773560847,735.6,0.013859751705939952,69.3845380636362,12.257095043475811,0.051759492892529534,0.0002,0.013579520000000001,0.8,0.0,0.0,198.35220461494973,0.2776442307692308,0.2631953954696655,409.50496673583984,0.5194936905190526,0.6257309327135981,0.0,0,0.08660938284904059
644096,629,0,0,-0.0011147259036079049,115.61534843444824,12.294913578033448,0.004871943700008962,0.0002,0.01356928,0,0,0,263.1116708955783,0.0533203125,0.10692822933197021,223.01628017425537,0,0,0,0,0
645120,630,-168.69550215629343,630.6,-0.0005512929754331708,32.522534942626955,12.351660680770873,0.006793682324139993,0.0002,0.013559040000000001,1.0,0.0,0.0,275.4129925257026,0.05869140625,0.8024857044219971,38.610137128829955,0.5448151666071279,0.9259008652491222,0.0,0,0.08485517467702976
646144,631,0,0,-0.0015257112216204404,48.90868625640869,12.347918701171874,0.0050299345086625815,0.0002,0.0135488,0,0,0,246.1753570572908,0.05654296875,0.5117875933647156,59.04583625793457,0,0,0,0,0
647168,632,-85.78157900597752,807.1,0.0004554149229079485,297.81174926757814,12.390004968643188,0.0005628402899976237,0.0002,0.013538559999999998,0.8,0.0,0.0,314.9932729539069,0.00068359375,0.3320387601852417,487.794021987915,0.4932070365046771,1.00613626645625,0.0,0,0.09003502549355469
648192,633,0,0,-3.800457343459129e-05,50.96115303039551,12.439983129501343,0.0009531804816444555,0.0002,0.01352832,0,0,0,221.99718332791042,0.01015625,0.8121143579483032,100.31119031906128,0,0,0,0,0
649216,634,-128.50954563175375,709.4,-0.002907394943758845,41.897729110717776,12.479680252075195,0.007941922513443967,0.0002,0.01351808,0.7,0.0,0.0,290.80239498415875,0.0482421875,0.5869839191436768,62.10839262008667,0.5074734608907184,0.8389383454212069,0.0,0,0.08248024018165814
650240,635,0,0,-0.0005313712172210217,109.67561569213868,12.663010692596435,0.00541470292776447,0.0002,0.01350784,0,0,0,339.388826476165,0.04716796875,0.6081684827804565,117.5721248626709,0,0,0,0,0
651264,636,-143.60874480566366,823.2,-0.0009380219969898462,89.15582733154297,12.725365829467773,0.004470303158309541,0.0002,0.013497599999999998,0.5,0.0,0.0,230.58690671939658,0.03837890625,0.47532719373703003,51.93468685150147,0.48201583125674885,0.8997522885497512,0.0,0,0.09390016130628512
652288,637,0,0,0.0014005937846377492,0.7025948032736778,12.805365562438965,0.00424918035855022,0.0002,0.01348736,0,0,0,226.636885948538,0.03408203125,0.7543105483055115,17.630101871490478,0,0,0,0,0
653312,638,-83.73345572095009,649.5,-0.001152967009693384,45.48496990203857,12.78218035697937,0.00363822835423111,0.0002,0.01347712,0.7,0.0,0.0,273.0989274220244,0.04267578125,0.6554594039916992,64.79696693420411,0.45295175614524996,0.5353389269830455,0.0,0,0.0689554137523959
654336,639,0,0,-0.0002230558544397354,128.7649242401123,12.856353092193604,0.0033099897104298392,0.0002,0.01346688,0,0,0,288.42345371282045,0.02958984375,0.5353061556816101,62.50921993255615,0,0,0,0,0
655360,640,-109.5085456084814,798.4,-0.0004769594874233007,126.60632286071777,12.85780725479126,0.0007183717599535733,0.0002,0.013456639999999999,0.6,0.0,0.0,286.2235902414539,0.00322265625,0.4802900552749634,286.874222946167,0.43564197595191,0.8395356450524322,0.0,0,0.0797043399633933
656384,641,0,0,-0.001447370694950223,137.51174240112306,12.841141080856323,0.0020536366052907873,0.0002,0.0134464,0,0,0,344.6159305242575,0.0169921875,0.586382269859314,174.11049194335936,0,0,0,0,0
657408,642,-136.28079719020928,729.9,-0.0003989717457443476,110.81189613342285,12.882189846038818,0.0005515021502702667,0.0002,0.013436159999999999,0.5,0.0,0.0,253.10714493025475,0.00390625,0.6861826181411743,206.5498956680298,0.4288458918950904,0.791610468247139,0.0,0,0.09094766458766786
658432,643,0,0,-0.0011969530023634434,0.4247147232294083,12.846729564666749,0.008138971972888953,0.0002,0.013425920000000001,0,0,0,324.42165044180973,0.0484375,0.6543880701065063,10.252425980567931,0,0,0,0,0
659456,644,-123.98941930307504,830.6,-0.0004977425560355186,0.4478550061583519,12.968931674957275,0.007637842197470946,0.0002,0.01341568,0.8,0.0,0.0,297.99776558949543,0.07119140625,0.5304393768310547,7.240400815010071,0.43914279297223313,0.9260262174928107,0.0,0,0.08392478843873538
660480,645,0,0,0.00041201040148735045,0.4955929577350616,12.886511850357056,0.004303591634411586,0.0002,0.01340544,0,0,0,300.07842593658717,0.035546875,0.08616834878921509,12.977419221401215,0,0,0,0,0
661504,646,-61.47772849301627,897.6,0.0032429252285510303,0.22906802073121071,12.959995651245118,0.012675442232311073,0.0002,0.0133952,0.6,0.0,0.0,260.218440715608,0.10205078125,0.8934153914451599,7.281083011627198,0.45035370943697767,0.5595442667237497,0.0,0,0.09540846863354425
662528,647,0,0,0.004227202478796243,1.514824777841568,13.082404041290284,0.017134519247368463,0.0002,0.01338496,0,0,0,358.257779236956,0.11552734375,0.814088761806488,23.382342219352722,0,0,0,0,0
663552,648,-84.21217615901726,766.3,0.0006603550631552934,0.31274608597159387,12.973274946212769,0.007641258474941015,0.0002,0.01337472,0.5,0.0,0.0,329.5172942273501,0.065234375,0.8896759152412415,3.2910664439201356,0.42916095800088605,0.7958863619244612,0.0,0,0.08179194878365265
664576,649,0,0,-0.0017980134813115,1.0362245678901671,12.917712545394897,0.00884324524089788,0.0002,0.01336448,0,0,0,359.80833220237884,0.0625,0.9125621914863586,4.256242334842682,0,0,0,0,0
665600,650,-96.22578179500196,710.1,-0.0027034144150093198,13.062015318870545,13.060760831832885,0.019415487366532157,0.0002,0.01335424,0.5,0.0,0.0,347.32490231766536,0.1638671875,0.7015142440795898,118.5172595024109,0.41780852405812147,0.7466091135766498,0.0,0,0.07618910074236775
666624,651,0,0,-0.004516767288901304,0.26904161588141795,13.070660139385023,0.020896372777492057,0.0002,0.013344,0,0,0,333.20315135777247,0.13044819078947367,0.0953635573387146,1.6219236725255062,0,0,0,0,0
667648,652,-28.762392187094946,851.1,0.0011472747195512057,0.2060871183872223,13.006197929382324,0.013090012944332142,0.0002,0.01333376,0.4,0.0,0.0,238.82905675928356,0.10361328125,0.968378484249115,5.8655885577201845,0.48181459749264877,0.7506261290105877,0.0,0,0.08739265853697294
668672,653,0,0,0.012152230522284905,109.79572635226779,13.12077193790012,0.03204570063264524,0.0002,0.013323519999999998,0,0,0,241.4967501149719,0.20985243055555555,0.009461760520935059,304.9810269673665,0,0,0,0,0
669696,654,-179.49856613605277,712.3,-0.0010221360949799418,35.759768676757815,13.252740716934204,0.0013954351154040977,0.0002,0.01331328,0.7,0.0,0.0,219.750681411376,0.0123046875,0.5397937297821045,129.3720580101013,0.4575888216103345,0.7470454550179481,0.0,0,0.07676065327802532
670720,655,0,0,-0.0014910743338987231,1.7677538633346557,13.1957537651062,0.0038378427551278627,0.0002,0.01330304,0,0,0,341.7790915705175,0.027734375,0.6772946119308472,58.70329427719116,0,0,0,0,0
671744,656,-99.13892397301825,717.1,-0.0015853989403694867,1.175160562992096,13.179139614105225,0.005017958950008161,0.0002,0.0132928,0.7,0.0,0.0,266.865121550377,0.051953125,0.8305701017379761,22.410498785972596,0.4666541631529112,0.7977318763269099,0.0,0,0.07369549039676915
672768,657,0,0,-0.0013007907196879386,89.11361351013184,13.178690481185914,0.0022650415409118272,0.0002,0.013282559999999999,0,0,0,273.63086819244063,0.0228515625,0.5928585529327393,263.8578983306885,0,0,0,0,0
673792,658,-63.157609862922165,850.5,0.0004940136801451445,0.3378764718770981,13.26390781402588,0.0012372124151069919,0.0002,0.01327232,0.5,0.0,0.0,273.24285666480347,0.00859375,0.9280816316604614,4.9839905321598055,0.45930877613352894,0.6788558178508145,0.0,0,0.0912111411095728
674816,659,0,0,0.0002044066321104765,0.18798533082008362,13.12346692085266,0.011440752379762475,0.0002,0.01326208,0,0,0,363.2523892589806,0.0837890625,0.5729939341545105,2.928956139087677,0,0,0,0,0
675840,660,-45.3773658727314,723.0,-0.0008184168487787247,0.18811701163649558,13.07427911758423,0.0045756165229629,0.0002,0.01325184,0.5,0.0,0.0,336.4120264886345,0.0294921875,0.9650179147720337,3.890560472011566,0.5460584270822617,0.7482399270753922,0.0,0,0.09806058925450824
676864,661,0,0,-0.003260132158175111,0.9846044480800629,13.187440395355225,0.008080912192272915,0.0002,0.0132416,0,0,0,337.593353408304,0.07373046875,0.812593936920166,23.33915078639984,0,0,0,0,0
677888,662,-66.66154585997529,749.5,0.002061077952384949,42.13872117996216,12.973586511611938,0.006350313298795651,0.0002,0.013231360000000001,0.7,0.0,0.0,325.3202172110324,0.0513671875,0.4344744086265564,296.0707536697388,0.5793983612131789,0.6748682847201688,0.0,0,0.1094545237303333
678912,663,0,0,0.0005696822889149189,87.11136569976807,13.101004457473755,0.004056955691381514,0.0002,0.01322112,0,0,0,296.4461322561524,0.03369140625,0.5118957757949829,297.55055541992186,0,0,0,0,0
679936,664,-65.81099710088725,785.5,-0.0013271454256027937,44.005514526367186,13.060961723327637,0.0038767944464250803,0.0002,0.013210880000000001,0.5,0.0,0.0,203.20432698403687,0.02734375,0.5765818357467651,164.96219177246093,0.5302497905906179,0.6855520563997741,0.0,0,0.10164450692341664
680960,665,0,0,-0.00030118278227746486,41.124203491210935,13.055711793899537,0.00039019946258376235,0.0002,0.01320064,0,0,0,287.9307813153422,0.0015625,0.34054505825042725,217.2314962387085,0,0,0,0,0
681984,666,-88.87123170185467,629.1,-0.001099788397550583,11.36195137500763,13.144467306137084,0.01135078205696729,0.0002,0.0131904,0.7,0.0,0.0,325.14112488936036,0.1025390625,0.7462764978408813,84.11279838085174,0.5148187659652681,0.5556906310234966,0.0,0,0.08769031291797634
683008,667,0,0,0.0006612170953303575,138.80169219970702,13.201709938049316,0.0017442190277840552,0.0002,0.01318016,0,0,0,290.4877225223914,0.0142578125,0.6674027442932129,328.85582008361814,0,0,0,0,0
684032,668,-39.62275191647295,841.9,-0.0024561468278989198,17.34384937286377,13.308817481994629,0.0053564939137172194,0.0002,0.01316992,0.4,0.0,0.0,276.2147154558391,0.05439453125,0.828184187412262,85.32943959236145,0.4922189052523728,0.67841973093962,0.0,0,0.11329045512988874
685056,669,0,0,-0.0004344272660091519,1.5168595254421233,13.325817918777465,0.001334870986774206,0.0002,0.01315968,0,0,0,358.30129489155235,0.0130859375,0.6028221845626831,37.39105086326599,0,0,0,0,0
686080,670,-186.4881484243595,647.5,-0.0011757710482925177,0.4161162108182907,13.207431507110595,0.012603836061346917,0.0002,0.01314944,0.9,0.0,0.0,375.6855588520501,0.09189453125,0.3117223381996155,3.7052756637334823,0.5279570366722639,1.1888463018860203,0.0,0,0.0975017708585083
687104,671,0,0,0.009303275914862751,45.16689510345459,13.241163873672486,0.02403801857147254,0.0002,0.0131392,0,0,0,245.92759389881917,0.15009765625,0.5351665616035461,131.68083209991454,0,0,0,0,0
688128,672,-187.5711103202877,594.0,-0.0013417760841548444,0.9777993857860565,13.249131631851196,0.0022468555398851286,0.0002,0.013128959999999999,0.9,0.0,0.0,255.20594658745458,0.01865234375,0.5589272975921631,22.809967732429506,0.5237585243036036,0.6189849321444574,0.0,0,0.07722377684861553
689152,673,0,0,0.001207733410410583,114.69488945007325,13.233304452896117,0.0007780073603770532,0.0002,0.01311872,0,0,0,345.272757587095,0.003515625,0.6482433080673218,280.5257438659668,0,0,0,0,0
690176,674,-104.41784529009344,741.0,-0.0007444235496222972,24.943928527832032,13.272472715377807,0.003673120606104163,0.0002,0.013108479999999999,0.7,0.0,0.0,262.38763422115517,0.032421875,0.7037750482559204,94.28862848281861,0.48599242413674615,1.0114118396913152,0.0,0,0.07857374857795316
691200,675,0,0,-0.00022398238070309162,120.5214714050293,13.33911600112915,0.0006587413829473477,0.0002,0.01309824,0,0,0,273.12402246133104,0.00263671875,0.720261812210083,130.10266075134277,0,0,0,0,0
692224,676,-168.24400860361007,466.6,-6.687610875815153e-05,7.472786450386048,13.311458492279053,0.0004454377542278287,0.0002,0.013087999999999999,1.0,0.0,0.0,268.07566494818144,0.002734375,0.7152048349380493,175.86553688049315,0.4940647662421392,0.9828219777401772,0.0,0,0.06445870940570224
693248,677,0,0,0.0007054574321955443,1.6865585833787917,13.409954357147218,0.002498704529673734,0.0002,0.01307776,0,0,0,231.26407731849656,0.01943359375,0.6485187411308289,55.94659903049469,0,0,0,0,0
694272,678,-169.05183793993973,436.6,-0.0007169353077188135,1.1119880110025406,13.388596773147583,0.012322642555268892,0.0002,0.01306752,0.9,0.0,0.0,369.28880590694627,0.08720703125,0.7083472609519958,20.662112176418304,0.5234600066745865,0.7150895963398627,0.0,0,0.06947640985804435
695296,679,0,0,0.0031238442519679666,2.59772829413414,13.332336950302125,0.0074593477300958,0.0002,0.01305728,0,0,0,267.6800128138369,0.05830078125,0.7518369555473328,75.13674020767212,0,0,0,0,0
696320,680,-134.28418198428676,813.3,-0.0035820041783154013,2.485819524526596,13.331812334060668,0.0073914158653122005,0.0002,0.01304704,0.6,0.0,0.0,298.84008086207984,0.06025390625,0.582382082939148,54.77512698173523,0.5021997953847258,0.7374238142507187,0.0,0,0.09586820396734955
697344,681,0,0,0.00028342893347144127,17.13645520210266,13.392437219619751,0.0027401615087461195,0.0002,0.0130368,0,0,0,311.04671790708505,0.02568359375,0.7669782638549805,71.9847960472107,0,0,0,0,0
698368,682,-62.209562829269146,881.0,-0.0004113654140383005,47.28438110351563,13.330772304534912,0.0024255124968796337,0.0002,0.01302656,0.3,0.0,0.0,249.45080017398382,0.02080078125,0.6459118127822876,234.9435676574707,0.4965126599105608,0.7469593798927485,0.0,0,0.09782689469434425
699392,683,0,0,-0.0011209079064428806,20.712354564666747,13.45334849357605,0.01000837493343596,0.0002,0.01301632,0,0,0,258.4338091520081,0.071875,0.8470216393470764,54.38983292579651,0,0,0,0,0
700416,684,-76.46387679209262,779.7,-0.002209477056749165,29.32039737701416,13.517635822296143,0.004811844733411519,0.0002,0.01300608,0.5,0.0,0.0,302.4263435559849,0.0390625,0.8588296175003052,22.15933918952942,0.4912392157216165,0.7201861246082945,0.0,0,0.10475184532837338
701440,685,0,0,0.003240599738139855,0.343622602914509,13.56100549195942,0.01294526411836902,0.0002,0.01299584,0,0,0,297.22389357822647,0.08614309210526316,-0.5717740058898926,5.4217525751967175,0,0,0,0,0
702464,686,-34.88131203133571,920.7,0.029314901679754257,82.22958667461688,13.59201196523813,0.06888292228378076,0.0002,0.0129856,0.3,0.0,0.0,261.06367060139314,0.35546875,0.7045905590057373,325.03937002328723,0.43671116444676816,0.8297822800899987,0.0,0,0.0870081116795637
703488,687,0,0,0.0004764887969940901,151.22407264709472,13.50718035697937,0.0028550837283879637,0.0002,0.012975360000000002,0,0,0,315.5912830305165,0.02333984375,0.7143833637237549,454.3646505355835,0,0,0,0,0
704512,688,-100.03171074822839,913.8,-0.000984850712120533,154.52961196899415,13.611789894104003,0.000877155312250455,0.0002,0.01296512,0.5,0.0,0.0,247.71128006744718,0.005859375,0.773432731628418,179.55216903686522,0.41994234136349257,0.6910746088821541,0.0,0,0.08480096504750989
705536,689,0,0,1.3258308172225951e-06,45.51156063079834,13.494454908370972,0.0016098136825208442,0.0002,0.012954879999999998,0,0,0,216.21799853604952,0.01455078125,0.8319141268730164,63.26260933876038,0,0,0,0,0
706560,690,-149.30246534729605,777.1,-0.00030666058883070945,73.40341777801514,13.564613485336304,0.0004356657856566137,0.0002,0.01294464,0.4,0.0,0.0,339.35506528624876,0.00087890625,0.7578645944595337,115.86310272216797,0.4268785516224442,0.6788705480646455,0.0,0,0.08677317462027341
707584,691,0,0,6.220873910933733e-05,53.462176132202146,13.541289663314819,0.002504726834925819,0.0002,0.0129344,0,0,0,288.631294335398,0.022265625,0.8169300556182861,57.64976844787598,0,0,0,0,0
708608,692,-208.30190360399064,877.6,-0.0008791577536612749,3.0089810371398924,13.684877824783324,0.005492038059294746,0.0002,0.01292416,0.4,0.0,0.0,194.73055098510832,0.04228515625,0.7931619882583618,122.92511382102967,0.41509552463120236,0.6581415416145323,0.0,0,0.09626771613283805
709632,693,0,0,-0.0004197557922452688,137.8026901245117,13.558668231964111,0.0027569946745145124,0.0002,0.012913919999999999,0,0,0,256.0854930190086,0.02705078125,0.777070939540863,94.97814445495605,0,0,0,0,0
710656,694,-39.84673887949832,999.6,-0.00016558789648115634,31.027432441711426,13.657488012313843,0.0013886238711309673,0.0002,0.012903679999999999,0.2,0.0,0.0,236.12868369049238,0.01259765625,0.8165928721427917,118.5794768333435,0.40768167135239625,0.7495803311507262,0.0,0,0.09617202731864685
711680,695,0,0,-0.0001656923210248351,0.39058629497885705,13.759709405899049,0.0016595970583107799,0.0002,0.012893439999999999,0,0,0,221.18629038309192,0.01201171875,0.8509522676467896,6.740314376354218,0,0,0,0,0
712704,696,-53.58270248803136,890.8,-0.0025134115479886533,2.033038055896759,13.622002792358398,0.016159903214479864,0.0002,0.0128832,0.5,0.0,0.0,210.6824050646572,0.1193359375,0.6378425359725952,51.82898617982865,0.41982785918538407,0.760676947481929,0.0,0,0.0869914454833903
713728,697,0,0,-0.002415523282252252,0.5128544732928276,13.535411739349366,0.016032421242602533,0.0002,0.01287296,0,0,0,356.2724457290074,0.12255859375,0.8294377326965332,15.970018768310547,0,0,0,0,0
714752,698,-36.98434376455322,836.1,-1.5349360182881355e-05,0.12942690812051297,13.801863384246825,0.015079946002566569,0.0002,0.012862720000000001,0.5,0.0,0.0,280.9131805533345,0.08544921875,0.5062386393547058,2.6990218251943587,0.40738783987798766,0.7835022258707574,0.0,0,0.07933011458991833
715776,699,0,0,-0.0005330355372279883,18.198792505264283,14.009677410125732,0.002597694392933114,0.0002,0.01285248,0,0,0,312.48054591894754,0.02255859375,0.15106600522994995,21.71014823913574,0,0,0,0,0
716800,700,-128.1179348987906,736.9,0.002245266875252128,155.6971878051758,13.831671047210694,0.005750292325716,0.0002,0.012842240000000001,0.7,0.0,0.0,305.70689695670205,0.05361328125,0.3870958685874939,430.94676208496094,0.42188142319270244,0.7447467217994758,0.0,0,0.08548862894140463
717824,701,0,0,-9.357654489576817e-05,73.4948106765747,13.7938823223114,0.0004315683681429761,0.0002,0.012832,0,0,0,336.9720283626691,0.002734375,0.7927048206329346,118.68099727630616,0,0,0,0,0
718848,702,-114.37071778330963,803.7,-0.0011197078041732312,107.13080062866212,13.864321374893189,0.002449277203452738,0.0002,0.01282176,0.6,0.0,0.0,348.97216927789754,0.02373046875,0.6389021873474121,529.7223106384278,0.3949734686211531,0.8182027781352884,0.0,0,0.07160361919290764
719872,703,0,0,-0.002130237058736384,0.5233498826622963,13.676375150680542,0.004288870635760489,0.0002,0.01281152,0,0,0,356.1790229939152,0.0314453125,0.48304903507232666,10.775018239021302,0,0,0,0,0
720896,704,-105.63460567310577,798.1,-0.002099052490666509,84.13637657165528,13.793758058547974,0.01261143130253135,0.0002,0.01280128,0.4,0.0,0.0,240.49399219595253,0.0771484375,0.8282110691070557,82.51430454254151,0.3886001248677561,0.8739185841676381,0.0,0,0.07697159266425066
721920,705,0,0,-0.004083569860085845,0.15387852862477303,13.780632257461548,0.007800308115780918,0.0002,0.01279104,0,0,0,311.99294738022724,0.04912109375,0.7125173807144165,4.81352254152298,0,0,0,0,0
722944,706,28.822567996004846,861.9,0.014276166756947836,119.7153549194336,13.828361988067627,0.20959184765045022,0.0002,0.012780799999999998,0.2,0.0,0.0,320.0912163320353,0.4837239583333333,0.4371573328971863,444.3513463338216,0.49504785744500646,0.7266118712960896,0.0,0,0.08988774356512556
723968,707,0,0,-0.0008055688347667455,38.9325668334961,13.332684993743896,0.0048367257987012025,0.0002,0.012770559999999999,0,0,0,298.6637353125166,0.04296875,0.7888132929801941,142.30093431472778,0,0,0,0,0
724992,708,-131.43247962716174,554.8,0.0032068895176053046,0.8862106382846833,13.79044485092163,0.01445256631454841,0.0002,0.01276032,0.9,0.0,0.0,304.78194059226075,0.12041015625,0.9067462086677551,37.07968800067901,0.5534549831782717,0.7239011505646834,0.0,0,0.075756906545319
726016,709,0,0,0.002568051451817155,9.885551738739014,13.498082256317138,0.017416105652264858,0.0002,0.01275008,0,0,0,339.5332252984931,0.1572265625,0.6757644414901733,56.262329769134524,0,0,0,0,0
727040,710,-50.85550260433668,612.8,0.0018249913584440947,3.098747026920319,13.54634919166565,0.0028261368337918922,0.0002,0.01273984,0.6,0.0,0.0,222.8330601899766,0.02734375,0.8863378167152405,84.44577369689941,0.6009668829463617,0.7227905589727747,0.0,0,0.09177225929190726
728064,711,0,0,-0.0010615970008075238,4.761992037296295,13.446750211715699,0.0057675307471402705,0.0002,0.0127296,0,0,0,335.68798396688834,0.03935546875,0.4546387791633606,37.549049496650696,0,0,0,0,0
729088,712,-71.46634031782689,612.5,-6.0363998636603354e-05,33.85554866790771,13.308243036270142,0.011633812080284401,0.0002,0.012719359999999999,0.7,0.0,0.0,283.38328676442836,0.08994140625,0.4818444848060608,51.46952142715454,0.5025483992374322,0.8296495172710492,0.0,0,0.07124089332923927
730112,713,0,0,0.00021321726962924003,51.73839569091797,13.63478331565857,0.0030949768421635326,0.0002,0.01270912,0,0,0,311.1842120955,0.0265625,0.6080349683761597,146.3473096847534,0,0,0,0,0
731136,714,-107.35591095172012,753.1,-0.0005768329836428165,152.4852310180664,13.48761682510376,0.00043056003787134145,0.0002,0.01269888,0.5,0.0,0.0,216.17361908800916,0.00107421875,0.7601804733276367,462.9365547180176,0.4828106631379665,0.874203795026261,0.0,0,0.10248014345936571
732160,715,0,0,-0.002949250931851566,19.568884086608886,13.478719758987427,0.011321980123138519,0.0002,0.012688640000000001,0,0,0,234.954370146268,0.0890625,0.6308324933052063,56.72910690307617,0,0,0,0,0
733184,716,-46.36527434164097,662.7,-0.00018342407420277596,0.40650214701890947,13.377417087554932,0.012292038750487233,0.0002,0.0126784,0.6,0.0,0.0,237.27520122139927,0.08076171875,0.8093698024749756,16.77465925216675,0.5196838297667292,0.7379786829767196,0.0,0,0.08408677773059217
734208,717,0,0,0.0012184674851596355,4.9050546288490295,13.345361709594727,0.007495368176063444,0.0002,0.012668160000000001,0,0,0,261.45667088186326,0.0646484375,0.6833270192146301,68.37391533851624,0,0,0,0,0
735232,718,-137.47504269339387,599.9,0.005678554810583591,101.86096839904785,13.29634051322937,0.011279399145885716,0.0002,0.01265792,0.8,0.0,0.0,292.4668342808332,0.0849609375,0.7406625151634216,410.9372974395752,0.5327523010621962,0.7724937924932966,0.0,0,0.06742960951798381
736256,719,0,0,0.0001578340772539377,72.6675199508667,13.157559156417847,0.002406879304577725,0.0002,0.01264768,0,0,0,279.87915488493525,0.01474609375,0.8123133182525635,181.1314793586731,0,0,0,0,0
737280,720,-56.8827403970452,846.4,0.00042743925005197527,153.44541664123534,13.23840651512146,0.0014833949539502455,0.0002,0.01263744,0.7,0.0,0.0,282.1582581551584,0.012890625,0.7489814758300781,915.8279415130615,0.44678547835494886,0.7415217042521396,0.0,0,0.09365882877991241
738304,721,0,0,-0.001525824563577771,1.0318147480487823,13.592728090286254,0.009970944619547773,0.0002,0.0126272,0,0,0,195.50853595857245,0.07109375,0.9222182035446167,44.0259370803833,0,0,0,0,0
739328,722,-71.93739458325035,613.4,0.0007021683733910323,20.27099742889404,13.762032604217529,0.00045160922604186026,0.0002,0.01261696,0.7,0.0,0.0,243.06603144172192,0.0025390625,0.8199520111083984,99.48373832702637,0.4923707567001694,0.6986149039541635,0.0,0,0.0700136277580841
740352,723,0,0,3.5201339051127435e-05,46.01982984542847,13.553022050857544,0.0007162491759962642,0.0002,0.012606720000000002,0,0,0,222.3995659473069,0.00400390625,0.7568337917327881,1109.4646697998046,0,0,0,0,0
741376,724,-90.72265459320697,790.4,-0.00024845097213983537,1.4947603642940521,13.886831760406494,0.0013240757710598849,0.0002,0.01259648,0.5,0.0,0.0,222.33810962713744,0.0111328125,0.09417015314102173,53.13826475143433,0.4353737710805098,0.8204346643419858,0.0,0,0.08871914081604403
742400,725,0,0,-0.0007152801146730781,10.489115810394287,13.608258533477784,0.004119170197047417,0.0002,0.012586239999999999,0,0,0,258.0223667145128,0.03369140625,0.8054900169372559,222.04111919403076,0,0,0,0,0
743424,726,-43.195527774846354,770.1,-0.0003493080381304026,48.321461868286136,14.071680307388306,0.0013468172134347256,0.0002,0.012576,0.4,0.0,0.0,251.24665185694334,0.01259765625,0.32400381565093994,210.161861038208,0.42835761678066187,0.7595718992050638,0.0,0,0.08077305165074648
744448,727,0,0,0.00013033831492066384,13.392516660690308,13.780259609222412,0.0006297842497994033,0.0002,0.01256576,0,0,0,213.16604391432614,0.00244140625,0.8301872611045837,376.8336428642273,0,0,0,0,0
745472,728,-11.233701841433199,800.0,0.0006770249921828509,6.767315816879273,13.896288537979126,0.0016950000257938136,0.0002,0.01255552,0.6,0.0,0.0,270.7435959196392,0.01455078125,0.8621354103088379,172.78082296848297,0.41536086864106114,0.8331677358757673,0.0,0,0.08281561030768163
746496,729,0,0,-3.966642543673515e-06,139.65104866027832,13.611866188049316,0.000228617825893096,0.0002,0.012545279999999999,0,0,0,234.78538380705405,0.0,0.6196300983428955,504.26969108581545,0,0,0,0,0
747520,730,-81.66710556634283,721.6,-0.000916826631873846,35.89587507247925,13.708352088928223,0.001278107059157474,0.0002,0.012535039999999999,0.6,0.0,0.0,297.5618308748211,0.01240234375,0.7639491558074951,285.5911922454834,0.41940183581560675,0.8426543801423669,0.0,0,0.06544720090192771
748544,731,0,0,0.0012955076526850462,0.290178244560957,14.010679626464844,0.0043415797208956166,0.0002,0.012524799999999999,0,0,0,363.4206115802004,0.0384765625,0.8868486285209656,8.237548351287842,0,0,0,0,0
749568,732,-60.40504822568088,785.1,0.00014194413088262082,3.9268606066703797,14.033516216278077,0.010689355520347821,0.0002,0.01251456,0.5,0.0,0.0,173.81744237928146,0.0705078125,0.8215691447257996,40.8648006439209,0.4025977455804707,0.704496569895363,0.0,0,0.07573104840639949
750592,733,0,0,-0.000505801010876894,26.502847290039064,13.638627290725708,0.01244669460578054,0.0002,0.01250432,0,0,0,322.57545119786806,0.09365234375,0.38664913177490234,59.74159688949585,0,0,0,0,0
751616,734,-26.97950858283379,907.8,0.00027568419463932516,55.29098739624023,14.072000217437743,0.00259462170219118,0.0002,0.012494080000000001,0.4,0.0,0.0,287.0510963530599,0.02490234375,0.5259788632392883,526.1707977294922,0.3960793568809179,0.580367360117201,0.0,0,0.0840302365923071
752640,735,0,0,0.00884619965735409,0.29182128442658317,14.213810020022922,0.037279675853966805,0.0002,0.01248384,0,0,0,184.14392919146823,0.2314453125,0.7332866787910461,6.709239602088928,0,0,0,0,0
753664,736,-131.34553416856733,631.2,0.017209524327578645,71.51394271850586,13.524775822957357,0.15922984667128345,0.0002,0.012473600000000001,1.0,0.0,0.0,335.1432216396642,0.5240885416666666,0.8134722709655762,206.53640206654867,0.4869375998869828,0.9871351274870162,0.0,0,0.07175522201006669
754688,737,0,0,0.0023465210571885107,32.824826908111575,13.476717948913574,0.009043535776475231,0.0002,0.01246336,0,0,0,237.98677370815142,0.0828125,0.8741698265075684,235.96374802589418,0,0,0,0,0
755712,738,-7.948741474625251,684.0,-4.9013737589120864e-05,13.720730471611024,13.546703195571899,0.0010692518292264807,0.0002,0.01245312,0.5,0.0,0.0,340.193354543501,0.00869140625,0.7909709811210632,140.56350870132445,0.5286311633160624,0.7468723925357322,0.0,0,0.09354271392465548
756736,739,0,0,-5.8929785154759884e-05,27.459061050415038,13.687852764129639,0.002046394786515826,0.0002,0.01244288,0,0,0,238.8577062367084,0.01943359375,0.656069278717041,76.49591813087463,0,0,0,0,0
757760,740,-138.37464640093665,719.5,-0.0003542649559676647,39.013243961334226,13.622376680374146,0.00036111420543347703,0.0002,0.01243264,0.9,0.0,0.0,293.4218485279983,0.0029296875,0.8406710624694824,117.28605518341064,0.49079510964238954,0.7348669060750266,0.0,0,0.09475646010446179
758784,741,0,0,-0.00015391563065350055,43.078671264648435,13.922039556503297,0.001670967156707448,0.0002,0.0124224,0,0,0,342.270224040877,0.016015625,0.2687116861343384,201.91440620422364,0,0,0,0,0
759808,742,-83.77490710813562,845.1,-0.00015463740564882755,21.407766819000244,13.553489303588867,0.0019189308669662175,0.0002,0.012412159999999998,0.6,0.0,0.0,297.9827349084471,0.0171875,0.8855629563331604,117.8580575466156,0.44401382681362317,0.9747071013704873,0.0,0,0.0774191084032163
760832,743,0,0,-0.002029142761602998,5.254297614097595,13.82868309020996,0.004892760060508294,0.0002,0.012401919999999999,0,0,0,354.1184700613434,0.04169921875,0.853740930557251,73.41929903030396,0,0,0,0,0
761856,744,-65.81803055955076,772.6,-0.000854640593752265,116.75204162597656,13.679737854003907,0.0004926764212145329,0.0002,0.01239168,0.5,0.0,0.0,337.7900963436598,0.00380859375,0.6489275693893433,836.4009639739991,0.4570489375212926,0.5576625078979544,0.0,0,0.07027659181675965
762880,745,0,0,4.832567647099495e-05,0.15649486519396305,13.82244415283203,0.004887663496898309,0.0002,0.01238144,0,0,0,311.21379565104576,0.036328125,0.6203833818435669,5.413442051410675,0,0,0,0,0
763904,746,-140.0633804137256,646.1,-0.0005284038372337819,0.13774844519793988,13.709892654418946,0.005314001633119858,0.0002,0.012371199999999999,0.7,0.0,0.0,303.9746309829581,0.041015625,0.17784637212753296,2.866543245315552,0.49618264946556206,0.6184702332875299,0.0,0,0.07356145156493765
764928,747,0,0,0.01196430129930377,133.8165547688802,13.314344724019369,0.057352315091261256,0.0002,0.01236096,0,0,0,271.65138393044913,0.256640625,0.6161850094795227,1058.3586364746093,0,0,0,0,0
765952,748,-64.35704381154142,599.3,-0.0003264492377638817,24.316719436645506,13.568886661529541,0.0016937062630307587,0.0002,0.012350719999999999,0.7,0.0,0.0,276.27535632073295,0.01337890625,0.8695759773254395,113.65006146430969,0.5633674041447791,0.8193896460112068,0.0,0,0.08404510731809042
766976,749,0,0,-0.0011108890175819397,5.665063214302063,13.823256921768188,0.007742922496651516,0.0002,0.012340480000000001,0,0,0,313.9281818946627,0.05478515625,0.7843043804168701,81.91793756484985,0,0,0,0,0
768000,750,-62.10958252507231,705.2,-0.0004005505470559001,45.3194766998291,13.740996265411377,0.0034605997387574306,0.0002,0.01233024,0.8,0.0,0.0,294.6690495591834,0.0279296875,0.8848743438720703,42.147469711303714,0.5246819407789645,0.9397840565162697,0.0,0,0.0860951681082356
769024,751,0,0,-0.0003464713227003813,48.607802391052246,13.708394193649292,0.001571304197791523,0.0002,0.012320000000000001,0,0,0,293.56560776506427,0.0080078125,0.8809035420417786,176.73506546020508,0,0,0,0,0
770048,752,-106.69617183363349,571.1,-9.494153782725334e-05,61.50951156616211,13.881106424331666,0.0010194263174623686,0.0002,0.01230976,0.8,0.0,0.0,263.79733822466665,0.00634765625,0.6295117139816284,144.8311840057373,0.5353690822413151,0.8402887265064439,0.0,0,0.0638535673594409
771072,753,0,0,-0.0012257095891982316,88.32612800598145,13.96374306678772,0.001960338014896479,0.0002,0.012299520000000001,0,0,0,317.9888040435157,0.02119140625,0.7360325455665588,261.83061656951907,0,0,0,0,0
772096,754,-140.70724046125537,649.5,-0.00022289799526333808,24.60961780548096,13.7873215675354,0.0002514631243442089,0.0002,0.01228928,0.8,0.0,0.0,261.6331414899046,0.000390625,0.8085883259773254,245.2818073272705,0.5061495052114287,0.7374767910562403,0.0,0,0.08788167593653487
773120,755,0,0,-0.0005022414494305849,36.441651344299316,14.003458213806152,0.001357573197874462,0.0002,0.01227904,0,0,0,267.65685892593814,0.01005859375,0.43833816051483154,207.62452449798585,0,0,0,0,0
774144,756,-136.98704836951003,606.2,-0.001716741593554616,0.6946626707911492,14.151479816436767,0.006137970887393607,0.0002,0.0122688,0.8,0.0,0.0,324.7007114363939,0.0591796875,0.842120885848999,16.11158729195595,0.5118681930102286,0.8297126471884921,0.0,0,0.0786622693527505
775168,757,0,0,0.0008259822847321629,0.1623137414455414,14.285649251937866,0.011013201647471415,0.0002,0.012258559999999998,0,0,0,364.624645231102,0.073046875,0.7534388303756714,4.196607160568237,0,0,0,0,0
776192,758,-110.74762779869374,586.0,-0.002621813956648111,0.6850474134087563,14.069508409500122,0.013097969873378457,0.0002,0.01224832,0.8,0.0,0.0,254.2502618294461,0.1078125,0.7122322916984558,12.436749804019929,0.6042077138867812,0.5874886670399154,0.0,0,0.090205909230254
777216,759,0,0,0.0006801709067076444,2.818953388929367,14.090122175216674,0.005106596260923713,0.0002,0.012238079999999998,0,0,0,260.14913691308135,0.04404296875,0.7680709362030029,27.34636335372925,0,0,0,0,0
778240,760,-85.11731195513786,665.9,-0.004487130635728438,0.21601897643672097,13.89480627907647,0.0253197408779759,0.0002,0.01222784,0.8,0.0,0.0,294.2403533815873,0.17740885416666666,0.2699328064918518,2.508702665567398,0.5608216544310591,0.8545649845694149,0.0,0,0.09172945316663364
779264,761,0,0,0.0773179551276068,82.18743896484375,14.515699783960978,0.11345159914352498,0.0002,0.012217599999999999,0,0,0,302.8405457996754,0.5999348958333334,0.47827279567718506,114.2475938796997,0,0,0,0,0
780288,762,-53.21649040138984,529.6,0.0022667159326374533,123.01974716186524,14.314550065994263,0.008846321782087685,0.0002,0.01220736,0.8,0.0,0.0,193.4227694604603,0.062890625,0.4634498953819275,801.3249034881592,0.5204626833447341,0.7305832863439604,0.0,0,0.06229197981766972
781312,763,0,0,-0.00023113624192774295,0.24480751380324364,14.349345684051514,0.005406727938726874,0.0002,0.01219712,0,0,0,290.322801261207,0.041796875,0.8040199279785156,3.1341991245746614,0,0,0,0,0
782336,764,-68.36023078814728,896.0,-9.145182557404041e-05,0.9052382171154022,14.253580665588379,0.005065983586285139,0.0002,0.01218688,0.5,0.0,0.0,334.8556944963884,0.0404296875,0.41237252950668335,13.405814743041992,0.44545127216086683,1.1709657461561747,0.0,0,0.08386160351869136
783360,765,0,0,0.010050529264844954,66.57600746154785,14.360328960418702,0.012534694018578828,0.0002,0.012176639999999999,0,0,0,279.4222152566732,0.1255859375,0.2903532385826111,395.5547206878662,0,0,0,0,0
784384,766,-74.76134004726387,848.4,-0.0015538615640252828,1.188225781917572,14.521714735031129,0.003797236675790927,0.0002,0.0121664,0.5,0.0,0.0,215.65870331844783,0.0345703125,0.7201590538024902,17.739786052703856,0.4583300326712318,0.766742685355143,0.0,0,0.10785229169712429
785408,767,0,0,-0.0014206516090780497,18.66098008155823,14.404938507080079,0.002025703035938964,0.0002,0.012156160000000001,0,0,0,290.30464957359703,0.01259765625,0.8089036345481873,82.75722279548646,0,0,0,0,0
786432,768,-70.67291629735976,512.9,-0.001625689072534442,0.1530342124402523,14.37892951965332,0.013436685118395708,0.0002,0.01214592,0.9,0.0,0.0,390.1161434105112,0.11025390625,0.7317636013031006,3.270501118898392,0.5487253530834753,0.8203765375443901,0.0,0,0.059732897956163225
787456,769,0,0,0.014244814752601087,26.17886233329773,14.17453807592392,0.03481917654431199,0.0002,0.01213568,0,0,0,348.2788645909034,0.189697265625,0.5376083850860596,167.30074977874756,0,0,0,0,0
788480,770,-56.168427827405836,787.7,-0.0001363248797133565,104.6573543548584,14.124891471862792,0.0009066876417248793,0.0002,0.01212544,0.7,0.0,0.0,300.2678448721307,0.0068359375,0.6068967580795288,798.2945636749267,0.5698238509993028,0.8250693669523376,0.0,0,0.0980992379498691
789504,771,0,0,-0.0008581324014812708,58.16783142089844,14.168855571746827,0.0015039193342852642,0.0002,0.0121152,0,0,0,263.5510479562857,0.01220703125,0.8714265823364258,157.36588220596315,0,0,0,0,0
790528,772,-78.29368058092096,478.9,-0.0001264791004359722,90.38832969665528,14.346898603439332,0.0007351305838112054,0.0002,0.01210496,0.9,0.0,0.0,412.30315216079697,0.00341796875,0.5770384073257446,435.33514404296875,0.672263496868964,0.9527118087908624,0.0,0,0.07838883190245559
791552,773,0,0,3.6791572347283365e-05,81.12385482788086,14.047413349151611,4.99245264300896e-05,0.0002,0.01209472,0,0,0,309.57934413224467,0.0,0.7928018569946289,297.1103931427002,0,0,0,0,0
792576,774,-35.051858457518065,694.3,-0.0006730163004249334,58.59622745513916,14.341758823394775,0.001091589934978554,0.0002,0.01208448,0.6,0.0,0.0,352.90051892793673,0.0087890625,0.7321994304656982,100.50709190368653,0.5804555564144325,0.8706936548084805,0.0,0,0.10253805041190725
793600,775,0,0,-0.0005294504575431347,67.5222360610962,14.360074520111084,0.0026467892218946963,0.0002,0.012074240000000002,0,0,0,275.6661268190653,0.02353515625,0.7589512467384338,72.19173316955566,0,0,0,0,0
794624,776,-129.63153525280873,625.1,0.00022907911334186793,132.32997360229493,14.271481132507324,0.00024460430645767417,0.0002,0.012064,0.8,0.0,0.0,268.6821397895943,0.0,0.7246779203414917,552.5640426635742,0.532363342046263,1.1091422304639584,0.0,0,0.07364467284332396
795648,777,0,0,-0.0012897176668047905,151.1049919128418,14.200123357772828,0.002864741931669723,0.0002,0.01205376,0,0,0,256.1209677784846,0.0267578125,0.6227312088012695,469.8546768188477,0,0,0,0,0
796672,778,-77.40304007844023,427.6,-0.0001524906139820814,31.328635501861573,14.354941034317017,0.002478347228061928,0.0002,0.01204352,0.9,0.0,0.0,358.52600497816525,0.02197265625,0.879668653011322,84.77624206542968,0.5626086786607799,0.6682537884579018,0.0,0,0.06340633036993355
797696,779,0,0,0.0005072393920272589,159.90980796813966,14.654292249679566,0.0019649394098814276,0.0002,0.012033279999999999,0,0,0,299.10948932254564,0.01279296875,0.4001760482788086,533.5369430541992,0,0,0,0,0
798720,780,-68.5274273995698,633.3,-0.000463226274587214,56.667976188659665,14.614393472671509,0.00059520027797344,0.0002,0.01202304,0.8,0.0,0.0,301.2188125520343,0.003125,0.7123985290527344,190.72342100143433,0.6436650868459493,0.8642783754030361,0.0,0,0.07690611551387264
799744,781,0,0,-0.0013786029303446412,1.1314260691404343,14.433775281906128,0.01296676754718069,0.0002,0.0120128,0,0,0,367.42661643277796,0.0951171875,0.32362133264541626,11.888118475675583,0,0,0,0,0
800768,782,-76.93692636587919,752.5,-0.0010367201641201973,73.03362083435059,14.296101140975953,0.003250488448295208,0.0002,0.012002559999999999,0.7,0.0,0.0,285.92070436486074,0.02509765625,0.7512520551681519,79.24358873367309,0.5616451691705855,1.0945351419935552,0.0,0,0.09676642509993379
801792,783,0,0,-0.00010176519863307476,38.55645351409912,14.383460330963135,0.0019050464249184885,0.0002,0.011992319999999999,0,0,0,409.0047335397196,0.02060546875,0.8099792003631592,52.47321939468384,0,0,0,0,0
802816,784,-92.78591110173859,533.6,-0.00159100997261703,15.348127126693726,14.157048606872559,0.0012281787879049766,0.0002,0.011982079999999999,0.9,0.0,0.0,226.95873330380823,0.0078125,0.5099992156028748,85.99188785552978,0.5745893151641541,0.8715661767124653,0.0,0,0.07280465849853238
803840,785,0,0,-0.0008294955361634493,86.27113723754883,14.195749235153198,0.0015013489513346912,0.0002,0.01197184,0,0,0,355.3931378068692,0.01005859375,0.834850549697876,81.09452400207519,0,0,0,0,0
804864,786,-103.9554469855517,644.7,-0.0010881357826292514,48.84210357666016,14.161647319793701,0.0014925965313913104,0.0002,0.011961600000000001,0.8,0.0,0.0,364.07873485109405,0.00947265625,0.7781352400779724,109.99227294921874,0.5922187022741349,0.98188147354426,0.0,0,0.08753169390567836
805888,787,0,0,-0.0008625489659607411,24.664470863342284,14.05769772529602,0.002306645824908671,0.0002,0.01195136,0,0,0,291.8327252362759,0.02392578125,0.8953117728233337,59.18526973724365,0,0,0,0,0
806912,788,-77.41593573920049,651.9,-0.0007710391655564308,1.2341634511947632,14.247930765151978,0.0017748471667249355,0.0002,0.01194112,0.8,0.0,0.0,402.5114370817352,0.01484375,0.8547640442848206,29.93006887435913,0.5615929109910429,1.0508517233989143,0.0,0,0.09140679544880943
807936,789,0,0,-1.1395616456866265e-05,11.63686466217041,14.070550441741943,0.0006013767343077348,0.0002,0.011930880000000001,0,0,0,248.28052409729688,0.00302734375,0.8860256671905518,103.58822684288025,0,0,0,0,0
808960,790,-56.755117491977934,521.5,-0.001350218616425991,65.04824752807617,14.044189262390137,0.0016835679498274914,0.0002,0.01192064,0.9,0.0,0.0,294.83117515727423,0.01142578125,0.7702223062515259,572.7278358459473,0.6764963627416447,0.7095764671058657,0.0,0,0.09356573024761698
809984,791,0,0,-0.00041908512357622383,39.48907604217529,14.16291036605835,0.0006248093840646618,0.0002,0.0119104,0,0,0,333.9342092506001,0.00537109375,0.6817976832389832,165.5757535457611,0,0,0,0,0
811008,792,-78.69882369086508,603.7,7.751216180622578e-05,59.08721408843994,14.145903825759888,0.0004750850296107778,0.0002,0.01190016,0.9,0.0,0.0,336.72496189765366,0.0013671875,0.830926775932312,272.56036338806155,0.6641533358106314,0.8904912290681478,0.0,0,0.08546749505995573
812032,793,0,0,-4.13309782743454e-05,30.252756977081297,14.076086282730103,0.0006715103339407058,0.0002,0.01188992,0,0,0,273.3970485497656,0.00439453125,0.7086716890335083,166.87887139320372,0,0,0,0,0
813056,794,-108.79625298580342,461.1,-0.0003855856601148844,1.2318563163280487,14.255330133438111,0.0032286683971035402,0.0002,0.01187968,0.9,0.0,0.0,316.46986531838917,0.02626953125,0.06383031606674194,3.293707901239395,0.5755187430387025,0.7397399652589712,0.0,0,0.07772104081070766
814080,795,0,0,0.0028976923786103725,130.67779350280762,14.162352132797242,0.011015105448349782,0.0002,0.01186944,0,0,0,283.3875686065414,0.07294921875,0.12677478790283203,346.16577072143554,0,0,0,0,0
815104,796,-63.01555849726533,741.6,-0.00017576441168785096,50.46858291625976,14.123577690124511,0.00010949068384942251,0.0002,0.011859199999999999,0.6,0.0,0.0,319.0614319392954,0.0,0.6306023597717285,364.6954849243164,0.5512091421386554,0.7535131993638746,0.0,0,0.10362535242899766
816128,797,0,0,-0.001511496747843921,33.759842777252196,14.12131118774414,0.0022998983368973215,0.0002,0.01184896,0,0,0,252.53268374024037,0.0197265625,0.7741104364395142,116.261256980896,0,0,0,0,0
817152,798,-161.37488696934838,530.3,-0.0021979086101055144,18.789459228515625,14.177438974380493,0.008840013322000217,0.0002,0.011838719999999999,1.0,0.0,0.0,251.337941211169,0.0935546875,0.8767237067222595,29.570539450645448,0.5421982172064277,0.9480360309208986,0.0,0,0.07200176582349978
818176,799,0,0,-0.0010506322141736746,69.89672756195068,14.224049377441407,0.0018083540184689717,0.0002,0.01182848,0,0,0,242.98377155889222,0.01474609375,0.7917920351028442,133.45721311569213,0,0,0,0,0
819200,800,-66.36076339709689,776.0,0.00037788222543895246,138.55151329040527,14.250522089004516,0.0030664448932224532,0.0002,0.01181824,0.5,0.0,0.0,257.7817549627417,0.03369140625,0.771056592464447,680.7002582550049,0.4664705545039819,0.5398482484290448,0.0,0,0.08562398801898667
820224,801,0,0,1.3578403741121293e-05,1.690354096889496,14.349838066101075,0.00030160092842503874,0.0002,0.011807999999999999,0,0,0,320.9853522693464,0.00224609375,0.7475628852844238,36.26127669811249,0,0,0,0,0
821248,802,-91.05875489503016,816.7,-0.000633812788873911,45.9506217956543,14.290064477920533,0.002512316527871139,0.0002,0.011797760000000001,0.6,0.0,0.0,390.48135544156503,0.026953125,0.8659985661506653,334.81710443496706,0.43655374723328144,0.932326908174846,0.0,0,0.0813594278414492
822272,803,0,0,-0.0016548946732655168,68.6143144607544,14.359227514266967,0.003228814707513372,0.0002,0.011787520000000001,0,0,0,296.2490784652181,0.02197265625,0.8740488290786743,86.1681900024414,0,0,0,0,0
823296,804,-154.86475992683194,648.4,-0.0011794652324169873,43.02692546844482,14.336405754089355,0.004707962927568055,0.0002,0.01177728,0.8,0.0,0.0,390.94622596117523,0.034375,0.8877502679824829,69.4810251235962,0.47910227713562853,1.0695441400707557,0.0,0,0.07872671643130605
824320,805,0,0,-0.0006820315727964043,26.99587392807007,14.410066270828247,0.001357608806017474,0.0002,0.01176704,0,0,0,333.5349284008824,0.01142578125,0.7651026248931885,448.71476769447327,0,0,0,0,0
825344,806,-47.962348437751956,794.5,-0.0016684119356796146,20.793370485305786,14.561857986450196,0.001763572301292271,0.0002,0.0117568,0.6,0.0,0.0,306.4950321379793,0.0123046875,0.6779477596282959,102.8157073020935,0.4716178305131753,0.7946855515962633,0.0,0,0.09470430819751204
826368,807,0,0,-0.0017945002298802137,22.81740531921387,14.577351570129395,0.014188572825737378,0.0002,0.01174656,0,0,0,322.76383051666204,0.07646484375,0.8606897592544556,45.75442175865173,0,0,0,0,0
827392,808,-39.485383632783496,857.4,-0.0011227883864194156,2.5756389141082763,14.768527841567993,0.009498544179987167,0.0002,0.01173632,0.3,0.0,0.0,315.1726437161508,0.06728515625,0.8419672250747681,19.58527427315712,0.4038057789130739,0.9560685718580226,0.0,0,0.10074617646280229
828416,809,0,0,-0.00019944841042160988,3.7960042715072633,14.684823417663575,0.0044228039231199116,0.0002,0.01172608,0,0,0,177.35272657840173,0.03994140625,0.8328441381454468,86.91159744262696,0,0,0,0,0
829440,810,-114.34332299761316,838.6,-0.0013357292395085097,48.28016242980957,14.499300909042358,0.000834545579933188,0.0002,0.01171584,0.4,0.0,0.0,278.9568542364321,0.00390625,0.807971715927124,468.049951171875,0.4221400871839968,0.8828511306904607,0.0,0,0.08850286120590777
830464,811,0,0,-0.0013052168535068632,4.940778839588165,14.671678972244262,0.003668276422407679,0.0002,0.0117056,0,0,0,307.19095485617527,0.030078125,0.7156929969787598,47.71033153533936,0,0,0,0,0
831488,812,-134.456993556979,715.5,0.003254504781216383,51.61787033081055,14.424121952056884,0.015937871267705274,0.0002,0.01169536,0.7,0.0,0.0,365.85575513799125,0.082421875,0.2643289566040039,623.1590278625488,0.446677192876319,0.8061283278450702,0.0,0,0.07451523742331946
832512,813,0,0,-0.0021444162586703895,17.700337600708007,14.4226815700531,0.004280994877868949,0.0002,0.01168512,0,0,0,39.03024945517401,0.044140625,0.8977289199829102,86.26391215324402,0,0,0,0,0
833536,814,-147.47276948443124,735.8,-7.353681139647961e-05,29.080476665496825,14.445842170715332,5.74477167567089e-05,0.0002,0.01167488,0.7,0.0,0.0,319.5443356819835,0.0,0.8941735625267029,154.92019348144532,0.49026867862025786,0.6315321531377458,0.0,0,0.09497248651380868
834560,815,0,0,-0.0026306577958166598,32.529219436645505,14.356580638885498,0.014408664437144747,0.0002,0.011664639999999999,0,0,0,371.063664555893,0.110546875,0.7910637259483337,113.03628618717194,0,0,0,0,0
835584,816,-121.12731051029834,853.6,0.0013489983975887299,114.60741958618163,14.229716968536376,0.003118370078324961,0.0002,0.0116544,0.6,0.0,0.0,328.4300629810543,0.0220703125,0.7380775809288025,867.6950202941895,0.4733211988700159,0.8799967870675781,0.0,0,0.09207455084440283
836608,817,0,0,-0.00011854195035994053,68.34927825927734,14.235003852844239,0.00018220410018541245,0.0002,0.01164416,0,0,0,350.46855807977346,0.0001953125,0.7886743545532227,395.4126916885376,0,0,0,0,0
837632,818,-83.25709558393339,789.1,-0.00041557629592716696,109.92831077575684,14.37842116355896,0.0004909183253403171,0.0002,0.011633919999999999,0.7,0.0,0.0,354.1315507724208,0.0013671875,0.6430810689926147,355.8797954559326,0.4523094190353067,0.853703384220591,0.0,0,0.08890027459402546
838656,819,0,0,8.382478263229132e-05,3.711915147304535,14.472194576263428,0.0014683558983203504,0.0002,0.011623679999999999,0,0,0,232.90239623414294,0.0099609375,0.8245626091957092,43.34537405967713,0,0,0,0,0
839680,820,-63.46435419498016,818.3,-0.0011273925425484776,5.666174137592316,14.41650424003601,0.003216607274906469,0.0002,0.01161344,0.5,0.0,0.0,310.70458106467225,0.023046875,0.7259024381637573,131.849227309227,0.43332122634962145,0.8870974695900798,0.0,0,0.08127008635234341
840704,821,0,0,-0.00010202773846685886,54.44326286315918,14.73054347038269,0.0024477221321295593,0.0002,0.0116032,0,0,0,341.3422582628702,0.01953125,0.4968416094779968,47.16302146911621,0,0,0,0,0
841728,822,-72.86244989302061,814.7,-0.0021528412587940695,1.0076084077358245,14.482382583618165,0.009161182817697178,0.0002,0.01159296,0.4,0.0,0.0,324.1863254524887,0.05,0.021618664264678955,25.962323117256165,0.4472036285107609,0.5829301322387179,0.0,0,0.09212181537208525
842752,823,0,0,-0.0008945622947067022,63.61114368438721,14.564418935775757,0.005849663530016614,0.0002,0.01158272,0,0,0,251.32832248916998,0.03857421875,0.8057611584663391,35.600528144836424,0,0,0,0,0
843776,824,-86.10678476008569,710.3,-0.00048721394268795847,32.391037464141846,14.52890625,0.00564092243443719,0.0002,0.01157248,0.7,0.0,0.0,259.1854512275044,0.04541015625,0.8688660860061646,23.322580528259277,0.4566192447553131,0.7864258855651208,0.0,0,0.07064916508910905
844800,825,0,0,-0.0001738862134516239,63.71145009994507,14.373205709457398,0.00019374180442675027,0.0002,0.011562240000000001,0,0,0,330.6829194003714,0.0,0.15885627269744873,303.64907150268556,0,0,0,0,0
845824,826,-129.7874732167817,677.0,-0.00024439054541289804,56.557163619995116,14.420792531967162,4.535726303647181e-05,0.0002,0.011552,0.8,0.0,0.0,299.45465343524864,0.0,0.6871895790100098,834.9425022125245,0.4861485099102521,0.7292359225895728,0.0,0,0.08480841996362225
846848,827,0,0,8.017085492610932e-05,32.33132553100586,14.499995136260987,0.0002076763913373192,0.0002,0.01154176,0,0,0,314.8559705137154,0.0,0.6039612293243408,258.7552974700928,0,0,0,0,0
847872,828,-159.44492355329095,452.0,-0.0057606456490854425,0.13832082351048788,14.445872730678982,0.019667114105321244,0.0002,0.01153152,1.0,0.0,0.0,391.6789517697731,0.1274956597222222,0.7722514867782593,2.3173825244108834,0.5167417901490999,0.8173163454737559,0.0,0,0.06259020440376098
848896,829,0,0,0.023822475153093155,9.827379886920635,14.217405979449932,0.06454852966667673,0.0002,0.01152128,0,0,0,274.55583757140187,0.3239182692307692,0.5320127010345459,107.30208220848671,0,0,0,0,0
849920,830,-64.11277003292977,594.4,-0.0022796016419306397,0.3907042905688286,14.349526929855347,0.013663848640901931,0.0002,0.01151104,0.8,0.0,0.0,368.1721375148406,0.1009765625,0.2353636622428894,3.6371093869209288,0.6949161940150729,0.8893401108111236,0.0,0,0.10335292430595402
850944,831,0,0,0.00988830317510292,92.35494375228882,14.171192348003387,0.03289564571611836,0.0002,0.0115008,0,0,0,299.7838326429877,0.1890869140625,0.6453942656517029,577.5048403739929,0,0,0,0,0
851968,832,-120.94091195190383,792.3,-0.0005129719385877252,82.44002189636231,14.534475135803223,0.001965270781851558,0.0002,0.011490559999999999,0.6,0.0,0.0,310.28007964325394,0.01787109375,0.5731405019760132,66.47128353118896,0.5599881548459098,0.9731116618393483,0.0,0,0.1109029621587927
852992,833,0,0,0.00010358232539147139,29.919720554351805,14.52673773765564,0.0007461987090713329,0.0002,0.01148032,0,0,0,354.66842964505634,0.00390625,0.7606263160705566,64.68555078506469,0,0,0,0,0
854016,834,-99.053941589706,694.2,-0.00040214057080447676,29.10054922103882,14.091817951202392,0.0014418801187718877,0.0002,0.011470079999999999,0.7,0.0,0.0,305.3402747173413,0.0109375,0.7981173396110535,117.81393938064575,0.5830515605661154,1.1581824643168648,0.0,0,0.07816930642491478
855040,835,0,0,-0.00034047807566821574,76.44011497497559,14.097389078140258,0.0002268776046607357,0.0002,0.011459839999999999,0,0,0,258.2731500796714,9.765625e-05,0.8034331798553467,155.79837522506713,0,0,0,0,0
856064,836,-118.63264706272994,541.6,-0.0005014820722863078,51.9365629196167,14.597315788269043,0.004429230222053082,0.0002,0.0114496,1.0,0.0,0.0,366.7513656148721,0.04453125,0.8339120745658875,45.767802715301514,0.657024568830211,1.0368428277000463,0.0,0,0.06918273799528014
857088,837,0,0,-0.003762417286634445,75.26306915283203,14.349795627593995,0.008164048957087023,0.0002,0.011439359999999999,0,0,0,361.3787200415181,0.06103515625,0.8365582227706909,75.15598096847535,0,0,0,0,0
858112,838,-86.91207197517126,559.7,-0.00038072061724960806,2.956319934129715,14.417024040222168,0.005125570356933551,0.0002,0.011429120000000001,0.7,0.0,0.0,350.2494615536108,0.03984375,0.7662299871444702,41.43601026535034,0.674371171444241,0.828878954564584,0.0,0,0.08778629042301708
859136,839,0,0,-0.0011938977520912885,46.795181083679196,14.272792148590089,0.004097737055092932,0.0002,0.011418880000000001,0,0,0,348.6139382514382,0.03740234375,0.7499880790710449,262.23077487945557,0,0,0,0,0
860160,840,-67.24622501739586,582.2,0.00041425516828894613,42.012931442260744,14.824563360214233,0.00263684047871946,0.0002,0.01140864,0.8,0.0,0.0,314.26819156559213,0.02216796875,0.8568422198295593,90.06450309753419,0.5808333119923651,0.8831161784480057,0.0,0,0.07446284093517837
861184,841,0,0,-0.0007308806525543332,8.399039220809936,14.438583278656006,0.002322259815010863,0.0002,0.0113984,0,0,0,338.5435780631865,0.01650390625,0.8530789613723755,24.17797260284424,0,0,0,0,0
862208,842,-31.088959884572535,471.6,-0.0004931390285491943,15.53882908821106,14.824098014831543,0.006025010094194183,0.0002,0.011388160000000001,0.7,0.0,0.0,333.0267677245833,0.05126953125,0.7064997553825378,66.8614218711853,0.7608735295325548,0.6697206553478927,0.0,0,0.07592239246722107
863232,843,0,0,-0.00046262326650321485,85.97300987243652,14.24074387550354,0.0022067069131063376,0.0002,0.01137792,0,0,0,311.55768830124254,0.02099609375,0.7395033836364746,277.9876579284668,0,0,0,0,0
864256,844,-103.48093141975933,387.6,-0.0010000221896916627,2.1636383295059205,14.390354442596436,0.005613758779563316,0.0002,0.01136768,1.0,0.0,0.0,364.51986139143423,0.0427734375,0.5970094203948975,54.70084856748581,0.6856900344658696,0.7389957977985535,0.0,0,0.05877381877404454
865280,845,0,0,0.004238437628373504,4.37596732378006,15.038198566436767,0.010624331689951739,0.0002,0.01135744,0,0,0,315.3804465130883,0.07822265625,0.8639572858810425,120.70463333129882,0,0,0,0,0
866304,846,-48.25827129339989,635.3,0.0010289039462804794,65.99119358062744,14.222863626480102,0.0014990156684182132,0.0002,0.011347199999999998,0.6,0.0,0.0,293.2977769498151,0.01181640625,0.7546707987785339,132.6754430770874,0.584879207397566,0.8595794171892441,0.0,0,0.08276133995889398
867328,847,0,0,-0.0005360052920877934,35.289879989624026,14.441429948806762,0.0009129249065690459,0.0002,0.01133696,0,0,0,355.6868083826454,0.00478515625,0.7994991540908813,107.80568618774414,0,0,0,0,0
868352,848,-96.69973861487358,626.3,-0.0015381539240479469,37.092193031311034,14.327333927154541,0.0035814449238873005,0.0002,0.011326719999999998,0.8,0.0,0.0,320.7431990908896,0.03271484375,0.8486358523368835,62.76043958663941,0.5742498934969562,1.0416699506618143,0.0,0,0.0739654778296735
869376,849,0,0,-0.00031374890822917224,16.757624673843384,14.414505529403687,0.003735449991245243,0.0002,0.01131648,0,0,0,361.0390046982502,0.02158203125,0.7714142799377441,213.31678562164308,0,0,0,0,0
870400,850,-57.74976257365661,538.1,-0.0029801133554428817,45.06135768890381,14.145262575149536,0.014184476911793541,0.0002,0.01130624,0.8,0.0,0.0,354.16732327616916,0.0830078125,0.725541353225708,125.23696527481079,0.6943084553208844,0.9321099241787796,0.0,0,0.07563653037739099
871424,851,0,0,-0.0006310596130788326,2.206654191017151,14.801421880722046,0.0038944933389243987,0.0002,0.011296,0,0,0,226.82136279537303,0.0375,0.5601450204849243,56.99763526916504,0,0,0,0,0
872448,852,-54.68052688462457,566.1,-0.0005837672390043736,64.02613258361816,14.628310775756836,0.014586365476172602,0.0002,0.01128576,0.7,0.0,0.0,293.2358205404961,0.10234375,0.43279439210891724,401.40932579040526,0.6853522724048193,0.8093828887834945,0.0,0,0.0784076245529561
873472,853,0,0,-0.0004135673400014639,50.39041156768799,14.792297792434692,0.0008057596424296598,0.0002,0.01127552,0,0,0,363.1712998629747,0.0046875,0.4883500933647156,487.50839347839354,0,0,0,0,0
874496,854,-98.76723333280013,549.7,-0.0003265395294874907,62.97261486053467,14.761492681503295,0.0068506336364865025,0.0002,0.011265279999999999,0.9,0.0,0.0,344.7686593510401,0.05732421875,0.8375132083892822,240.9366014480591,0.6503446191336992,0.9308215584175826,0.0,0,0.07332243887512625
875520,855,0,0,-0.0005861413665115833,29.28231716156006,14.062195014953613,0.0025720009667566934,0.0002,0.01125504,0,0,0,375.87668070446216,0.01826171875,0.8097942471504211,80.00582275390624,0,0,0,0,0
876544,856,-103.20298215242151,751.8,0.0009680799208581448,35.15672073364258,14.82523455619812,0.009025885374317432,0.0002,0.011244800000000001,0.7,0.0,0.0,305.88588724354975,0.07255859375,0.8573094010353088,264.14199633598326,0.5112332345517967,0.8705291031621142,0.0,0,0.07135440557455823
877568,857,0,0,0.0004742248449474573,20.19268317222595,15.003567743301392,0.0018255881794864593,0.0002,0.01123456,0,0,0,337.79997936219104,0.017578125,0.9434365034103394,76.44247379302979,0,0,0,0,0
878592,858,-69.3309908421204,810.9,-0.0007296514231711626,43.799645042419435,14.844881534576416,0.008922422227669546,0.0002,0.01122432,0.6,0.0,0.0,321.20805181607705,0.0689453125,0.5591787099838257,161.97308712005616,0.48054287949660185,0.9111321705216119,0.0,0,0.08471657497444329
879616,859,0,0,0.0005415771622210741,1.3496386021375657,14.908670949935914,0.0057832217337639765,0.0002,0.01121408,0,0,0,419.7425835465127,0.048828125,0.656377911567688,31.483278679847718,0,0,0,0,0
880640,860,-131.29992022156998,684.5,0.05488829913416079,1.0948781158242906,14.62592111315046,0.19361695969882284,0.0002,0.01120384,0.6,0.0,0.0,412.7596557663972,0.46400669642857145,0.6107339859008789,32.91732631410871,0.4022585301170751,0.6548115384848971,0.0,0,0.06321405111713715
881664,861,0,0,0.016637741510445874,14.837773084640503,15.929661194483439,0.06896344029044717,0.0002,0.0111936,0,0,0,351.22113001659216,0.4166666666666667,0.832741379737854,172.65514087677002,0,0,0,0,0
882688,862,-13.825401084753091,1000.0,-0.0034121770411729814,0.1931977726519108,15.951451301574707,0.011619416131063608,0.0002,0.011183359999999998,0.1,0.0,0.0,335.1261454066847,0.096875,0.7855186462402344,10.46176411509514,0.3361517673397667,0.6703317661206664,0.0,0,0.08092864266818066
883712,863,0,0,0.0014740381286376053,0.15535950081215966,15.780627303653294,0.01825528289196961,0.0002,0.01117312,0,0,0,359.43738674393194,0.10731336805555555,-0.09111285209655762,4.733452505535549,0,0,0,0,0
884736,864,-8.63979285161779,911.1,-0.0005227824673056603,0.08236073032021522,15.835055685043335,0.013821137859533473,0.0002,0.01116288,0.2,0.0,0.0,348.21550122901954,0.10712890625,-0.046917080879211426,2.309085139632225,0.3504877604965744,0.6248782726405682,0.0,0,0.06961440202721557
885760,865,0,0,-0.0014365768991410732,57.69046792984009,15.81908950805664,0.010114871541785763,0.0002,0.01115264,0,0,0,211.8492815295171,0.0833984375,0.17292916774749756,342.3490474700928,0,0,0,0,0
886784,866,-68.3991195980405,959.5,-0.001292039779946208,4.358064031600952,15.949065542221069,0.003354756163123707,0.0002,0.0111424,0.2,0.0,0.0,299.50648319668664,0.03154296875,0.846259355545044,87.48955016136169,0.32407841575485075,0.6060936051501189,0.0,0,0.0704499668767406
887808,867,0,0,-0.0018367670010775328,0.7521329551935196,15.99963936805725,0.010946805845232,0.0002,0.01113216,0,0,0,369.4241194070418,0.09072265625,0.6954866647720337,9.84298015832901,0,0,0,0,0
888832,868,-23.25677667961137,928.5,-0.0009196752216666937,0.13762517012655734,15.955890035629272,0.014177200634780007,0.0002,0.011121919999999999,0.2,0.0,0.0,281.83790528861863,0.09169921875,0.8634353876113892,3.2602050334215162,0.3313680366546913,0.8412235921621495,0.0,0,0.07760361546112937
889856,869,0,0,0.017814954878607143,227.00616772969565,15.808953841527304,0.1300206676436749,0.0002,0.01111168,0,0,0,222.5409591697185,0.3907877604166667,0.1902010440826416,993.5246874491373,0,0,0,0,0
890880,870,-32.958111463737225,770.8,-0.0007167628733441234,8.810569834709167,15.798991441726685,0.00570923300552284,0.0002,0.01110144,0.3,0.0,0.0,258.44225324127865,0.04765625,0.8337518572807312,237.54936757087708,0.4163943941807209,0.6181032850466484,0.0,0,0.0713697615857288
891904,871,0,0,-0.0009956453926861287,5.6060555338859555,15.764944744110107,0.0023309414558222662,0.0002,0.011091199999999999,0,0,0,369.7365128218196,0.0205078125,0.1585957407951355,82.63690886497497,0,0,0,0,0
892928,872,-207.43212522034509,634.8,-0.000611523725092411,168.92325286865236,15.638673448562622,0.0014615354152215155,0.0002,0.011080959999999999,0.9,0.0,0.0,255.20967705420546,0.008984375,0.26566439867019653,382.58900299072263,0.4322707462451588,0.5320744604181691,0.0,0,0.07357494168816836
893952,873,0,0,-0.0004400036996230483,0.28564917147159574,15.864291048049926,0.003706767712961323,0.0002,0.01107072,0,0,0,393.1747363306201,0.02861328125,0.8818674087524414,8.155477148294448,0,0,0,0,0
894976,874,-138.20700837467163,790.8,-0.0011476652231067418,0.2697936400771141,15.876682472229003,0.002598357604483947,0.0002,0.01106048,0.5,0.0,0.0,300.82645578349747,0.02060546875,0.7050089836120605,7.613383501768112,0.4043743811833266,0.7102857147348061,0.0,0,0.07095344411802723
896000,875,0,0,0.00214474406093359,33.73885908126831,16.032709217071535,0.03051740704108532,0.0002,0.01105024,0,0,0,328.43621616880483,0.34140625,0.06627678871154785,85.53753337860107,0,0,0,0,0
897024,876,-52.08911486021227,997.7,0.0006617213599383831,72.3564863204956,16.08155937194824,0.0035509512083728547,0.0002,0.01104,0.3,0.0,0.0,346.14386719063873,0.02822265625,0.5407794713973999,248.8147283554077,0.37191413687587954,0.7987273321162913,0.0,0,0.08597345129491495
898048,877,0,0,7.968675345182418e-06,67.59762592315674,15.936237287521362,0.0009922158235517564,0.0002,0.01102976,0,0,0,419.7597310233439,0.00810546875,0.7405730485916138,300.69053840637207,0,0,0,0,0
899072,878,-1.2225203531530724,892.1,-0.00044015462044626473,11.15370147228241,15.91008038520813,0.00023689029971682985,0.0002,0.011019520000000001,0.2,0.0,0.0,319.4491016271649,0.000390625,0.7574002742767334,256.8357246398926,0.3750291238377318,0.4994188940674277,0.0,0,0.08094949246465558
900096,879,0,0,-0.00041825551306828856,0.27497373670339587,16.019929599761962,0.0034158046721529446,0.0002,0.01100928,0,0,0,439.6739054570038,0.02734375,0.4892241358757019,8.467805171012879,0,0,0,0,0
901120,880,-77.25573257164392,905.1,0.006318174535408616,127.07052917480469,15.786215591430665,0.007913528644744705,0.0002,0.01099904,0.6,0.0,0.0,286.74301161234587,0.06123046875,0.7998321056365967,279.49980278015136,0.39872417464566084,0.7061499877686431,0.0,0,0.08272102783907935
902144,881,0,0,-9.940359741449356e-05,0.2010280668735504,16.027685403823853,0.005929378305581245,0.0002,0.0109888,0,0,0,348.99289763574404,0.040625,0.4070725440979004,6.012443715333939,0,0,0,0,0
903168,882,-94.23528297940261,901.1,0.05941282662873467,39.52711772918701,16.318661212921143,0.1263394621201758,0.0002,0.01097856,0.3,0.0,0.0,327.708877544675,0.6123046875,0.8739520311355591,126.51620737711589,0.3196576171611931,0.49594340860626074,0.0,0,0.07049265524230552
904192,883,0,0,-0.00021162163466215134,19.075045251846312,16.390455055236817,0.0012571333125946716,0.0002,0.01096832,0,0,0,434.8721406432775,0.00625,0.7061781883239746,161.5209713935852,0,0,0,0,0
905216,884,-7.302057776356131,875.8,-0.00011980903800576926,61.38260917663574,16.444936656951903,0.0013970837405121728,0.0002,0.010958079999999999,0.2,0.0,0.0,443.85912310544603,0.01015625,0.8806828260421753,28.4224365234375,0.33692667111896496,0.5452436403709777,0.0,0,0.05958321097136826
906240,885,0,0,-0.0024558449164032935,0.4394667997956276,16.737344837188722,0.006826600747160949,0.0002,0.010947839999999999,0,0,0,423.506526240891,0.0517578125,0.9268335700035095,12.938586348295212,0,0,0,0,0
907264,886,-52.41369102854858,758.0,0.005716532119549811,0.5583948828279972,16.365191221237183,0.051260438340325676,0.0002,0.010937599999999999,0.4,0.0,0.0,306.98486999788645,0.2154541015625,0.5500226020812988,19.06406320631504,0.36644621504458474,0.561364923833289,0.0,0,0.0642663981940903
908288,887,0,0,0.004266758076846599,0.14537306539714337,16.49791383743286,0.007730762878843933,0.0002,0.010927359999999999,0,0,0,423.8858375455767,0.0578125,0.9647841453552246,5.162283527851105,0,0,0,0,0
909312,888,-71.30163921564397,830.6,-0.0063436695167587865,0.13810738010538948,16.339982562594944,0.02249049952019888,0.0002,0.010917119999999999,0.3,0.0,0.0,341.4288733055519,0.109375,0.07894611358642578,4.090778367386924,0.395702620219882,0.7198121800884116,0.0,0,0.07187662696498284
910336,889,0,0,0.00014264462515711784,11.27417724132538,16.273472023010253,0.008080175735861683,0.0002,0.01090688,0,0,0,375.14425441455126,0.07939453125,0.4278677701950073,88.32276201248169,0,0,0,0,0
911360,890,-84.2767533438897,800.2,-0.003087679878808558,12.326003408432006,16.04183735847473,0.008365927916806282,0.0002,0.010896639999999999,0.6,0.0,0.0,350.0701527996534,0.06884765625,0.7724331617355347,50.61728982925415,0.41774566201470253,0.545202217634625,0.0,0,0.08467070953406547
912384,891,0,0,-3.3857394009828566e-05,19.976337051391603,16.082823944091796,0.003481749301188941,0.0002,0.010886400000000001,0,0,0,310.496315403619,0.028125,0.8277586102485657,85.50933570861817,0,0,0,0,0
913408,892,-137.46159276781046,846.4,-0.00127516551874578,62.974216079711915,16.3129921913147,0.001413259196542338,0.0002,0.010876160000000001,0.5,0.0,0.0,451.44926260273047,0.00947265625,0.6154001355171204,234.3217403411865,0.3986756928015481,0.7276930477941456,0.0,0,0.08994475949220873
914432,893,0,0,-0.00021212482824921607,49.552116584777835,16.428397369384765,0.0012765940767216933,0.0002,0.01086592,0,0,0,419.1287828124468,0.009765625,0.8456710577011108,94.53019485473632,0,0,0,0,0
915456,894,-91.7648958969643,842.8,0.00020253807306289673,116.09788513183594,15.936487913131714,0.00037335223572894095,0.0002,0.01085568,0.4,0.0,0.0,374.5399573082241,0.001171875,0.732932448387146,403.03312797546386,0.4137060483981463,0.43410129475389814,0.0,0,0.07775726863146616
916480,895,0,0,-9.294161573052407e-05,7.387163937091827,16.36903018951416,0.00022085113104193256,0.0002,0.01084544,0,0,0,356.29730170970913,0.00068359375,0.861871600151062,180.98416805267334,0,0,0,0,0
917504,896,-117.15408927940416,733.3,-0.00018790112808346747,69.3947696685791,16.05021505355835,0.0007110425174082557,0.0002,0.0108352,0.4,0.0,0.0,305.22921652144777,0.00537109375,0.8303412199020386,123.73965339660644,0.4031793748025797,0.7118918360826952,0.0,0,0.05969132785001543
918528,897,0,0,-0.0008686963003128767,56.463920974731444,16.31940689086914,0.0032068224805278157,0.0002,0.01082496,0,0,0,340.7527794769266,0.0306640625,0.8685146570205688,144.23131942749023,0,0,0,0,0
919552,898,-33.121043157971556,971.5,-0.0008311293087899685,6.5069623470306395,16.260167789459228,0.00608588328292301,0.0002,0.010814719999999998,0.4,0.0,0.0,457.9609733242899,0.05068359375,0.6945874094963074,92.29572305679321,0.36220816725421173,0.7150327713068714,0.0,0,0.08456162959660744
920576,899,0,0,0.01019957015911738,0.09631764441728592,16.700332260131837,0.07586840135246813,0.0002,0.010804479999999998,0,0,0,424.18960856926816,0.26901041666666664,0.9736331701278687,5.256509621938069,0,0,0,0,0
921600,900,11.403322493240628,980.7,0.007059619378517656,0.49884240416919484,16.900442011216107,0.04043531828731757,0.0002,0.01079424,0.1,0.0,0.0,461.1358109524186,0.28308823529411764,-1.2185378074645996,8.378574013710022,0.33098918290638907,0.5359936295255204,0.0,0,0.07691943200020515
922624,901,0,0,0.007526611580568201,0.1846364421003005,16.402120478012982,0.04015156592467625,0.0002,0.010783999999999998,0,0,0,500.3632228949314,0.21254595588235295,0.46090376377105713,7.183562475092271,0,0,0,0,0
923648,902,-122.66129518007247,771.0,-0.0002660912461578846,122.93088073730469,16.069390869140626,0.0012846979660531943,0.0002,0.01077376,0.5,0.0,0.0,315.26233630181326,0.0142578125,0.6080380082130432,1184.9032787323,0.36231987631860557,0.6193215804682178,0.0,0,0.06401278091406458
924672,903,0,0,0.002628651447594166,0.13449200838804246,16.630537509918213,0.009920227617160382,0.0002,0.01076352,0,0,0,413.8878994157053,0.07919921875,0.11702889204025269,3.912972092628479,0,0,0,0,0
925696,904,-48.951710042360205,860.9,-5.2200211212038997e-05,0.15017947219312192,16.76589822769165,0.00807512792241063,0.0002,0.010753279999999999,0.3,0.0,0.0,341.4803693009116,0.06103515625,0.3877016305923462,2.7742930591106414,0.3772761457746173,0.6598979364702084,0.0,0,0.0677960341486318
926720,905,0,0,0.06799254151569172,181.21392614191228,15.766376582058994,0.3784936006943884,0.0002,0.01074304,0,0,0,307.4375174836287,0.5562855113636364,0.7082395553588867,2397.8436972878194,0,0,0,0,0
927744,906,-19.926393167798913,708.1,0.007903117476962507,77.56844425201416,16.287209606170656,0.018738223880125738,0.0002,0.0107328,0.4,0.0,0.0,342.03485899296527,0.11181640625,0.09947901964187622,517.4929821014405,0.5430067652023834,0.8827299993565753,0.0,0,0.06855384855320337
928768,907,0,0,-0.0002476553665474057,59.600264358520505,15.713726949691772,0.0006165023615864129,0.0002,0.010722559999999999,0,0,0,389.27239550086506,0.00341796875,0.45575588941574097,559.9057716369629,0,0,0,0,0
929792,908,-89.57733655799132,787.5,-0.0006146056111901999,12.172963094711303,15.661581897735596,0.0040990889472313444,0.0002,0.01071232,0.7,0.0,0.0,523.2164027337565,0.03408203125,0.9122195243835449,111.01026992797851,0.49080777758986976,0.648582267971407,0.0,0,0.08797745394785532
930816,909,0,0,-0.0008939419333872042,0.7447007345525842,16.10244359468159,0.013346551090402713,0.0002,0.01070208,0,0,0,349.21332055286865,0.09313322368421052,0.20928049087524414,2.872294218916642,0,0,0,0,0
931840,910,-16.5573913900376,779.0,-0.0023033357691019775,1.2766420543193817,15.789360523223877,0.016902258526580737,0.0002,0.01069184,0.4,0.0,0.0,429.1771642834745,0.11337890625,-0.4700824022293091,15.799863231182098,0.506346403327864,0.7987915463154776,0.0,0,0.08312208987711296
932864,911,0,0,-0.002011467656120658,17.78913779258728,16.664749336242675,0.01806135863595708,0.0002,0.0106816,0,0,0,390.64099773471975,0.1357421875,0.7197028398513794,44.88854036331177,0,0,0,0,0
933888,912,-31.52626757053597,629.4,-0.005544098932296038,0.11521618925035,16.555172729492188,0.020842635445353076,0.0002,0.010671359999999998,0.5,0.0,0.0,452.76834329273146,0.14794921875,0.546741783618927,3.0598316371440886,0.48012701399501945,0.5504171906576079,0.0,0,0.08098846516133248
934912,913,0,0,0.02967180284516265,32.68973763783773,16.054024775822956,0.12767122499650574,0.0002,0.01066112,0,0,0,365.6080095578067,0.5701497395833334,0.4264560341835022,226.79535357157388,0,0,0,0,0
935936,914,-16.39214920988162,629.6,-0.00268454160541296,37.49149742126465,16.670438480377197,0.018081006361216633,0.0002,0.01065088,0.5,0.0,0.0,350.8508173415892,0.130078125,0.6708472967147827,333.5468534469604,0.4136404738472111,0.36928980545738443,0.0,0,0.05330609533861733
936960,915,0,0,-0.0015251980163156985,0.07211399246007204,16.988740921020508,0.010777883429628154,0.0002,0.01064064,0,0,0,362.63202574293274,0.066796875,0.8870352506637573,1.8572416365146638,0,0,0,0,0
937984,916,-36.891904150850635,969.8,0.01819825183170346,86.45482928936298,16.179970814631535,0.05015506584636839,0.0002,0.0106304,0.2,0.0,0.0,447.3032455820787,0.37830528846153844,0.717369019985199,619.9815318767841,0.32081505444642433,0.42830120733026866,0.0,0,0.07012074169622269
939008,917,0,0,0.000930869732709492,0.42167776560082154,17.187010372386258,0.024269141455474267,0.0002,0.01062016,0,0,0,312.78222864897293,0.19129136029411764,0.8005894422531128,14.33265636247747,0,0,0,0,0
940032,918,23.33997724328574,915.7,0.005572560615837574,204.97524719238282,16.62799186706543,0.01261207958746855,0.0002,0.01060992,0.1,0.0,0.0,308.8923851729663,0.06484375,0.7742769718170166,1012.8106491088868,0.3161027984981181,0.5318184658840663,0.0,0,0.0595927472524785
941056,919,0,0,-0.0008161701029166579,0.3828566178679466,17.124385166168214,0.004554060203996002,0.0002,0.01059968,0,0,0,318.85729702128594,0.03984375,0.8503717184066772,11.226092088222504,0,0,0,0,0
942080,920,-30.889622290741933,842.8,0.003263648011182484,0.09021870654664542,16.987292440314043,0.019592223897353846,0.0002,0.01058944,0.2,0.0,0.0,490.9715751013901,0.13106496710526316,0.8736790418624878,3.7381968121779594,0.355296351116208,0.559194342876103,0.0,0,0.06369140489194268
943104,921,0,0,0.008811883075395599,0.22931679338216782,17.03646945953369,0.05196343266294712,0.0002,0.010579199999999999,0,0,0,503.628769182891,0.25830078125,0.8975826501846313,8.282673001289368,0,0,0,0,0
944128,922,-133.56695657713948,546.0,-0.004826376116589496,0.24874493636583028,16.76776113008198,0.016170938793427868,0.0002,0.010568959999999999,0.7,0.0,0.0,484.3774175776772,0.11749588815789473,0.48949921131134033,2.948502895079161,0.3776435449872517,0.5882290574900616,0.0,0,0.046592781902808564
945152,923,0,0,0.0038343252148479224,0.08316158540546895,17.06384344100952,0.01562499374273001,0.0002,0.010558719999999999,0,0,0,472.96052483931607,0.115625,0.9530317187309265,2.8314167708158493,0,0,0,0,0
946176,924,-7.59735859457159,998.3,0.001491956040263176,0.07524726912379265,17.27620334625244,0.01618557728367511,0.0002,0.010548479999999999,0.1,0.0,0.0,341.8020207139173,0.1076171875,0.7990148067474365,2.6895608603954315,0.32021395366315464,0.5132415291494911,0.0,0,0.06628872156249477
947200,925,0,0,0.008797792001412464,28.288774783794697,16.761264947744515,0.0712799026559922,0.0002,0.010538239999999999,0,0,0,380.06693441162844,0.4014423076923077,0.5697598457336426,181.43508617694562,0,0,0,0,0
948224,926,-42.40505999836946,845.9,-0.0012420739978551865,0.13647503443062306,17.678928184509278,0.004398809699400985,0.0002,0.010528,0.4,0.0,0.0,415.59447114837997,0.03408203125,0.9495207667350769,4.057217210531235,0.3026650434691732,0.4804395700831172,0.0,0,0.058552670836155105
949248,927,0,0,-9.55306924879551e-05,0.14072591662406922,17.351439476013184,0.010068830919109395,0.0002,0.01051776,0,0,0,521.6879662735575,0.07978515625,0.4215658903121948,2.5728046238422393,0,0,0,0,0
950272,928,-122.12598569479842,898.3,0.000747965881600976,0.04437806410714984,17.378123569488526,0.006916764909770912,0.0002,0.010507520000000001,0.3,0.0,0.0,395.15597610571604,0.0525390625,0.8874342441558838,1.793703480064869,0.3342635504522343,0.6536314323317843,0.0,0,0.06820194483088679
951296,929,0,0,0.00020106907726989852,0.36120610932509106,17.18363422817654,0.019295017496972475,0.0002,0.01049728,0,0,0,527.5940931614194,0.09038628472222222,0.3209215998649597,5.856547170215183,0,0,0,0,0
952320,930,-124.56994022441572,905.4,0.0020512103413542113,0.9446819424629211,17.177544381883408,0.024392700337020123,0.0002,0.01048704,0.2,0.0,0.0,349.9142883516109,0.1636284722222222,0.1731054186820984,4.6955528656641645,0.3066944592311086,0.5300419652856639,0.0,0,0.05618095380627179
953344,931,0,0,0.11670383675531908,12.70980522849343,17.725644891912285,0.1356071338736452,0.0002,0.0104768,0,0,0,428.826859163301,0.5653409090909091,0.17524468898773193,257.98810508034444,0,0,0,0,0
954368,932,-97.92843494138768,914.6,-0.0016270331805571913,0.05019457843154669,18.102708625793458,0.00844768653921708,0.0002,0.01046656,0.3,0.0,0.0,519.6391578853635,0.06435546875,0.8934657573699951,1.7891880303621293,0.27474445465181596,0.5567733867269035,0.0,0,0.049876928791703905
955392,933,0,0,0.00905810547276185,34.90173809344952,17.523118826059196,0.05334073228126494,0.0002,0.01045632,0,0,0,404.21281387905145,0.32872596153846156,0.8721963167190552,163.88453674316406,0,0,0,0,0
956416,934,-146.70245456490863,974.6,0.0018979657907038927,24.36927924156189,17.77083463668823,0.0030070402289180008,0.0002,0.01044608,0.1,0.0,0.0,309.5977991934105,0.03193359375,0.7635437250137329,471.52874517440796,0.269442138306377,0.670949191699451,0.0,0,0.05484125909400874
957440,935,0,0,-0.0003207592759281397,3.1651617169380186,17.802638816833497,0.002857194263413376,0.0002,0.010435839999999998,0,0,0,403.7004713321136,0.02041015625,0.43786436319351196,57.05195822715759,0,0,0,0,0
958464,936,-77.61205342798351,924.4,-0.0017399210948497057,0.03759629502892494,17.799134922027587,0.006009112182132359,0.0002,0.0104256,0.2,0.0,0.0,421.733004546012,0.0486328125,0.7718470096588135,2.3079935669898988,0.2690383394952752,0.517221169621578,0.0,0,0.05358067512708629
959488,937,0,0,0.008697275537997484,0.14796460513025522,17.770705461502075,0.035776571276137314,0.0002,0.010415359999999999,0,0,0,385.300386415721,0.1785888671875,0.24036961793899536,3.361004263162613,0,0,0,0,0
960512,938,-49.093424901406635,929.5,0.0012143780943006278,0.06238268595188856,17.78303117752075,0.009706836927270857,0.0002,0.010405119999999999,0.2,0.0,0.0,433.0758415851967,0.06884765625,0.24057024717330933,2.4714354917407038,0.2720035732908609,0.48628556299327785,0.0,0,0.05799410621153792
961536,939,0,0,-0.0015771586913615465,0.06404506340622902,18.171509647369383,0.0040287405747822195,0.0002,0.01039488,0,0,0,420.2361535780617,0.0365234375,0.9228034019470215,2.2482649624347686,0,0,0,0,0
962560,940,-42.76778471823468,944.0,-0.0018866047728806734,0.08384894318878651,17.917529010772704,0.01679769015179673,0.0002,0.010384639999999999,0.3,0.0,0.0,493.0519096350079,0.10830078125,0.6067638993263245,1.882094618678093,0.2715914977920312,0.6332282392528512,0.0,0,0.06106111793859248
963584,941,0,0,-0.0012220323673988644,0.10422051501901526,17.732825530202764,0.021914042900136405,0.0002,0.0103744,0,0,0,485.1621482985364,0.13116776315789475,0.7423434257507324,3.3902575467762195,0,0,0,0,0
964608,942,-138.73282484089623,940.0,0.056992667727172375,80.12486839294434,17.78237771987915,0.3034407553884968,0.0002,0.01036416,0.3,0.0,0.0,378.5420209520858,0.4982096354166667,0.31303077936172485,838.4256490071615,0.3006383044681986,0.5089168851522546,0.0,0,0.05693008797323138
965632,943,0,0,0.0007342805154621601,83.48462295532227,17.015204238891602,0.008100707702454902,0.0002,0.010353919999999999,0,0,0,348.0711561731396,0.06728515625,0.873013973236084,163.22216415405273,0,0,0,0,0
966656,944,-112.8514461136217,991.9,0.0008544623386114835,60.06634311676025,17.0917028427124,0.001850719831484504,0.0002,0.01034368,0.5,0.0,0.0,465.97219421304777,0.02060546875,0.7502384185791016,979.2147197723389,0.301186638962484,0.5550207254640764,0.0,0,0.07576979550418962
967680,945,0,0,-0.00027220211923122405,0.14304706659168004,17.806441974639892,0.004167163366097881,0.0002,0.010333440000000001,0,0,0,528.1274322789764,0.02802734375,0.8561842441558838,7.860162150859833,0,0,0,0,0
968704,946,-107.19428740412854,762.7,0.0011832648422569036,82.51590576171876,17.3664400100708,0.006524336872173908,0.0002,0.0103232,0.4,0.0,0.0,389.1775818595291,0.053515625,0.7947748899459839,427.1035619735718,0.31727120471524345,0.5967883104052009,0.0,0,0.058718879718715256
969728,947,0,0,-0.0019582971930503846,0.19712775088846685,17.651988792419434,0.0033499547338401215,0.0002,0.01031296,0,0,0,376.562047026163,0.0353515625,0.6672487258911133,9.999464559555054,0,0,0,0,0
970752,948,-173.1759641349593,978.4,0.0019678018987178804,0.07215394265949726,17.462958812713623,0.009702574973984922,0.0002,0.01030272,0.2,0.0,0.0,301.1703587488692,0.0828125,0.7021994590759277,2.9578514814376833,0.2973527524726033,0.5441258291188716,0.0,0,0.06571898463069306
971776,949,0,0,0.0010965168966274512,0.04266532010545856,17.94642568889417,0.021084751652055974,0.0002,0.01029248,0,0,0,320.3286825530517,0.17012746710526316,0.9078448414802551,2.8732378388706006,0,0,0,0,0
972800,950,-24.344976260854402,911.5,0.0005742939875314111,0.09661061434369338,17.418400714271947,0.01627773124315415,0.0002,0.01028224,0.2,0.0,0.0,507.8784785949763,0.09683388157894737,0.630641520023346,2.4400722917757536,0.3022567847009547,0.45965853365851733,0.0,0,0.056718960917950124
973824,951,0,0,-0.0006655264645814895,0.29846933856606483,16.83056755065918,0.012527975323664542,0.0002,0.010271999999999998,0,0,0,511.19097764263347,0.08271484375,0.06690353155136108,7.645484158396721,0,0,0,0,0
974848,952,-38.96863693400009,857.4,-0.0008346232585608959,0.1405260056257248,17.126980018615722,0.011271697844561768,0.0002,0.01026176,0.3,0.0,0.0,511.55611027161274,0.09521484375,-0.30008792877197266,3.0368845641613005,0.2997011793148932,0.6604156568534398,0.0,0,0.05823977817872995
975872,953,0,0,0.0007400704082101584,0.04247031779959798,17.83449535369873,0.009609843784772209,0.0002,0.01025152,0,0,0,267.0796262772038,0.06484375,0.7741154432296753,2.3747403889894487,0,0,0,0,0
976896,954,8.388824444148032,874.5,0.0041279505627850694,0.040923612399233714,17.97321393754747,0.023818592592753676,0.0002,0.01024128,0.2,0.0,0.0,484.10912883476243,0.16200086805555555,0.5207448601722717,3.142949985133277,0.29631052060062496,0.5972715911028692,0.0,0,0.05539632001338653
977920,955,0,0,0.009970940214892228,0.10580292741457621,17.770065053304037,0.053245209530095865,0.0002,0.01023104,0,0,0,414.975331823372,0.29518229166666665,0.5235854387283325,3.7621630907058714,0,0,0,0,0
978944,956,-8.213724100820421,935.9,0.06716263263175885,52.09283971786499,17.959624608357746,0.12843482724092267,0.0002,0.0102208,0.1,0.0,0.0,413.0078456702457,0.5856119791666666,0.2782677412033081,273.5219890276591,0.2857260567114626,0.5560382119275318,0.0,0,0.058757640335461866
979968,957,0,0,0.0003697245381772518,0.08773500323295594,18.454433727264405,0.010408153673157816,0.0002,0.010210559999999999,0,0,0,477.3428036495719,0.061328125,0.6603684425354004,3.0171225339174272,0,0,0,0,0
980992,958,-83.62461575310151,936.7,-0.003192774363254246,0.19876901177983536,17.997902217664215,0.025398054221505213,0.0002,0.01020032,0.2,0.0,0.0,433.67667890192837,0.1768092105263158,0.3820403218269348,2.5858059400006344,0.3088871098509919,0.5278193399768407,0.0,0,0.0693162130171162
982016,959,0,0,0.018952440936118364,205.8291026524135,16.572074481419154,0.04624261509169233,0.0002,0.010190079999999999,0,0,0,419.4191363024919,0.3510044642857143,0.3316727876663208,2061.8668060302734,0,0,0,0,0
983040,960,-63.41819045371045,861.8,0.003912389229394887,0.29511792957782745,17.251177235653525,0.02279253074128752,0.0002,0.010179839999999999,0.3,0.0,0.0,447.9508720872021,0.11626233552631579,0.5974277257919312,7.03173942314951,0.3204990466860111,0.6256400150794972,0.0,0,0.06444427015239054
984064,961,0,0,0.0024320221040397883,166.72741165161133,16.759595680236817,0.004619383195004189,0.0002,0.010169599999999999,0,0,0,451.29481050096945,0.03759765625,0.5810472965240479,1494.4255569458007,0,0,0,0,0
985088,962,-72.32166740604721,827.6,-0.0022052669199183585,0.2563457764685154,17.75039348602295,0.011651971682001428,0.0002,0.01015936,0.3,0.0,0.0,526.5016592590159,0.0912109375,0.6850297451019287,6.138198435306549,0.3207258868245842,0.5060531649991442,0.0,0,0.05769723658587841
986112,963,0,0,0.00011049266904592515,0.20742347687482834,18.711993789672853,0.02513646218000929,0.0002,0.01014912,0,0,0,510.4696149413395,0.18310546875,-0.40153467655181885,3.704519036412239,0,0,0,0,0
987136,964,-44.055101431227776,728.9,0.002368094923440367,0.2646302506327629,18.0820175409317,0.03855672715699088,0.0002,0.01013888,0.5,0.0,0.0,520.2019508387851,0.1949462890625,0.10103654861450195,3.1531432569026947,0.4423210993747461,0.5012129013968658,0.0,0,0.05279094923286663
988160,965,0,0,-0.006180439423769712,0.5679692283272744,18.89218225479126,0.006680616585154908,0.0002,0.01012864,0,0,0,600.8506117321347,0.05546875,-0.24289441108703613,2.8058747380971907,0,0,0,0,0
989184,966,-14.73150481584318,802.1,-0.0020443651592358947,0.21323568373918533,18.593249988555907,0.013379725643697516,0.0002,0.0101184,0.3,0.0,0.0,506.4873679083858,0.083203125,0.13815927505493164,2.939333736896515,0.34207231527041493,0.6140210047812293,0.0,0,0.049637789372827035
990208,967,0,0,0.000451309815980494,0.06890762196853757,18.79486665725708,0.009026354347651467,0.0002,0.010108160000000001,0,0,0,355.65897452013206,0.066015625,0.6458113193511963,1.7310095489025117,0,0,0,0,0
991232,968,-109.42849532167334,730.0,-0.0010458328295499086,36.33218336105347,17.502593994140625,0.009652866725878262,0.0002,0.01009792,0.5,0.0,0.0,431.84219410886345,0.0734375,0.025466084480285645,118.94443836212159,0.33450903891312683,0.6529612645297382,0.0,0,0.05247054719183238
992256,969,0,0,-0.0033306821249425413,0.13551841862499714,18.600994968414305,0.011184206830594245,0.0002,0.01008768,0,0,0,444.34298408122675,0.0966796875,0.6366380453109741,2.2154660135507585,0,0,0,0,0
993280,970,-38.71422529247047,775.5,0.0012393816374242305,0.2121482312679291,18.922667026519775,0.006164447625743285,0.0002,0.01007744,0.3,0.0,0.0,308.96993645673746,0.04140625,0.8939440846443176,4.301112812757492,0.35679297533412174,0.7368228101126527,0.0,0,0.058970041605590905
994304,971,0,0,-0.0010076990155012983,0.03475929600627799,19.128196415148285,0.015339324581796333,0.0002,0.010067199999999998,0,0,0,374.18829455176825,0.08429276315789473,0.926177978515625,3.03017131592098,0,0,0,0,0
995328,972,-74.43216151452081,656.8,0.0011052880436182022,21.28077244758606,17.720613956451416,0.00958667260281736,0.0002,0.01005696,0.6,0.0,0.0,537.1327642225585,0.07060546875,-0.058801889419555664,35.416756820678714,0.39540100628682406,0.570858356558112,0.0,0,0.06900380239235007
996352,973,0,0,-0.0006705950945615768,34.90829267501831,19.08137741088867,0.0029084409500641506,0.0002,0.010046719999999999,0,0,0,400.3565760350042,0.02060546875,0.12167209386825562,15.140623641014098,0,0,0,0,0
997376,974,-46.0454157753295,841.3,0.0005305055038709389,0.14468692988157272,18.763561148392526,0.02650753929829298,0.0002,0.010036479999999999,0.2,0.0,0.0,629.6510117667203,0.19551809210526316,0.911357045173645,3.4654320352955867,0.3098829207665577,0.6740374659908812,0.0,0,0.053278612620358615
998400,975,0,0,0.052372848615050316,43.27626323699951,18.185980478922527,0.10752377457306705,0.0002,0.010026239999999999,0,0,0,532.2367268195819,0.5691731770833334,0.7786040306091309,328.68830394744873,0,0,0,0,0
999424,976,-29.288176218077105,918.9,-1.3840524479746818e-05,0.072123190946877,18.788133335113525,0.011492965224992347,0.0002,0.010015999999999999,0.2,0.0,0.0,570.759242615987,0.0751953125,-1.0594370365142822,2.3463682919740676,0.2976217605066859,0.413662544203527,0.0,0,0.05877055718928127
1000448,977,0,0,0.0009465392213314772,0.08698229193687439,19.476264667510986,0.004432758680305682,0.0002,0.010005759999999999,0,0,0,535.1618725599797,0.02841796875,0.952330470085144,3.3263414561748506,0,0,0,0,0
1001472,978,-232.46102840411808,668.3,0.0518122582266537,265.4328008798453,17.793797272902268,0.06892519863330616,0.0002,0.00999552,0.6,0.0,0.0,508.41613212527847,0.47025240384615385,0.21922212839126587,2230.5741905799277,0.33814346546135227,0.7225285483117101,0.0,0,0.05336597774081549
1002496,979,0,0,-0.00138043509306092,0.09276472541846727,18.752762844688014,0.011667645950013338,0.0002,0.00998528,0,0,0,396.66156153038827,0.06280838815789473,0.9376704096794128,4.423009307760942,0,0,0,0,0
1003520,980,-94.47331580234497,904.1,-0.0028530019801110027,0.05218280665576458,18.876822471618652,0.007324495142962739,0.0002,0.00997504,0.3,0.0,0.0,564.3090276993097,0.065625,0.6898667812347412,1.828482872247696,0.28761934376570164,0.6175088366801937,0.0,0,0.047608937416426786
1004544,981,0,0,0.0006628424713486119,0.08674960034458261,19.28881805821469,0.011161458669449743,0.0002,0.009964800000000001,0,0,0,598.9706963732363,0.07730263157894737,0.8965320587158203,2.4650370917822184,0,0,0,0,0
1005568,982,-115.16741730748872,920.1,0.0022489023860543965,0.0976742658764124,19.280140686035157,0.008776696177818621,0.0002,0.009954559999999998,0.2,0.0,0.0,584.448210826431,0.0673828125,0.7442203164100647,2.2041211307048796,0.26982229597275087,0.35865847866174444,0.0,0,0.049640304117599385
1006592,983,0,0,0.0025787558406591415,0.09898277450548976,19.10839090849224,0.03327650057260465,0.0002,0.00994432,0,0,0,410.34702399645505,0.2727179276315789,0.7118738889694214,3.219678466257296,0,0,0,0,0
1007616,984,9.392188167837904,941.4,0.012752514047962096,0.6523567338784536,18.46458297305637,0.03463880366901032,0.0002,0.00993408,0.2,0.0,0.0,570.7713786074321,0.2275390625,0.8510534167289734,34.02266670597924,0.29318873179764365,0.45161081485074234,0.0,0,0.060460867383881844
1008640,985,0,0,-0.0016259401105344295,0.044214742910116914,19.700108146667482,0.00858914218416409,0.0002,0.009923839999999998,0,0,0,599.8391798662551,0.06494140625,0.91991126537323,1.683227089047432,0,0,0,0,0
1009664,986,-55.20988591443794,1000.0,-0.0006940006045624614,0.10263729058206081,18.85715045928955,0.01055052257151523,0.0002,0.0099136,0.0,0.0,0.0,563.8188451353091,0.08583984375,0.8707560300827026,3.973817640542984,0.2726264151266623,0.5663171775209463,0.0,0,0.0582036355614297
1010688,987,0,0,0.0006293976973546179,0.143007556074544,18.870263752184417,0.017386645458591962,0.0002,0.00990336,0,0,0,386.5262228765869,0.1186266447368421,0.2220737338066101,2.3394619257826554,0,0,0,0,0
1011712,988,-22.425259409110964,874.0,0.0026706360280513764,0.1398092746734619,19.162338733673096,0.010326635830352603,0.0002,0.009893119999999998,0.2,0.0,0.0,354.1201342945906,0.0841796875,0.3199880123138428,2.1637704879045487,0.311529908262277,0.42886319837063924,0.0,0,0.059046461135208325
1012736,989,0,0,0.110350188375874,92.84425839510831,16.81499550559304,1.6625981909985674,0.0002,0.00988288,0,0,0,344.4161849414324,0.6722301136363636,0.7022562026977539,864.4889082475142,0,0,0,0,0
1013760,990,-84.5241900761494,840.6,0.0009774715173989535,0.20172880068421364,18.17863826751709,0.0105833637412573,0.0002,0.009872639999999999,0.4,0.0,0.0,369.08665576155533,0.07109375,0.723321795463562,2.274293598532677,0.3532587783933253,0.6227737819013701,0.0,0,0.0679446875616417
1014784,991,0,0,0.005675767711363733,21.13617968559265,18.22342176437378,0.014154145633877934,0.0002,0.0098624,0,0,0,573.3369325906817,0.0927734375,0.1589941382408142,96.16954102516175,0,0,0,0,0
1015808,992,-94.0679844901164,684.2,-0.0034795807674527167,0.3785404175519943,17.004853439331054,0.011577180511159302,0.0002,0.00985216,0.7,0.0,0.0,541.9471958971698,0.08330078125,0.36929798126220703,8.736242002248764,0.40468852577964426,0.6013602974894485,0.0,0,0.06900654200281353
1016832,993,0,0,-0.00014498461969196795,5.45346063375473,17.73633909225464,0.0179954995518516,0.0002,0.009841919999999999,0,0,0,407.7243318253905,0.1224609375,0.318029522895813,16.39419952630997,0,0,0,0,0
1017856,994,-36.2310070267382,816.1,-7.107243873178959e-05,147.41847496032716,16.60853672027588,0.0002599248805934984,0.0002,0.00983168,0.5,0.0,0.0,565.9868310531599,0.0,0.3748161196708679,342.0452751159668,0.37526715839281494,0.5817775658577019,0.0,0,0.057773094799491234
1018880,995,0,0,-0.003183870064094663,0.35218751057982445,18.18655252456665,0.008764091446643807,0.0002,0.009821439999999999,0,0,0,522.5874855222696,0.0548828125,0.9159828424453735,13.477872586250305,0,0,0,0,0
1019904,996,1.6543096135850786,904.6,-0.001386231230571866,2.5895476937294006,17.19325065612793,0.005529444816114726,0.0002,0.009811199999999999,0.2,0.0,0.0,322.02556115162014,0.0443359375,0.7619339823722839,100.64625625610351,0.35481603595384315,0.5860149923088167,0.0,0,0.07376331897980054
1020928,997,0,0,0.00010237707756459713,37.641136169433594,17.349662399291994,0.0026038710961683088,0.0002,0.009800960000000001,0,0,0,412.08601312813374,0.0224609375,0.7679285407066345,160.1546015739441,0,0,0,0,0
1021952,998,14.892555117158883,952.3,0.011643427113691965,0.05672518784801165,17.776307169596354,0.032607214121854376,0.0002,0.00979072,0.1,0.0,0.0,520.1302595318381,0.208984375,0.18117254972457886,4.140824333826701,0.3454037275694564,0.6934599948998188,0.0,0,0.08333508088164647
1022976,999,0,0,0.040339964597175516,21.995866775512695,18.406488100687664,0.07419386967871988,0.0002,0.00978048,0,0,0,353.5670990261313,0.4405924479166667,0.2294614315032959,166.0906457901001,0,0,0,0,0
1024000,1000,-60.25990531850255,825.9,-0.0028493660747220644,0.08729763250601918,19.266332325182464,0.010910188781618944,0.0002,0.00977024,0.3,0.0,0.0,444.86245680295684,0.0786389802631579,0.7077862024307251,1.7441887479079397,0.34969655340927813,0.7208754209345493,0.0,0,0.05991774076829918
1025024,1001,0,0,0.004726449559841838,126.87479509626117,16.61108888898577,0.05151453274975574,0.0002,0.009759999999999998,0,0,0,443.8302726378672,0.30580357142857145,0.7214334607124329,1083.4843635559082,0,0,0,0,0
1026048,1002,-65.27403375216716,652.2,0.0001687711803242564,67.41446666717529,17.494410037994385,0.0014919386906159459,0.0002,0.00974976,0.6,0.0,0.0,368.9695290701665,0.01015625,0.7060165405273438,200.19809246063232,0.45610725725247175,0.6157146266917317,0.0,0,0.059234088168341116
1027072,1003,0,0,-0.00023732958361506463,92.53789138793945,17.344726467132567,0.0012347952812664432,0.0002,0.00973952,0,0,0,491.1625850878473,0.00810546875,0.8620509505271912,184.59299831390382,0,0,0,0,0
1028096,1004,-16.153704374981224,860.8,-0.001596860820427537,35.71438102722168,17.97532320022583,0.0023669179638780235,0.0002,0.00972928,0.3,0.0,0.0,596.9069970123847,0.01865234375,0.8403860926628113,293.9068125724792,0.3728338006361197,0.5797270858000356,0.0,0,0.07500629616192292
1029120,1005,0,0,0.002098996564745903,0.11683159731328488,18.23270454406738,0.018234371164781837,0.0002,0.00971904,0,0,0,450.1695507609076,0.14150390625,-0.052924513816833496,4.9884523272514345,0,0,0,0,0
1030144,1006,-19.383285350644023,634.9,0.0008249077945947647,0.5480080120265484,17.693229389190673,0.010651159597990744,0.0002,0.0097088,0.6,0.0,0.0,629.3536431720837,0.0791015625,0.6424251794815063,11.271645700931549,0.47047047502481865,0.5644567731474449,0.0,0,0.05848487740948274
1031168,1007,0,0,0.004370512734902532,0.12436005590777648,19.740062312075967,0.022818130477868095,0.0002,0.00969856,0,0,0,402.55086060312044,0.13908305921052633,0.9096974730491638,3.198134836397673,0,0,0,0,0
1032192,1008,18.274104667250324,839.8,-0.0004005618883590949,11.110642357876426,17.421845185129268,0.019638349878142666,0.0002,0.009688319999999999,0.2,0.0,0.0,489.8060040979797,0.15224095394736842,0.20775222778320312,23.607629023100202,0.4612772157396553,0.610466178416692,0.0,0,0.07381910753547657
1033216,1009,0,0,0.0023804700933396815,0.05559133719652891,19.195073223114015,0.010900512745214374,0.0002,0.00967808,0,0,0,513.7598121694178,0.083203125,0.89272540807724,3.199800416827202,0,0,0,0,0
1034240,1010,-12.564578335276783,554.6,0.037157536230304024,8.451204906810414,16.319760929454457,0.8448420034891904,0.0002,0.00966784,0.5,0.0,0.0,397.87442616946095,0.6170099431818182,0.5896651744842529,41.04730952869762,0.6486307532100349,0.6348660585643576,0.0,0,0.06438606869031764
1035264,1011,0,0,-0.0022228132234886288,1.6987648248672484,17.47141590118408,0.01196573982020963,0.0002,0.009657599999999999,0,0,0,580.0502906756104,0.10966796875,-0.04110908508300781,19.94009972810745,0,0,0,0,0
1036288,1012,-16.63921342273437,597.4,-9.172838181257248e-05,0.3275218091905117,18.006281566619872,0.010059765493578076,0.0002,0.009647359999999999,0.5,0.0,0.0,494.8223897833779,0.08564453125,0.4541853666305542,3.2067960858345033,0.5905783608117918,0.7001555955747951,0.0,0,0.07551063248293036
1037312,1013,0,0,0.0025001348461955787,24.463645029067994,18.03706455230713,0.014344774518467673,0.0002,0.009637119999999999,0,0,0,454.2972719743518,0.10673828125,0.36240172386169434,121.9618103981018,0,0,0,0,0
1038336,1014,-13.208168267181241,662.8,-0.0035132735967636107,9.886592626571655,17.95995454788208,0.012022428322318124,0.0002,0.009626879999999999,0.5,0.0,0.0,560.0189450831723,0.08623046875,0.7019394040107727,35.37460441589356,0.5746661457873441,0.6907505723822709,0.0,0,0.08166535519114941
1039360,1015,0,0,0.0008462590165436267,0.30211376696825026,17.04087896347046,0.006608464368083045,0.0002,0.00961664,0,0,0,502.25329218138273,0.051953125,0.0801306962966919,5.152963376045227,0,0,0,0,0
1040384,1016,-92.81667698888494,758.2,1.15842092782259e-05,0.7662728533148766,17.736251831054688,0.006498858274505181,0.0002,0.0096064,0.4,0.0,0.0,536.8439355922364,0.04970703125,0.18329793214797974,9.959721636772155,0.5407736536238518,0.8524279513629043,0.0,0,0.08207060228196382
1041408,1017,0,0,-0.0019996656104922295,6.17158659696579,18.976616668701173,0.003512369215710098,0.0002,0.009596160000000001,0,0,0,469.3138312920303,0.032421875,0.4871944785118103,22.697209966182708,0,0,0,0,0
1042432,1018,-10.364279059260635,784.4,-0.0005490848328918218,77.19661865234374,19.556765460968016,0.004291467259168335,0.0002,0.00958592,0.4,0.0,0.0,592.5678451889195,0.03564453125,0.02552109956741333,48.94566607475281,0.5161096174500477,0.8487299990153477,0.0,0,0.08528319495472711
1043456,1019,0,0,-0.00034423326142132284,9.211742687225343,16.805083656311034,0.001604723040934175,0.0002,0.00957568,0,0,0,415.3194271661974,0.01064453125,0.685506284236908,25.298458766937255,0,0,0,0,0
1044480,1020,-74.90727762192591,638.1,-0.0010618309024721384,2.045462155342102,18.544809341430664,0.0037616755375652565,0.0002,0.009565440000000001,0.6,0.0,0.0,529.3936893573062,0.02861328125,0.6243442296981812,22.586079668998718,0.6013467242138304,0.902295896640576,0.0,0,0.06601772930986934
1045504,1021,0,0,-0.006867279091642963,1.5496184296078153,17.50916396247016,0.03479239194236082,0.0002,0.009555199999999998,0,0,0,465.55100098563156,0.20182291666666666,0.6271378397941589,9.52673508061303,0,0,0,0,0
1046528,1022,3.698070450717764,582.2,0.02734029246494174,33.47761559486389,16.164448897043865,0.3244131729783839,0.0002,0.00954496,0.5,0.0,0.0,418.70004646192353,0.4368489583333333,0.3360663652420044,210.6818723678589,0.719395250821331,0.6097337515290994,0.0,0,0.07540142313647796
1047552,1023,0,0,0.0006159971002489328,13.547843933105469,17.20714416503906,0.0011441120674944294,0.0002,0.00953472,0,0,0,386.50023986594505,0.00791015625,0.7884831428527832,49.46449327468872,0,0,0,0,0
1048576,1024,-21.39532759734827,505.6,-0.0029140206053853033,25.896552085876465,16.724721908569336,0.004027161156484471,0.0002,0.009524479999999998,0.7,0.0,0.0,494.5539119685031,0.03193359375,0.7328205704689026,47.30006980895996,0.7397474379149245,0.738651986923272,0.0,0,0.06183252155590131
1049600,1025,0,0,-0.0010928680654615163,1.0742175847291946,18.593165588378906,0.004749279731267197,0.0002,0.00951424,0,0,0,515.5174695737352,0.03583984375,0.021757304668426514,19.839577734470367,0,0,0,0,0
1050624,1026,-11.011297586958195,440.8,0.0033981777261942623,17.612338495254516,15.983207607269287,0.020156481803932636,0.0002,0.009503999999999999,0.7,0.0,0.0,522.141813580702,0.13193359375,0.6835078597068787,70.53957862854004,0.8763191625741247,0.7237339062645441,0.0,0,0.05936666588132221
1051648,1027,0,0,0.0015006446745246648,0.13456590957939624,17.858518886566163,0.006752976034750535,0.0002,0.009493759999999999,0,0,0,572.067356083007,0.05322265625,0.8317857980728149,2.819092500209808,0,0,0,0,0
1052672,1028,-57.696606818393946,525.9,0.0008132916176691651,9.872787761688233,16.812443351745607,0.012556796841164975,0.0002,0.00948352,0.7,0.0,0.0,340.49039520414635,0.10322265625,0.8610106706619263,30.08908967971802,0.7374685233302185,0.8579054842251045,0.0,0,0.0636456772090421
1053696,1029,0,0,-0.00300810132175684,7.091869831085205,17.781679153442383,0.01153779344176673,0.0002,0.009473279999999999,0,0,0,369.8952810304026,0.0947265625,0.8666552305221558,14.707673811912537,0,0,0,0,0
1054720,1030,-1.3646560462662207,626.3,0.0034111368616944865,0.03727431938444313,18.386661328767474,0.01288596424587767,0.0002,0.00946304,0.6,0.0,0.0,526.478038098668,0.10032894736842106,0.9566468000411987,4.0573834369057105,0.6428882909706871,0.686292040892819,0.0,0,0.06998483823250276
1055744,1031,0,0,-8.291373960673809e-05,3.0127051711082458,17.67848882675171,0.0038939107209942313,0.0002,0.009452799999999999,0,0,0,333.9089747097205,0.037890625,0.7883378863334656,28.426018476486206,0,0,0,0,0
1056768,1032,5.3502175454001115,563.1,-0.001629823399707675,0.368111589550972,17.285675048828125,0.003961545981376968,0.0002,0.00944256,0.5,0.0,0.0,487.76831248936014,0.0337890625,0.976530134677887,9.511508047580719,0.7477963759204017,0.7302752064294532,0.0,0,0.06708721007375552
1057792,1033,0,0,0.003896087687462568,40.74839763641357,18.572114276885987,0.011496917111866446,0.0002,0.009432320000000001,0,0,0,321.1769940999449,0.09169921875,0.6512079238891602,193.16072196960448,0,0,0,0,0
1058816,1034,-51.534494810356605,518.7,-0.0008921120781451464,8.297408294677734,16.51275005340576,0.002405543585039904,0.0002,0.00942208,0.7,0.0,0.0,370.13075461833193,0.01767578125,0.7762904167175293,26.198465847969054,0.8514558260532243,0.8689874903799188,0.0,0,0.07141894511159985
1059840,1035,0,0,0.000579716544598341,90.2805850982666,18.8008620262146,0.004730545269621267,0.0002,0.00941184,0,0,0,511.42532835661297,0.031640625,0.3519764542579651,301.25795516967776,0,0,0,0,0
1060864,1036,-86.65671101632101,493.7,-0.0002353603020310402,0.4489176318049431,18.771292686462402,0.008633217145047212,0.0002,0.009401600000000001,0.8,0.0,0.0,395.39603573560424,0.075390625,0.4753722548484802,9.616433948278427,0.7023724195423583,1.151266257332521,0.0,0,0.06180799337868452
1061888,1037,0,0,0.0019521618727594615,22.402719378471375,17.95394649505615,0.015167483559423812,0.0002,0.00939136,0,0,0,561.3650221835632,0.12080078125,0.4079018235206604,140.58440880775453,0,0,0,0,0
1062912,1038,-34.96253127283266,614.5,0.004577191174030304,0.05800369419157505,19.196760749816896,0.015414746949752001,0.0002,0.00938112,0.7,0.0,0.0,455.3706629855049,0.1421875,0.9600726366043091,3.376360535621643,0.5728428973378225,0.845180524756298,0.0,0,0.07538131449147308
1063936,1039,0,0,0.04370458187027411,9.753072651949795,18.754003698175605,0.2183344922961229,0.0002,0.00937088,0,0,0,550.5118384018193,0.6649502840909091,0.3971184492111206,89.75071083415638,0,0,0,0,0
1064960,1040,1.7838194412264652,579.2,0.0008061249843902058,1.4724275767803192,19.23179562886556,0.01924181892280509,0.0002,0.009360639999999998,0.5,0.0,0.0,431.68754388521745,0.09461805555555555,0.6674251556396484,21.382080872853596,0.6607295309435048,0.6838529305558706,0.0,0,0.059546606140805
1065984,1041,0,0,-0.0012650652788579464,34.37576341629028,18.13001756668091,0.021110895957178678,0.0002,0.0093504,0,0,0,546.0883370409135,0.13173828125,0.6894350051879883,100.21853904724121,0,0,0,0,0
1067008,1042,-29.337274092120186,789.1,-0.0008364997105672955,17.395550775527955,16.853858470916748,0.0025113925076508,0.0002,0.00934016,0.4,0.0,0.0,362.6720474829566,0.01953125,0.7312446236610413,24.868479442596435,0.6153769992801815,0.8539325916127508,0.0,0,0.10315190979307605
1068032,1043,0,0,0.00035412092693150045,5.161614656448364,18.51192741394043,0.0029545792328097955,0.0002,0.00932992,0,0,0,470.17546447011864,0.0279296875,0.8323577046394348,23.102528476715086,0,0,0,0,0
1069056,1044,-71.02764061625074,510.7,-0.0003534672316163778,22.64332780838013,17.305277633666993,0.003863545725536621,0.0002,0.009319679999999999,0.7,0.0,0.0,386.66207314027633,0.030859375,0.787462055683136,46.39156093597412,0.7134116567374104,0.6850497150865238,0.0,0,0.06714981659666718
1070080,1045,0,0,-0.0005219731712713838,2.474827116727829,17.402057361602782,0.005769872519601727,0.0002,0.00930944,0,0,0,625.9003008278997,0.0453125,0.22051572799682617,30.57915993928909,0,0,0,0,0
1071104,1046,-7.152725063325216,689.8,-0.002178528904914856,3.207870987057686,19.375057697296143,0.005894878127659808,0.0002,0.0092992,0.4,0.0,0.0,367.2141915557706,0.05166015625,0.5511101484298706,18.01349482536316,0.5648366343311836,0.8253334512465441,0.0,0,0.06609861956171861
1072128,1047,0,0,-0.0015572847332805395,1.0677498385310173,17.61975440979004,0.00812642594179902,0.0002,0.009288959999999999,0,0,0,631.9246181020195,0.06728515625,-0.39662742614746094,17.413422632217408,0,0,0,0,0
1073152,1048,-36.364816133668086,405.4,0.00037115132436156274,5.807017087936401,18.26716899871826,0.0050320838986055,0.0002,0.009278719999999999,0.7,0.0,0.0,634.7005625455248,0.03876953125,0.8267407417297363,24.03430335521698,0.8655393698699714,0.7850432628200047,0.0,0,0.046644722239394115
1074176,1049,0,0,-0.00039139525033533574,48.7650634765625,16.433274269104004,0.0024774544336663594,0.0002,0.009268479999999997,0,0,0,416.86509201432784,0.02490234375,0.7580918669700623,83.27342309951783,0,0,0,0,0
1075200,1050,-27.2311821286344,473.1,-0.0020807258784770965,0.12289329189807177,19.919493198394775,0.007823210572028038,0.0002,0.00925824,0.7,0.0,0.0,671.1153797534121,0.06591796875,0.8918267488479614,4.654038655757904,0.760707921874081,0.6092902276712171,0.0,0,0.05854705750745307
1076224,1051,0,0,0.030424021650105715,74.23560174306233,18.389968713124592,0.0782770473356272,0.0002,0.009248,0,0,0,351.60673187527175,0.5065104166666666,0.5565463900566101,442.93074289957684,0,0,0,0,0
1077248,1052,-25.63462220282657,610.6,-0.001936014790676142,0.29010539227410365,19.154539409436676,0.013791818825924122,0.0002,0.00923776,0.7,0.0,0.0,584.6173410121376,0.10999177631578948,0.6535196900367737,5.246503428408974,0.5649370555094706,0.6763154645391711,0.0,0,0.07059352729579484
1078272,1053,0,0,0.002046492788940668,4.485769426822662,18.37736530303955,0.002935025392870205,0.0002,0.00922752,0,0,0,520.5547733236373,0.02626953125,0.5047047138214111,30.97352032661438,0,0,0,0,0
1079296,1054,-57.78813232601076,665.2,0.0016271673957817256,53.89856777191162,20.342835235595704,0.0018857959557029957,0.0002,0.00921728,0.5,0.0,0.0,409.7499376784203,0.01318359375,0.2114667296409607,247.4952537536621,0.557972635555773,0.8941185669383029,0.0,0,0.06445616507930405
1080320,1055,0,0,-0.0004405002808198333,94.55905723571777,18.714305782318114,0.0014752441096392843,0.0002,0.00920704,0,0,0,547.9937465718233,0.0138671875,0.56735759973526,419.0886428833008,0,0,0,0,0
1081344,1056,-10.699801450605493,533.9,-0.0002632698509842157,9.487698841094971,19.271075439453124,0.0017144030825416933,0.0002,0.009196800000000002,0.5,0.0,0.0,594.8840820411647,0.01474609375,0.4415839910507202,60.73174033164978,0.8038689624906719,0.7149904685814935,0.0,0,0.06171338070398846
1082368,1057,0,0,0.0022954180371016265,2.927387297153473,18.66210470199585,0.007761017911348489,0.0002,0.009186559999999998,0,0,0,563.0352294939894,0.06455078125,0.761218249797821,57.599866890907286,0,0,0,0,0
1083392,1058,-6.381147317537933,756.3,-0.0015663098078221084,10.330946063995361,18.7425048828125,0.008882815786706199,0.0002,0.00917632,0.3,0.0,0.0,479.12342346834674,0.07314453125,0.8983442783355713,12.008221220970153,0.45018767230478945,0.9221357826403052,0.0,0,0.0544067797372216
1084416,1059,0,0,-0.0018384091090410948,0.8182153433561326,20.209581279754637,0.01227410061846479,0.0002,0.00916608,0,0,0,586.0353195738379,0.10625,0.6731871366500854,17.268186509609222,0,0,0,0,0
1085440,1060,-22.390284109215692,411.0,0.009813872476418814,0.06800068956282404,19.89254050784641,0.0194531733093631,0.0002,0.009155839999999998,0.8,0.0,0.0,550.6759449324991,0.13509114583333334,0.6425389051437378,4.018174999290043,0.7649181866652992,0.7315965659008796,0.0,0,0.050615413299271994
1086464,1061,0,0,0.027410155228738273,1.160663562161582,18.646951811654226,0.09983877663045997,0.0002,0.0091456,0,0,0,602.4670753093786,0.3931361607142857,-0.09219622611999512,21.264138664518082,0,0,0,0,0
1087488,1062,-49.121897681660734,592.9,0.024479621161635105,1.136736356295072,19.211628693800705,0.05900726261419328,0.0002,0.009135359999999999,0.7,0.0,0.0,475.844718997428,0.3796574519230769,-0.462536096572876,11.4601731300354,0.5727260984230271,0.6505663395776902,0.0,0,0.05486223881221173
1088512,1063,0,0,-0.0029426933707375276,1.1423896080569218,20.60169149699964,0.029027811141380866,0.0002,0.009125119999999999,0,0,0,540.171426940032,0.24043996710526316,0.6033070087432861,3.0269477179175928,0,0,0,0,0
1089536,1064,-20.7547631877147,679.4,0.003354199533350766,9.078444337844848,18.30860290527344,0.01899002469736555,0.0002,0.00911488,0.6,0.0,0.0,459.8149994400813,0.15244140625,0.6507879495620728,38.16077342033386,0.47053663168657617,0.5698757886843386,0.0,0,0.06518835320486158
1090560,1065,0,0,0.019128390301305514,77.97667782123273,19.19357681274414,0.05028057223770128,0.0002,0.009104639999999999,0,0,0,556.2782790652433,0.3420973557692308,0.40082550048828125,571.3657120924729,0,0,0,0,0
1091584,1066,-51.958993102736585,678.0,-0.0023208733182400465,0.12715480327606202,20.580627059936525,0.014062327082606352,0.0002,0.009094399999999999,0.5,0.0,0.0,494.6120042729275,0.1009765625,0.792483389377594,3.6396899819374084,0.3826795847092157,0.6860319561432447,0.0,0,0.05091594772225152
1092608,1067,0,0,0.1362625015052882,52.90752098777077,19.670754172585227,0.7120087255132579,0.0002,0.009084159999999999,0,0,0,420.9367286606485,0.7975852272727273,0.7022988796234131,148.13109172474253,0,0,0,0,0
1093632,1068,-131.07008768325002,732.8,0.006938782706856728,107.13637809753418,19.492277431488038,0.012249691071419289,0.0002,0.00907392,0.5,0.0,0.0,567.1432461572286,0.12216796875,0.6920316219329834,206.51065044403077,0.3741936398852923,0.45066884895434417,0.0,0,0.05599581798927591
1094656,1069,0,0,-0.0011744448682293295,0.3172256872057915,20.58977746963501,0.00933055025970786,0.0002,0.009063680000000001,0,0,0,480.14603884327187,0.06904296875,0.4117017984390259,5.5106919527053835,0,0,0,0,0
1095680,1070,-22.167975334615864,680.5,0.0063342579640448095,0.16371983401477336,21.001944255828857,0.011834647625887752,0.0002,0.00905344,0.4,0.0,0.0,452.72997155316233,0.08349609375,0.8205858469009399,5.659901574254036,0.4231423284275457,0.6133648225834955,0.0,0,0.0580808844751647
1096704,1071,0,0,0.010723737766966224,73.457887840271,19.905390548706055,0.024113787099586493,0.0002,0.0090432,0,0,0,527.590334225801,0.1732421875,-0.02527332305908203,420.788641166687,0,0,0,0,0
1097728,1072,-38.554274039593665,815.7,-0.004521560808643699,0.27847626209259035,21.111861515045167,0.009718419078053575,0.0002,0.009032960000000001,0.4,0.0,0.0,489.1957305815152,0.0505859375,0.9132193326950073,9.710083651542664,0.42049172573687066,0.7543990866593673,0.0,0,0.060539398313220624
1098752,1073,0,0,-0.000264142407104373,24.418435287475585,20.619324588775633,0.010936050280101384,0.0002,0.00902272,0,0,0,464.2701958532519,0.075,0.779969334602356,63.621510934829715,0,0,0,0,0
1099776,1074,13.634199524435786,866.7,-0.00025540266651660206,27.585618495941162,20.30779285430908,0.008051476118727852,0.0002,0.00901248,0.2,0.0,0.0,345.03244261532564,0.07421875,0.7865365743637085,69.740154504776,0.3584907057561923,0.5833653006815088,0.0,0,0.06090384192495925
1100800,1075,0,0,0.0002118565607815981,0.25299046337604525,21.330610370635988,0.003915899613628149,0.0002,0.009002239999999998,0,0,0,423.82953535100756,0.02890625,0.9142671227455139,11.156987512111664,0,0,0,0,0
1101824,1076,-66.91795074003596,649.8,0.015647826250642538,10.955318246568952,20.616067750113352,0.04894718852114303,0.0002,0.008991999999999998,0.5,0.0,0.0,451.5433328251899,0.27943638392857145,0.7512990236282349,40.16276063237871,0.4863391704759857,0.6328099969962366,0.0,0,0.053431505575476025
1102848,1077,0,0,-0.0001666442956775427,12.927341651916503,20.537371158599854,0.0030849696109203073,0.0002,0.00898176,0,0,0,533.4435372730209,0.0240234375,0.845779538154602,70.47872042655945,0,0,0,0,0
1103872,1078,-51.67327175758546,633.4,-0.0033208738546818494,17.012788820266724,19.589277267456055,0.009341929273179428,0.0002,0.00897152,0.6,0.0,0.0,559.2596850647359,0.059375,0.8060557246208191,183.74401931762696,0.45414161223469857,0.610369175254503,0.0,0,0.0508810487298225
1104896,1079,0,0,0.0008559458889067173,0.08763452265411616,20.997109794616698,0.008540766301387847,0.0002,0.008961279999999999,0,0,0,502.1980300591487,0.067578125,0.8676649928092957,5.593091249465942,0,0,0,0,0
1105920,1080,-57.56642525024081,641.6,0.0660861759679392,111.73436164855957,20.59310833613078,0.21157250359362992,0.0002,0.008951039999999999,0.5,0.0,0.0,504.0697689512018,0.3614908854166667,0.730693519115448,379.6176923116048,0.517484463474274,0.6127822600314579,0.0,0,0.0569156917072041
1106944,1081,0,0,0.00031157529447227715,19.063342905044557,18.88230171203613,0.009077993049967769,0.0002,0.0089408,0,0,0,555.6214697392919,0.06669921875,0.731451153755188,153.53012070655822,0,0,0,0,0
1107968,1082,-44.74726617676991,663.8,0.008446022328969679,0.7008995727488869,20.514487216347142,0.029015662550800937,0.0002,0.00893056,0.7,0.0,0.0,568.8565797671472,0.15594161184210525,0.8147786855697632,33.00759837501928,0.4799895251023735,0.6366420188668277,0.0,0,0.05643922079997356
1108992,1083,0,0,0.005098086642101407,53.16253490447998,17.716925430297852,0.023144218279137263,0.0002,0.008920319999999999,0,0,0,498.0953703915245,0.18564453125,0.7701857089996338,227.81380157470704,0,0,0,0,0
1110016,1084,-33.3686358575698,715.5,-0.00038020568899810314,0.10047284904867411,20.635036373138426,0.010390030150388706,0.0002,0.00891008,0.5,0.0,0.0,336.1205303748449,0.07705078125,0.4445387125015259,4.201831406354904,0.4681411640888548,0.4926188448139229,0.0,0,0.05923688359622973
1111040,1085,0,0,0.02818738076497208,30.431494279341265,19.469252846457742,0.12888765673761313,0.0002,0.008899840000000001,0,0,0,379.36584704470874,0.4934303977272727,0.8135243654251099,54.582493175159804,0,0,0,0,0
1112064,1086,-9.9249418769739,806.5,-0.003203633660450578,0.08378306422382593,21.110069751739502,0.014574269144301688,0.0002,0.0088896,0.3,0.0,0.0,599.3126196105234,0.1298828125,0.8509399890899658,3.057953640818596,0.38669283994723525,0.8602005818011265,0.0,0,0.05710812646721965
1113088,1087,0,0,-0.001879431400448084,0.08429206507280469,21.773830795288085,0.005289523170487342,0.0002,0.00887936,0,0,0,358.06647765281343,0.04228515625,0.93674635887146,3.304280585050583,0,0,0,0,0
1114112,1088,-41.3058174473188,779.9,0.0021964054787531493,98.6313087463379,19.413965511322022,0.0046817671479231215,0.0002,0.008869119999999998,0.4,0.0,0.0,572.6046639304976,0.04306640625,0.20379680395126343,563.6404281616211,0.3626124099259884,0.6058641015872726,0.0,0,0.05053901381871614
1115136,1089,0,0,-0.001727814576588571,0.44186157137155535,20.218386936187745,0.006923404017409584,0.0002,0.00885888,0,0,0,414.19452015030697,0.05361328125,0.5125691890716553,3.8603884875774384,0,0,0,0,0
1116160,1090,-146.77617184322676,745.7,0.009254784487626132,0.16572531838627422,21.580348070930032,0.028052287813228733,0.0002,0.00884864,0.5,0.0,0.0,547.0685431791305,0.17635569852941177,0.9370707869529724,6.361856180078843,0.33504831664055507,0.4875606729351839,0.0,0,0.057692247436578456
1117184,1091,0,0,0.0009140948299318552,0.18265525437891483,21.320183086395264,0.01714309753161212,0.0002,0.0088384,0,0,0,551.8719647292666,0.11943359375,0.9031659364700317,5.050846564769745,0,0,0,0,0
1118208,1092,-28.814889659145628,937.4,0.004066227236762643,0.16898653768002986,21.199359893798828,0.02060296551798748,0.0002,0.00882816,0.2,0.0,0.0,621.2421141427893,0.17080078125,0.7243143320083618,2.6284189671278,0.29890160140339017,0.46285467930934054,0.0,0,0.06159682188028783
1119232,1093,0,0,0.037808387370949444,14.293752453543924,19.66006174954501,1.960498013957143,0.0002,0.008817919999999998,0,0,0,513.1195079367469,0.7301136363636364,0.46321582794189453,41.47545016895641,0,0,0,0,0
1120256,1094,12.61240507266444,956.2,-0.0022306670900434254,7.841948235034943,20.450264739990235,0.014793916588051736,0.0002,0.00880768,0.2,0.0,0.0,580.8871256715248,0.09287109375,0.26425886154174805,17.08041751384735,0.3240871886346638,0.5414700839619389,0.0,0,0.06693418720604817
1121280,1095,0,0,-0.003041046720586325,0.13807750924637444,20.40917386506733,0.022992283982138734,0.0002,0.008797440000000002,0,0,0,631.1738005769516,0.13908305921052633,-0.5044350624084473,4.07450511894728,0,0,0,0,0
1122304,1096,-4.716204569494925,835.7,0.001141289295628667,0.07263196762651206,21.313093757629396,0.00839744319391933,0.0002,0.008787199999999998,0.3,0.0,0.0,660.0050919895824,0.05546875,0.781242847442627,2.306566599011421,0.3536215810300888,0.6106592470936961,0.0,0,0.058244474186949904
1123328,1097,0,0,-0.0028442609197411096,0.1096976419028483,20.79129349557977,0.01777426681588021,0.0002,0.00877696,0,0,0,643.9724686553948,0.12818667763157895,0.9459144473075867,3.0365854313499048,0,0,0,0,0
1124352,1098,-11.75993590993146,667.6,7.787533104419708e-05,0.12387474924325943,20.68690776824951,0.00932747726919505,0.0002,0.008766719999999999,0.5,0.0,0.0,603.6190287463982,0.06328125,0.9645578265190125,3.3157953679561616,0.44858574221672426,0.5298706850681721,0.0,0,0.05430188208288432
1125376,1099,0,0,0.002184316609054804,0.11347347013652324,21.070630741119384,0.01543464441210638,0.0002,0.008756479999999999,0,0,0,617.0288171172999,0.106640625,0.8869251608848572,2.9359584927558897,0,0,0,0,0
1126400,1100,7.751229756504136,850.8,-0.00017627933993935585,0.7104145899415016,21.16892719268799,0.004496387197416763,0.0002,0.00874624,0.2,0.0,0.0,482.0976848471447,0.0328125,0.756351888179779,7.268043285608291,0.33616310676537536,0.5869434897830794,0.0,0,0.04713113429456684
1127424,1101,0,0,-0.001370375812985003,0.0322751609608531,21.71488208770752,0.00874677057739861,0.0002,0.008735999999999999,0,0,0,541.5480595094609,0.057421875,0.9583459496498108,2.3556933104991913,0,0,0,0,0
1128448,1102,-16.85956135390432,930.4,0.010583712719380856,0.456252621486783,20.55422329902649,0.04997103681681958,0.0002,0.008725759999999999,0.4,0.0,0.0,498.5984338898137,0.2486572265625,0.08844161033630371,4.485118113458157,0.29850565422092407,0.4789270938240824,0.0,0,0.06033307740163503
1129472,1103,0,0,-0.0012964719687314594,0.036011126549804914,21.583794874303482,0.02076770466602252,0.0002,0.008715520000000001,0,0,0,325.35020834313366,0.15567555147058823,0.9508824944496155,2.4113044782596478,0,0,0,0,0
1130496,1104,-15.101126503521982,666.0,0.007707362839331229,0.10292626213696268,20.92563353644477,0.025578487354130805,0.0002,0.00870528,0.4,0.0,0.0,364.50646602901173,0.177734375,0.43448150157928467,3.885739697350396,0.5628363881964725,0.45564134384088933,0.0,0,0.04537046287370833
1131520,1105,0,0,0.011901209638877348,6.272970156236128,19.47378748113459,0.8120816383851331,0.0002,0.00869504,0,0,0,329.02136854933184,0.6521661931818182,0.764955997467041,54.8302397294478,0,0,0,0,0
1132544,1106,-67.06839437867892,693.1,-0.0007838954217731953,30.870444107055665,18.989578533172608,0.01944464348497794,0.0002,0.0086848,0.5,0.0,0.0,475.0779400330931,0.16474609375,0.7227874994277954,308.3793262481689,0.3932403625168022,0.5798342029470589,0.0,0,0.047393870965256615
1133568,1107,0,0,0.005883097596880462,0.09952483574549358,20.872394031948513,0.019818543430771978,0.0002,0.00867456,0,0,0,494.40788719540586,0.11686197916666667,0.3890005350112915,3.4086877504984536,0,0,0,0,0
1134592,1108,-81.71201861457979,677.5,-0.00195015468634665,0.3053861290216446,21.10482864379883,0.010241714949460246,0.0002,0.008664320000000001,0.6,0.0,0.0,484.2334634140512,0.0755859375,0.6274604797363281,2.2924958169460297,0.49994986500726624,0.7069199438223082,0.0,0,0.06858834926550847
1135616,1109,0,0,0.0011766330455429852,0.11502942070364952,21.63812141418457,0.008567461138682475,0.0002,0.00865408,0,0,0,409.1207956683732,0.06513671875,0.5435761213302612,1.6533062309026718,0,0,0,0,0
1136640,1110,-101.68162983079927,740.2,0.0018431649543344975,37.646089267730716,19.82322769165039,0.0066808820120760615,0.0002,0.00864384,0.4,0.0,0.0,521.007471874177,0.05390625,0.7604791522026062,81.1972749710083,0.3385237219201402,0.659926705888786,0.0,0,0.05159095240033357
1137664,1111,0,0,0.004975568386726081,141.7419116973877,19.135611724853515,0.01972278965994869,0.0002,0.008633599999999998,0,0,0,420.82578267822817,0.17412109375,0.5791099071502686,1214.5328536987304,0,0,0,0,0
1138688,1112,-64.1818872025351,953.7,-0.007364268414676189,7.39072421391805,20.200454966227213,0.03515540620631737,0.0002,0.00862336,0.2,0.0,0.0,608.7807829618325,0.20755208333333333,0.8381534814834595,61.51964931488037,0.30458993390553807,0.4736375880883251,0.0,0,0.05960512204045967
1139712,1113,0,0,0.005427686203467219,5.238111897518761,20.042279695209704,0.02126486219573415,0.0002,0.00861312,0,0,0,514.3527418443333,0.12767269736842105,0.8100802898406982,150.08590115998922,0,0,0,0,0
1140736,1114,20.260176562485007,1000.0,0.012053464539349079,68.8559923171997,20.34488687515259,0.01918508993413841,0.0002,0.008602879999999999,0.0,0.0,0.0,595.0383668974935,0.140234375,0.8112804293632507,49.932224941253665,0.28893535445916385,0.5807093438442795,0.0,0,0.0560301972091944
1141760,1115,0,0,-0.0013287894194945692,0.3263650320470333,20.52904119491577,0.0071666387696391,0.0002,0.008592639999999999,0,0,0,467.3130065678922,0.05771484375,0.8000776767730713,10.954666376113892,0,0,0,0,0
1142784,1116,-50.71627473269755,885.1,-0.0033936753403395413,0.3835636921226978,21.327104377746583,0.011868710789830317,0.0002,0.008582399999999999,0.3,0.0,0.0,489.20381000978983,0.085546875,-0.39012467861175537,9.400524568557739,0.3117300292899131,0.4684094526108643,0.0,0,0.06342800269665286
1143808,1117,0,0,0.0072450483683496715,0.28812919929623604,20.854755306243895,0.01907165097080963,0.0002,0.00857216,0,0,0,526.0596626015031,0.13994140625,0.7142764329910278,6.790457057952881,0,0,0,0,0
1144832,1118,-18.313845588181188,842.4,0.027459086993565925,116.93819368802585,20.66509672311636,0.07208450964239706,0.0002,0.008561919999999999,0.3,0.0,0.0,402.68125843398644,0.34720552884615385,0.05871027708053589,1075.185053898738,0.42682063573281254,0.46804899102615005,0.0,0,0.06053505193901695
1145856,1119,0,0,-0.0005381088238209486,20.20802664756775,20.11045265197754,0.0012015630273841005,0.0002,0.008551679999999999,0,0,0,413.8377306295729,0.0072265625,0.5513447523117065,53.3230283498764,0,0,0,0,0
1146880,1120,-70.36657484455951,624.4,-0.0004681406076997519,8.436953139305114,21.290888786315918,0.002615856806248651,0.0002,0.00854144,0.7,0.0,0.0,577.7586769050678,0.02060546875,0.6405470371246338,88.32838187217712,0.46147604043306795,0.7353804553175852,0.0,0,0.0433984159728973
1147904,1121,0,0,-0.00020390150602906943,0.15198819600045682,21.914318561553955,0.006624744367129143,0.0002,0.008531200000000001,0,0,0,425.7483981280409,0.06015625,0.960780680179596,4.222194838523865,0,0,0,0,0
1148928,1122,-38.28365849309038,644.2,0.00018757353536784648,0.1092432264238596,20.81594400405884,0.014414056320781831,0.0002,0.00852096,0.5,0.0,0.0,456.9780652050421,0.10859375,0.8849766850471497,3.294450831413269,0.46553302717632183,0.51080866570323,0.0,0,0.06622659197101258
1149952,1123,0,0,0.03348675598813729,2.7214173512025313,21.162527777931906,0.31731249739187817,0.0002,0.00851072,0,0,0,475.0536107888759,0.248046875,-0.8210707902908325,32.83965865048495,0,0,0,0,0
1150976,1124,-36.231711217085106,692.4,0.07674162547019395,40.63577582619407,20.392654939131305,0.35293267870506334,0.0002,0.008500479999999998,0.5,0.0,0.0,436.0468952463217,0.6898082386363636,0.5434053540229797,181.66877902637827,0.42001827746145065,0.7441630401530728,0.0,0,0.04324075681316869
1152000,1125,0,0,-0.0005430687218904495,0.45996715873479843,21.006631469726564,0.00559843520763943,0.0002,0.00849024,0,0,0,600.7537098047948,0.0490234375,-0.15036487579345703,5.157475960254669,0,0,0,0,0
1153024,1126,-161.61705386934824,920.8,0.026248640165879175,110.6120719909668,21.090987572303185,0.10170523535758655,0.0002,0.00848,0.4,0.0,0.0,403.0956192323218,0.3114483173076923,0.5497603416442871,1050.0080906794622,0.2860545083255435,0.5304651420919878,0.0,0,0.05906118616763724
1154048,1127,0,0,-0.0011991931591182948,1.5963519215583801,21.30301332473755,0.008834871487276973,0.0002,0.008469759999999998,0,0,0,483.2617225896815,0.0720703125,0.7605342268943787,30.082433450222016,0,0,0,0,0
1155072,1128,1.7975179489563622,710.2,0.023826378164812922,0.581539216140906,21.53053633371989,0.39204686251484144,0.0002,0.00845952,0.4,0.0,0.0,384.4765619244277,0.18326822916666666,0.504951000213623,14.582256505886713,0.4046583071803421,0.6238994013427094,0.0,0,0.05665713492441591
1156096,1129,0,0,-0.00034697200171649454,0.038586501777172086,21.542137336730956,0.01509633479887329,0.0002,0.008449279999999998,0,0,0,557.0822747392459,0.1029296875,0.8999125361442566,2.1978114008903504,0,0,0,0,0
1157120,1130,8.279884310141991,819.7,-0.0009312072303146124,0.2869951404631138,21.259059333801268,0.01792075952991219,0.0002,0.00843904,0.3,0.0,0.0,516.0119047676259,0.138671875,0.8989379405975342,3.946447366476059,0.33458600826112717,0.5362418855406441,0.0,0,0.06499839430570568
1158144,1131,0,0,0.018107262905687094,13.645326267589223,20.099424015391957,0.4094027045439045,0.0002,0.0084288,0,0,0,393.8389814430278,0.4462002840909091,0.585159182548523,127.94724013588645,0,0,0,0,0
1159168,1132,4.2083088498389,737.1,-0.0006647225935012102,69.09737205505371,21.29009370803833,0.001423852997343733,0.0002,0.008418559999999999,0.3,0.0,0.0,462.5051684673097,0.01064453125,0.411493182182312,85.51285886764526,0.5077960613379494,0.6684401034497409,0.0,0,0.04807660393269726
1160192,1133,0,0,-0.0037591211963444947,0.18605445884168148,21.394746685028075,0.006081728108341266,0.0002,0.00840832,0,0,0,511.57225706445575,0.060546875,0.8259668946266174,7.410553598403931,0,0,0,0,0
1161216,1134,-6.901480632942521,671.4,0.028785736228411015,69.79163184532753,19.254161834716797,0.09292942079586539,0.0002,0.00839808,0.6,0.0,0.0,389.0545834602262,0.35787259615384615,0.6921881437301636,81.70358496445876,0.3627331850099166,0.6701650965350496,0.0,0,0.05491423517302525
1162240,1135,0,0,0.0008600585628300905,7.076521730422973,20.403185081481933,0.00460958610063642,0.0002,0.008387839999999999,0,0,0,593.3393928551446,0.03447265625,0.888005256652832,47.489289379119874,0,0,0,0,0
1163264,1136,-25.507195138733376,905.6,0.002062961319461465,0.32588360011577605,21.89772777557373,0.021275729645402742,0.0002,0.0083776,0.3,0.0,0.0,339.80472796584934,0.164453125,0.7159550189971924,9.975328558683396,0.34028099546227186,0.6665017946049056,0.0,0,0.07265704568512982
1164288,1137,0,0,0.0003747918177396059,10.192334842681884,20.650677967071534,0.01741852576971876,0.0002,0.008367359999999999,0,0,0,610.8886208575889,0.1193359375,0.6239262819290161,33.04971957206726,0,0,0,0,0
1165312,1138,-101.7209147041431,752.4,0.00014114798977971077,0.04573269700631499,21.920243644714354,0.01025846899729892,0.0002,0.008357119999999999,0.5,0.0,0.0,308.5078046963362,0.07509765625,0.6871208548545837,2.7667302399873734,0.3660596688699826,0.6044898555487873,0.0,0,0.049769420724197544
1166336,1139,0,0,0.003966808505356312,21.788197898864745,21.283120250701906,0.02190721787061074,0.0002,0.008346880000000001,0,0,0,525.9932402924422,0.1546875,0.8359674215316772,125.78723011016845,0,0,0,0,0
1167360,1140,-18.445726496506285,828.9,-0.008592120953835547,0.7010644637048244,21.42010533809662,0.030756084059399225,0.0002,0.008336639999999998,0.3,0.0,0.0,588.5359041837069,0.203125,-0.06216013431549072,2.1691009625792503,0.3251247640437022,0.43177547977296105,0.0,0,0.051107035453110364
1168384,1141,0,0,0.0017185384407639504,0.06588197872042656,20.789748001098634,0.014744616102112662,0.0002,0.0083264,0,0,0,516.6549777048748,0.10791015625,0.47361260652542114,2.835257837176323,0,0,0,0,0
1169408,1142,-26.352941409078063,732.1,0.008379774413218624,0.0691856867388675,21.328650625128496,0.023203811283627942,0.0002,0.00831616,0.5,0.0,0.0,669.3119305643191,0.12736430921052633,-0.008604168891906738,2.8592871176569084,0.47194172818003466,0.6320240471126355,0.0,0,0.05266217600478852
1170432,1143,0,0,-0.0006065520690754056,0.12020490132272243,21.284917259216307,0.017674614256368758,0.0002,0.00830592,0,0,0,692.4452752059658,0.12236328125,0.14904946088790894,2.876686954498291,0,0,0,0,0
1171456,1144,-46.10589590311518,888.5,0.0017052373383194207,0.15386257469654083,22.018808364868164,0.005961833088177926,0.0002,0.00829568,0.2,0.0,0.0,557.058431010609,0.04482421875,0.8986532092094421,3.5827143609523775,0.40160600375720523,0.47806563881087827,0.0,0,0.06126936579975123
1172480,1145,0,0,0.001638481323607266,0.12894093655049801,20.509569263458253,0.00989366502043607,0.0002,0.00828544,0,0,0,560.7066937270085,0.0703125,0.38920795917510986,2.4757012993097307,0,0,0,0,0
1173504,1146,-21.314766393038436,766.0,-0.0003199941944330931,0.06765838712453842,21.814537048339844,0.007159103092373354,0.0002,0.0082752,0.4,0.0,0.0,421.95429654918337,0.0619140625,0.8696324825286865,2.320927566289902,0.3951155242841822,0.6677018666125046,0.0,0,0.053496962634562696
1174528,1147,0,0,0.009267842190133201,0.09665833537777264,21.569293869866264,0.021812230353572284,0.0002,0.008264959999999998,0,0,0,605.1570617858089,0.11295572916666667,-0.017428040504455566,2.734593219227261,0,0,0,0,0
1175552,1148,-2.869098749156259,826.3,0.014920019110043843,0.24203412036101024,20.97829755147298,0.04422123106208057,0.0002,0.00825472,0.3,0.0,0.0,352.91194389651605,0.22161458333333334,-1.3028805255889893,5.783824197451273,0.30297447798807015,0.5960011295403962,0.0,0,0.05258992752243735
1176576,1149,0,0,0.00019222347893648676,0.10570453272925483,21.62435287899441,0.023252266653294187,0.0002,0.00824448,0,0,0,536.4462477391335,0.1478949652777778,0.6607479453086853,2.7180830107794867,0,0,0,0,0
1177600,1150,-26.382663996409974,852.1,0.03081886131655086,63.07975179498846,21.828615882179953,0.14136209440524297,0.0002,0.008234239999999999,0.2,0.0,0.0,473.05637564244466,0.44957386363636365,-0.15118229389190674,50.187823208895594,0.40663638991185536,0.5448252681089701,0.0,0,0.053794203358167536
1178624,1151,0,0,-0.001333750761114061,28.355066442489623,21.938366222381593,0.0027257471899167383,0.0002,0.008223999999999999,0,0,0,490.5870865530141,0.02666015625,0.07796651124954224,276.9117657661438,0,0,0,0,0
1179648,1152,-24.877552430855275,781.0,0.0009695194661617279,0.17705798521637917,22.023495197296143,0.0038396423900054267,0.0002,0.00821376,0.3,0.0,0.0,322.7688029665196,0.03388671875,0.7732517719268799,6.580402845144272,0.3939007737434532,0.4135530436342504,0.0,0,0.05636201165616942
1180672,1153,0,0,-0.0013127624057233333,0.15409866478294135,22.35482473373413,0.006007361578083348,0.0002,0.008203519999999999,0,0,0,536.976226462415,0.04248046875,0.4486549496650696,7.5346132040023805,0,0,0,0,0
1181696,1154,-64.88868407827108,942.0,-0.0007625816855579614,0.16971263252198696,22.059377670288086,0.011559885137228675,0.0002,0.008193279999999999,0.3,0.0,0.0,539.7673033497749,0.0517578125,0.10855263471603394,4.580392110347748,0.2731044802760257,0.5532037824686242,0.0,0,0.04999651464776723
1182720,1155,0,0,0.008740254701115191,0.6581831410527229,21.79883861541748,0.01294903048555911,0.0002,0.008183039999999999,0,0,0,489.7389832120303,0.08525390625,0.1948254108428955,5.273049378395081,0,0,0,0,0
1183744,1156,-18.0790386825779,843.7,0.00034700180403888223,0.04595165988430381,22.10341634750366,0.004491907716260002,0.0002,0.008172800000000001,0.3,0.0,0.0,645.85634451548,0.03125,0.3769482374191284,2.7391994178295134,0.3517737466808247,0.5254337509546383,0.0,0,0.06011360379216328
1184768,1157,0,0,0.002747323107905686,0.09771249033510684,21.78510265350342,0.009128133347382762,0.0002,0.00816256,0,0,0,525.6934213404269,0.07236328125,0.043018221855163574,3.7788333535194396,0,0,0,0,0
1185792,1158,-13.91248866509861,938.2,0.002508827392011881,0.12428207211196422,21.143602752685545,0.018201406253626116,0.0002,0.00815232,0.1,0.0,0.0,488.8379403956897,0.129296875,0.7058134078979492,5.266029107570648,0.27768345208302925,0.5652809058899908,0.0,0,0.05657654828220225
1186816,1159,0,0,0.023493435292039067,108.29425859451294,21.149593710899353,0.03527271853831493,0.0002,0.008142080000000001,0,0,0,566.0411343049898,0.1927490234375,0.34346169233322144,866.0555398464203,0,0,0,0,0
1187840,1160,-25.23458419109243,880.4,-0.0017331407353695896,0.07993199717667368,21.974697960747612,0.018177799505539168,0.0002,0.008131839999999998,0.2,0.0,0.0,675.643426820338,0.11924913194444445,-1.3046166896820068,3.239725877841314,0.2722478045905836,0.47632417596983057,0.0,0,0.053668977221049054
1188864,1161,0,0,0.0026321318931877614,0.12165896967053413,21.70753946304321,0.011697603622617247,0.0002,0.0081216,0,0,0,588.939171376159,0.08525390625,-0.1559450626373291,2.7993031054735185,0,0,0,0,0
1189888,1162,-132.0804088971882,792.7,-0.007365173008292913,0.4381409339606762,21.943179416656495,0.01687057181270992,0.0002,0.00811136,0.4,0.0,0.0,497.1233522318809,0.13701171875,0.22759878635406494,1.584039881825447,0.4449168735591883,0.6738364255205166,0.0,0,0.049351373294686356
1190912,1163,0,0,7.786802016198635e-05,0.21410137340426444,22.590324020385744,0.005938205405401842,0.0002,0.008101119999999998,0,0,0,311.06181131332096,0.05986328125,0.7280764579772949,2.691138136386871,0,0,0,0,0
1191936,1164,-23.180677278402264,996.7,-0.0016487111803144216,0.05561077482998371,22.245345973968504,0.011755652260112015,0.0002,0.00809088,0.1,0.0,0.0,673.2465002279964,0.0744140625,0.7551564574241638,1.6251350879669189,0.27105674146364656,0.49095691590774126,0.0,0,0.05295530417498402
1192960,1165,0,0,0.000557443662546575,0.06468248665332794,22.33377876281738,0.007540026935874878,0.0002,0.008080639999999998,0,0,0,572.413649643928,0.06845703125,0.3392002582550049,2.3184082761406897,0,0,0,0,0
1193984,1166,-108.48975495694874,817.3,0.003885667398571968,0.03951181843876839,21.833871841430664,0.011899847810964204,0.0002,0.008070399999999998,0.4,0.0,0.0,743.8866678732907,0.0892578125,0.8087189793586731,3.0674454092979433,0.3142580631807057,0.5293766224511529,0.0,0,0.05620692175620721
1195008,1167,0,0,-0.0018617821808316205,0.0736827926808282,21.801348234477796,0.01569507299246154,0.0002,0.00806016,0,0,0,676.3167800588486,0.09457236842105263,0.567894697189331,2.4163610088197807,0,0,0,0,0
1196032,1168,0.8864611011001398,991.1,0.014723458389441172,325.0620178222656,20.04950688680013,0.036822628043746516,0.0002,0.008049919999999999,0.1,0.0,0.0,434.3954944702398,0.24505208333333334,-0.05086982250213623,249.90807291666667,0.27865283635181115,0.5938682957132411,0.0,0,0.05734038843202712
1197056,1169,0,0,-0.003441702062264085,0.5047257997095584,21.823546600341796,0.009799259525731152,0.0002,0.00803968,0,0,0,439.00698174626757,0.065625,0.19667071104049683,10.528214955329895,0,0,0,0,0
1198080,1170,21.406739963245702,1000.0,0.001805271813645959,0.24565149508416653,21.875244998931883,0.007328603851895465,0.0002,0.00802944,0.0,0.0,0.0,487.7369611700507,0.06064453125,0.6463269591331482,6.346296226978302,0.28384936210217193,0.5113004142981156,0.0,0,0.05829931592295338
1199104,1171,0,0,-0.002378227119334042,0.1708337388932705,21.682017135620118,0.009480160533102033,0.0002,0.008019199999999999,0,0,0,499.2664152375178,0.08544921875,0.6296379566192627,4.869342029094696,0,0,0,0,0
1200128,1172,-65.3899530244114,809.2,1.4898274093866348e-05,0.08830874189734458,21.50832529067993,0.018244992545896822,0.0002,0.00800896,0.3,0.0,0.0,462.97126505732535,0.12587890625,0.1942865252494812,3.3636515140533447,0.4513000702156935,0.5656069283965073,0.0,0,0.0565918950276582
1201152,1173,0,0,0.002319690538570285,0.3453066922724247,22.654979038238526,0.026931573765028815,0.0002,0.007998719999999999,0,0,0,434.01056972834573,0.16962890625,0.44287925958633423,2.6234428882598877,0,0,0,0,0
1202176,1174,9.536768365503205,820.3,0.008999236160889268,0.18847595062106848,21.49074149131775,0.028619096414456924,0.0002,0.00798848,0.2,0.0,0.0,379.38216644677937,0.1236572265625,0.14429795742034912,4.543183408677578,0.48353581592540557,0.7211378664496733,0.0,0,0.052089186276230715
1203200,1175,0,0,0.0013726021991007859,0.05625599415765868,22.207737392849392,0.013599492001668287,0.0002,0.007978240000000001,0,0,0,367.0796133797478,0.08604600694444445,0.2537137269973755,2.4319311645295887,0,0,0,0,0
1204224,1176,-31.87687571320153,901.4,0.0024137865555913826,0.07095927568642717,22.14208392093056,0.019643579487242022,0.0002,0.007968,0.3,0.0,0.0,490.2794701014572,0.1177014802631579,0.4785834550857544,3.336088387589706,0.3075945169385387,0.45801169068614395,0.0,0,0.06346619926958108
1205248,1177,0,0,0.11077093587002972,262.4808086048473,21.79594005237926,0.1831087849358452,0.0002,0.00795776,0,0,0,461.7864547701184,0.6182528409090909,0.30312931537628174,1991.9803966175425,0,0,0,0,0
1206272,1178,-74.49129763361448,943.3,-0.0002197548281401396,0.15268357545137407,22.531173515319825,0.0028079204248125933,0.0002,0.00794752,0.2,0.0,0.0,589.1676412126932,0.01923828125,0.878139078617096,6.33398512005806,0.2734715268963938,0.5664497817194871,0.0,0,0.0598417682570563
1207296,1179,0,0,0.0035566923518975577,0.16066477571924528,22.587017907036675,0.029031557108736825,0.0002,0.007937279999999998,0,0,0,394.2645405777952,0.1322699652777778,-0.009241461753845215,3.862164729171329,0,0,0,0,0
1208320,1180,-36.55804596604587,918.2,0.00030442788265645505,9.339874529838562,21.736391448974608,0.0035951274564490986,0.0002,0.00792704,0.2,0.0,0.0,449.2856978772841,0.0212890625,0.6562279462814331,27.96456322669983,0.30976597028808084,0.5267047468003621,0.0,0,0.06086892725739564
1209344,1181,0,0,0.0010464353952556848,2.3078144967556,21.524736881256104,0.005458998712258545,0.0002,0.0079168,0,0,0,524.6470296934157,0.04765625,0.3596941828727722,58.05520713329315,0,0,0,0,0
1210368,1182,-13.034294879435274,919.0,-0.002375865029171109,0.07920378763228655,23.41791400909424,0.00600224335803432,0.0002,0.00790656,0.2,0.0,0.0,545.2396592194444,0.04580078125,0.9562664031982422,3.360910859704018,0.27501339202481845,0.43551200065537976,0.0,0,0.05231760476524916
1211392,1183,0,0,-0.0026271757436916233,0.06542072426527738,23.631355190277098,0.014647378030457858,0.0002,0.007896319999999998,0,0,0,401.7413065606024,0.12060546875,0.9475603699684143,2.9186018288135527,0,0,0,0,0
1212416,1184,-108.92308678557372,695.5,0.0004205326084047556,0.8412422776222229,21.859683799743653,0.006738520795032343,0.0002,0.00788608,0.4,0.0,0.0,501.9413176463109,0.0453125,0.44280415773391724,34.334228014945985,0.3810435290479981,0.5969603967959443,0.0,0,0.04253129584947637
1213440,1185,0,0,0.009572758538914579,86.4253785269601,21.809890610831125,0.03897366752595843,0.0002,0.00787584,0,0,0,533.1835478787575,0.337890625,0.17004048824310303,677.1932498386929,0,0,0,0,0
1214464,1186,-31.187440848974518,784.5,8.54017212986946e-05,100.99716510772706,22.75108394622803,0.0025559550850818625,0.0002,0.007865599999999999,0.3,0.0,0.0,452.3648112476338,0.015625,0.4512239098548889,992.8692100524902,0.37296104482852926,0.6100152834780135,0.0,0,0.042898649614605586
1215488,1187,0,0,-0.0008655016776174307,27.691277694702148,22.161533451080324,0.000677472711824123,0.0002,0.00785536,0,0,0,471.89581340075654,0.00244140625,0.6082971096038818,268.09384832382204,0,0,0,0,0
1216512,1188,-57.8381373777343,945.9,0.00029918209960063297,0.08935083117749956,22.2960844039917,0.02984761094895995,0.0002,0.00784512,0.1,0.0,0.0,475.43165216690556,0.2282986111111111,0.6072545051574707,3.2202937536769443,0.24959153226636682,0.5237364891665827,0.0,0,0.050976620977972974
1217536,1189,0,0,-0.00165251179255153,0.10622737321414445,23.604501724243164,0.02360752893097057,0.0002,0.007834879999999999,0,0,0,439.63101585119864,0.0962171052631579,0.6001932621002197,2.1032234665594602,0,0,0,0,0
1218560,1190,-86.28632517152366,908.5,0.0009735515341162682,0.09764542449265719,22.85834264755249,0.007222463723284634,0.0002,0.007824639999999999,0.3,0.0,0.0,457.35801970881994,0.0525390625,0.43238693475723267,3.073798179626465,0.3240014461946127,0.5148547678225757,0.0,0,0.05393708074530954
1219584,1191,0,0,-0.00025924239307641985,0.09214796666055917,23.464971160888673,0.0036034220394444818,0.0002,0.007814399999999999,0,0,0,521.6533702950941,0.03017578125,-0.01957690715789795,2.614789068698883,0,0,0,0,0
1220608,1192,-83.52080776799471,906.5,2.546422183513641e-06,0.07124683782458305,23.74507694244385,0.018266139633607993,0.0002,0.007804159999999999,0.2,0.0,0.0,412.3447547139669,0.13349609375,0.5043939352035522,2.2140793085098265,0.33098895036077736,0.44604986644172734,0.0,0,0.05378153727675
1221632,1193,0,0,0.05709468247368932,226.1627629597982,21.01047436396281,0.3401711188879359,0.0002,0.007793919999999999,0,0,0,561.3582720332839,0.5104166666666666,0.5045254230499268,1866.3609212239583,0,0,0,0,0
1222656,1194,-46.17193908778021,922.8,-0.0005799063248559833,26.985348987579346,21.378094959259034,0.008529112272771311,0.0002,0.007783679999999999,0.2,0.0,0.0,520.9446570623713,0.0572265625,0.8435357809066772,299.3889782905579,0.2682643420518388,0.5396936978555904,0.0,0,0.04108112129716414
1223680,1195,0,0,-0.005911179562099278,0.03475167434662581,23.589897537231444,0.014511060295726085,0.0002,0.007773440000000001,0,0,0,534.2437682695346,0.0939453125,0.8494622707366943,1.9511884897947311,0,0,0,0,0
1224704,1196,-41.29922511604192,1000.0,0.00048702355060312484,0.16753392790754637,22.334707578023274,0.018816177701046637,0.0002,0.007763199999999998,0.0,0.0,0.0,669.1181914758212,0.1199001736111111,0.3915210962295532,7.001510580380757,0.25059212544036435,0.561210774931771,0.0,0,0.052653546351517935
1225728,1197,0,0,-0.00041339523158967495,0.08091493286192417,22.925789546966552,0.009958508207739936,0.0002,0.00775296,0,0,0,417.38991764868234,0.06171875,0.43891382217407227,2.6027743011713027,0,0,0,0,0
1226752,1198,-6.496393850000937,917.1,-9.19506885111332e-05,0.05055012609809637,23.141864681243895,0.011601583816923977,0.0002,0.00774272,0.2,0.0,0.0,400.23972594505983,0.08369140625,0.6781481504440308,2.172789788246155,0.2782124445683723,0.42130976041258456,0.0,0,0.05415374022393461
1227776,1199,0,0,-0.00041686054319143293,0.1158993311226368,23.172149085998534,0.00960285472694089,0.0002,0.007732479999999998,0,0,0,474.66646508384366,0.0716796875,-0.28770244121551514,2.2722290962934495,0,0,0,0,0
1228800,1200,16.732169030377285,938.5,-0.0012319074257424003,0.06006314605474472,22.533390547099867,0.027345584803614494,0.0002,0.00772224,0.1,0.0,0.0,479.3245273846493,0.15748355263157895,0.4229722023010254,3.089750340110377,0.2786716647050975,0.4396614815216629,0.0,0,0.05396008281184973
1229824,1201,0,0,0.06259596642727654,200.68228149414062,22.707541465759277,0.12379063433053794,0.0002,0.007712,0,0,0,469.71879717387895,0.57373046875,0.19549298286437988,1959.4427083333333,0,0,0,0,0
1230848,1202,-61.15347088091603,919.6,0.0016172990668565034,0.1686859916895628,22.69393148422241,0.007113574381327492,0.0002,0.0077017599999999985,0.2,0.0,0.0,578.9178609718508,0.04912109375,0.48424190282821655,6.3302126288414,0.28765629882820754,0.5980607817087431,0.0,0,0.04866163322363044
1231872,1203,0,0,-0.001962611929660565,0.06521388809931905,23.27002404865466,0.02243003668281505,0.0002,0.00769152,0,0,0,446.8388584850039,0.15162417763157895,0.23553729057312012,2.350812315940857,0,0,0,0,0
1232896,1204,-13.850675486624572,848.0,-0.0009255695156753063,0.13943506292998792,22.87706003189087,0.015392694328457069,0.0002,0.007681279999999999,0.3,0.0,0.0,491.9036054002837,0.08994140625,0.5559250116348267,3.435937541723251,0.2861523891656259,0.4815050820750256,0.0,0,0.046806733637812084
1233920,1205,0,0,0.004975832005341848,0.08683492441972097,22.92516263326009,0.04815322800245667,0.0002,0.007671039999999999,0,0,0,418.49087980119634,0.24127604166666666,-0.04360795021057129,4.035186640421549,0,0,0,0,0
1234944,1206,-138.81095646403787,915.1,0.009786369415986188,0.0816474131801549,23.12262232163373,0.03244019966066916,0.0002,0.007660800000000001,0.2,0.0,0.0,513.9024898795137,0.22736672794117646,0.288122296333313,4.041932568830602,0.26865222945922895,0.4260692321106642,0.0,0,0.04635840153199534
1235968,1207,0,0,0.040401926885048546,176.77184359232584,21.556015968322754,0.17738502740421755,0.0002,0.007650559999999999,0,0,0,374.27529216134343,0.5074869791666666,0.6615258455276489,1516.8223584493,0,0,0,0,0
1236992,1208,-76.93561722347289,939.9,-0.0017093999311327934,0.05916680190712213,23.44893808364868,0.01684651953704126,0.0002,0.007640319999999999,0.2,0.0,0.0,494.8469046082292,0.1251953125,0.23244571685791016,1.8451440364122391,0.2667261656674106,0.5024283159855388,0.0,0,0.05409627908777727
1238016,1209,0,0,0.021045789255627563,150.80960627964564,21.192269325256348,0.0434918157491622,0.0002,0.007630079999999999,0,0,0,562.6465965582272,0.3451450892857143,0.6373323202133179,982.3762441362653,0,0,0,0,0
1239040,1210,-325.0200008497002,872.2,-8.556339889764785e-06,14.293311262130738,21.518585777282716,5.280879656668347e-05,0.0002,0.007619839999999999,0.3,0.0,0.0,512.3017524431731,0.0,0.6662806868553162,405.8727138519287,0.36600190456514226,0.5501844257316406,0.0,0,0.04838119859416647
1240064,1211,0,0,-0.0015000876039266587,5.266570806503296,21.756022008260093,0.03616415682566962,0.0002,0.007609600000000001,0,0,0,617.0146343481662,0.230859375,0.830696702003479,71.81605745951335,0,0,0,0,0
1241088,1212,-47.56337175830451,971.8,0.0015772783663123846,0.12164022810757161,23.477169609069826,0.008138093800634039,0.0002,0.0075993599999999994,0.2,0.0,0.0,447.9104164002996,0.0564453125,0.8317385911941528,6.5870944380760195,0.27022996909149527,0.46421068467877874,0.0,0,0.061003425058165195
1242112,1213,0,0,-0.001665297160415273,2.163030009520681,22.728490528307464,0.026303327654747813,0.0002,0.0075891199999999995,0,0,0,629.7956918420674,0.28690378289473684,0.690095067024231,53.11410422074167,0,0,0,0,0
1243136,1214,-95.08157324916345,897.3,-0.0045039284353454905,0.11321391123864386,23.721376101175945,0.015331767578809361,0.0002,0.007578879999999998,0.3,0.0,0.0,408.549731201718,0.09971788194444445,0.9209024906158447,7.659573806656732,0.25988825391574627,0.6451010267533845,0.0,0,0.04927389696223437
1244160,1215,0,0,-8.766409009695054e-05,13.073405599594116,21.693555736541747,0.002957062382593456,0.0002,0.007568639999999998,0,0,0,632.0258851520023,0.021875,0.8186159133911133,207.33202157020568,0,0,0,0,0
1245184,1216,-43.19489742525272,879.8,0.002574933972209692,5.074183189868927,22.07386770248413,0.007270608065410755,0.0002,0.0075584,0.2,0.0,0.0,579.501271067123,0.06181640625,0.37527740001678467,171.33672440052032,0.3015234418487025,0.4440561569584706,0.0,0,0.051955286940329484
1246208,1217,0,0,-0.0004341562744230032,61.762321090698244,21.9670147895813,0.006502397157712991,0.0002,0.007548159999999998,0,0,0,519.576044011027,0.05146484375,0.7591123580932617,179.9583173751831,0,0,0,0,0
1247232,1218,-105.35083123899332,954.6,-0.0030605824897065757,0.3600378319621086,23.599149703979492,0.0034855311752249206,0.0002,0.007537919999999998,0.2,0.0,0.0,519.2236677852325,0.0244140625,0.9756710529327393,14.915077590942383,0.2600279413956118,0.4657919669873182,0.0,0,0.051159820803654076
1248256,1219,0,0,-0.0003219170263037086,0.11115850359201432,23.000332736968993,0.0065214889911107575,0.0002,0.00752768,0,0,0,558.0276950149492,0.05439453125,0.9821509718894958,5.230199766159058,0,0,0,0,0
1249280,1220,0.4451954423051376,967.6,-0.000881574090777172,0.08756050157050292,23.27273792690701,0.022957268429843285,0.0002,0.00751744,0.1,0.0,0.0,369.09058875424404,0.1293402777777778,0.762787938117981,3.9522198968463473,0.2549206769004527,0.483865103977295,0.0,0,0.05122474107721042
1250304,1221,0,0,0.00017574108205735682,1.4586109042167663,23.176498413085938,0.005648570048051482,0.0002,0.007507199999999999,0,0,0,593.6559597223134,0.04501953125,0.47556066513061523,17.574060559272766,0,0,0,0,0
1251328,1222,-187.1614160215426,887.4,0.006341802957467735,92.21771965026855,21.858057975769043,0.016773297643590722,0.0002,0.007496959999999999,0.4,0.0,0.0,501.5088930639449,0.1255859375,0.8097974061965942,130.2926818847656,0.26189828622965916,0.48353647154872526,0.0,0,0.04873180684427751
1252352,1223,0,0,-0.0018758573569357395,0.3830537907779217,23.36093235015869,0.006111622924176529,0.0002,0.0074867200000000005,0,0,0,282.4892800256985,0.05703125,0.6694859862327576,16.470025515556337,0,0,0,0,0
1253376,1224,21.111666100782664,1000.0,0.001656825002282858,80.35350532531739,22.004893016815185,0.012581967587310672,0.0002,0.007476480000000001,0.0,0.0,0.0,395.05275176342496,0.0958984375,0.8701639175415039,114.39104290008545,0.26137621167969993,0.31895169056870615,0.0,0,0.04886632838421726
1254400,1225,0,0,-0.005722490744665265,0.0826016791164875,23.498698425292968,0.011073352362383382,0.0002,0.007466239999999999,0,0,0,479.28408985657524,0.09697265625,0.6503684520721436,5.113374745845794,0,0,0,0,0
1255424,1226,4.805585289314931,918.6,-0.00036229798570275307,0.06779271382838488,23.522653675079347,0.008580528263828314,0.0002,0.007455999999999999,0.1,0.0,0.0,571.5652057730256,0.06083984375,0.3148335814476013,4.166561508178711,0.29969513301687833,0.5338769158772907,0.0,0,0.05893474593401075
1256448,1227,0,0,0.0017855404386002767,0.053608474958884086,23.261517876072933,0.01982835495217472,0.0002,0.0074457599999999974,0,0,0,597.3441689655436,0.12325246710526316,0.45123404264450073,3.6771034441496195,0,0,0,0,0
