step,episode,ep_reward_mean,ep_len_mean,policy_loss,value_loss,entropy,approx_kl,learning_rate,entropy_coef,collision_rate,offroad_rate,success_rate,fps,clipfrac,explained_variance,grad_norm,avg_speed,lane_deviation,lane_change_count,min_ttc,path_completion
4096,1,0,0,-0.0017409206426236778,0.02037017294205725,3.5044804245233534,0.04484014066402083,0.0001,0.03,0,0,0,296.4481937393081,0.21650390625,0.012805342674255371,2.5346834272146226,0,0,0,0,0
8192,2,-66.03419801253033,893.5,0.004543078725691885,9.976604369282722,3.7693333864212035,0.08867045467486821,0.0001,0.029949937777777776,0.6,0.0,0.0,323.3356459599035,0.349755859375,0.004724442958831787,4.23251968100667,0.300610243763799,1.1793997335304702,0.0,0,0.03979576252957524
12288,3,0,0,0.004134121432434768,34.9261636018753,3.9532944947481155,0.018545529004770685,0.0001,0.029899875555555556,0,0,0,262.2643432209677,0.0889404296875,0.03459066152572632,9.647170913219451,0,0,0,0,0
16384,4,-27.159769086267666,989.5,0.0009611189481802285,77.54344205856323,3.935826990008354,0.010115915681673856,0.0001,0.029849813333333333,0.3,0.0,0.0,257.2429864928286,0.04853515625,0.11693811416625977,30.039559888839722,0.3074975739177457,0.9388111732918916,0.0,0,0.051687868371885284
20480,5,0,0,7.873825961723923e-06,47.71824085712433,3.9913416117429734,0.010557500343978536,0.0001,0.02979975111111111,0,0,0,281.5751516526473,0.0503173828125,0.28557640314102173,30.11378064751625,0,0,0,0,0
24576,6,-89.07832830914519,663.3,-0.0004565340233966708,60.51802954673767,3.972310835123062,0.007249240628609768,0.0001,0.02974968888888889,1.0,0.0,0.0,256.8974451309683,0.0358642578125,0.3860463500022888,47.404836809635164,0.39257055280045744,1.0306701694848628,0.0,0,0.05070897691409791
28672,7,0,0,-0.0032258508959785103,117.46229877471924,3.95258372426033,0.01036641934272394,0.0001,0.029699626666666666,0,0,0,316.4054546137322,0.0524658203125,0.4034236669540405,62.39814200401306,0,0,0,0,0
32768,8,-102.30208213999214,940.4,-0.0006819130678195507,58.755147743225095,3.928839448094368,0.007426315479109784,0.0001,0.029649564444444443,0.8,0.0,0.0,278.20255658113075,0.0348876953125,0.5714986324310303,51.8436359167099,0.408941827230114,1.1641149648608569,0.0,0,0.0935213897055498
36864,9,0,0,0.00880110920406878,40.97710204124451,4.070451691746712,0.038738224468763696,0.0001,0.02959950222222222,0,0,0,267.95625392121013,0.16962890625,0.7269750833511353,60.97037737965584,0,0,0,0,0
40960,10,-43.73020275807302,897.8,0.00778138964669779,22.39918757677078,4.00037294626236,0.11520247186417856,0.0001,0.02954944,0.6,0.0,0.0,261.1728034888331,0.214404296875,0.7953556776046753,106.65546127557755,0.42323877606095983,1.063263663449758,0.0,0,0.08444509915352164
45056,11,0,0,0.00621026215958409,34.07407360076904,4.090966066718101,0.02410257296651433,0.0001,0.029499377777777776,0,0,0,289.9101665502714,0.0975830078125,0.7323660254478455,65.5316988170147,0,0,0,0,0
49152,12,-67.85188130760449,968.2,0.0018134080863092094,13.638353049755096,4.245389902591706,0.018024472219442207,0.0001,0.029449315555555553,0.6,0.0,0.0,287.0560029640178,0.0807373046875,0.8741053938865662,36.025193297863005,0.38385696600438657,1.0174842531186419,0.0,0,0.07415636424745246
53248,13,0,0,0.00494316938566044,13.80299723148346,4.36734909415245,0.0243798536645066,0.0001,0.029399253333333333,0,0,0,305.57669411773014,0.0977783203125,0.8526241779327393,50.39927283525467,0,0,0,0,0
57344,14,-2.880798053919953,969.3,-0.0007230983523186296,31.849577474594117,4.3864400565624235,0.026197715781747465,0.0001,0.02934919111111111,0.3,0.0,0.0,308.1044255269437,0.1214111328125,0.7743320465087891,69.09487833976746,0.3703125172290192,0.4785825536839573,0.0,0,0.08813592951759028
61440,15,0,0,0.004549082816811279,83.43834853172302,4.340716892480851,0.021508697599348682,0.0001,0.029299128888888887,0,0,0,296.88313680055734,0.08876953125,-0.40952205657958984,50.67814737558365,0,0,0,0,0
65536,16,5.832323377038752,997.7,0.012832940602675081,104.33963022232055,4.354119920730591,0.08235078430443706,0.0001,0.029249066666666667,0.2,0.0,0.0,237.31271642000183,0.15986328125,0.0051634907722473145,34.14447385072708,0.3518487122320948,0.7010159444592867,0.0,0,0.07187688046413218
69632,17,0,0,-0.005411032913252711,0.19167908420786262,4.515334767103195,0.042039484885756505,0.0001,0.029199004444444444,0,0,0,313.1130194788218,0.2084716796875,0.6540980339050293,3.066462388634682,0,0,0,0,0
73728,18,-28.40785006702194,716.4,0.0009077153285034001,27.24401216506958,4.503855878114701,0.04040592166129643,0.0001,0.02914894222222222,0.8,0.0,0.0,261.35277934519644,0.240283203125,0.4237521290779114,62.8474142074585,0.4398835620932016,0.9006331580239528,0.0,0,0.06979956868741052
77824,19,0,0,0.0011478663684101776,36.79818284511566,4.73540009856224,0.006711183914379004,0.0001,0.02909888,0,0,0,268.4290137036711,0.0339111328125,0.4943627715110779,92.55686450004578,0,0,0,0,0
81920,20,-84.95148415933924,897.3,0.00014375147293321788,57.72968530654907,4.879598307609558,0.00398375549707618,0.0001,0.029048817777777777,0.9,0.0,0.0,268.0675709558652,0.0158447265625,0.3791656494140625,62.739101028442384,0.41348263555250486,1.1860069995993447,0.0,0,0.07622892461306506
86016,21,0,0,0.0013004160253331065,30.505803775787353,4.858357071876526,0.015237473940034602,0.0001,0.028998755555555554,0,0,0,284.9884915362999,0.0749755859375,0.7724048495292664,49.272733849287036,0,0,0,0,0
90112,22,-66.93740588349098,958.5,0.0019741647876799105,67.5406831741333,4.732737058401108,0.014517764714232962,0.0001,0.02894869333333333,0.2,0.0,0.0,241.86946278905012,0.067919921875,-0.07204008102416992,16.14188091084361,0.4183331854604037,0.831956163524095,0.0,0,0.10641974653625527
94208,23,0,0,0.01854115740279667,18.605284214019775,5.243577629327774,0.14762152876355822,0.0001,0.02889863111111111,0,0,0,271.79554541744477,0.4263916015625,0.021571040153503418,65.186981600523,0,0,0,0,0
98304,24,-100.66063446865529,838.4,-0.015561544825322926,0.19174346700310707,4.921103495359421,0.05181877883078654,0.0001,0.028848568888888888,0.5,0.0,0.0,267.8607315032922,0.249609375,0.19092917442321777,3.184166018664837,0.5413234364441368,0.6339307640631828,0.0,0,0.11468668383660367
102400,25,0,0,0.027557819697540252,42.93237714767456,5.249498748779297,0.1584360043983927,0.0001,0.028798506666666664,0,0,0,320.98379899475253,0.4197998046875,0.2787167429924011,60.6505425632,0,0,0,0,0
106496,26,-67.116127241215,774.7,0.009192379174055531,16.367268592119217,5.257082742452622,0.06578354124458377,0.0001,0.028748444444444445,0.4,0.0,0.0,298.4115903249432,0.2998779296875,0.02598971128463745,4.272112941741943,0.356012670611818,0.8558174413527727,0.0,0,0.06801310548949048
110592,27,0,0,0.00015188243705779313,4.621129900217056,5.622396242618561,0.05349776829825916,0.0001,0.02869838222222222,0,0,0,281.29363414887496,0.2613525390625,0.521701455116272,25.92684797644615,0,0,0,0,0
114688,28,-93.07360252103817,784.2,0.0040620172512717545,73.73159346580505,5.659401255846023,0.024762628867759186,0.0001,0.028648319999999998,0.4,0.0,0.0,304.00041732249326,0.1065673828125,-0.0034682750701904297,13.857712991535664,0.3270974411474542,0.6063570995652715,0.0,0,0.05687662047009038
118784,29,0,0,0.0033069779979996382,98.06377363204956,5.885861963033676,0.012881132059557893,0.0001,0.028598257777777778,0,0,0,288.1872373783639,0.05166015625,-0.0006240606307983398,22.965631817281245,0,0,0,0,0
122880,30,-194.50702641221974,789.9,-0.0030548628885298966,0.46705805184319615,5.837346482276916,0.048245680192488496,0.0001,0.028548195555555555,0.7,0.0,0.0,339.285432264189,0.2027587890625,-0.0024967193603515625,6.750400307774544,0.3789928322192119,0.7152599413694187,0.0,0,0.07289686626775813
126976,31,0,0,0.004132735863095149,128.96901683807374,5.886153513193131,0.020952280439089123,0.0001,0.02849813333333333,0,0,0,302.00618512673606,0.100244140625,-0.00047206878662109375,36.99487775564194,0,0,0,0,0
131072,32,-144.35405557933743,757.1,0.0019403001584578305,108.37258262634278,5.974652194976807,0.01691142220370486,0.0001,0.028448071111111112,0.6,0.0,0.0,290.6249575964301,0.07607421875,-0.0002570152282714844,20.834096328914164,0.36303187240774587,0.4738687648797365,0.0,0,0.06770812132702463
135168,33,0,0,0.0007042179233394564,151.3550500869751,6.1577193439006805,0.00810721635498623,0.0001,0.02839800888888889,0,0,0,267.04807033994035,0.0280517578125,-0.0001176595687866211,45.835281264781955,0,0,0,0,0
139264,34,-151.2790724943598,892.4,0.0017269736214075237,28.496970999240876,6.22417603135109,0.027232584826780475,0.0001,0.028347946666666665,0.7,0.0,0.0,335.3198521755183,0.1140869140625,-0.00020694732666015625,13.08984179496765,0.3432665011817042,0.5040404702037454,0.0,0,0.06994629508796546
143360,35,0,0,0.01794716700678691,206.76396083831787,6.496215480566025,0.04061528382244796,0.0001,0.028297884444444442,0,0,0,295.0168067958515,0.1768798828125,-0.00010371208190917969,75.25381917953491,0,0,0,0,0
147456,36,-305.90839805495636,582.0,0.0015477175184059888,131.80530757904052,6.479398632049561,0.007497069797728334,0.0001,0.028247822222222222,0.9,0.0,0.0,272.54303296096765,0.0341796875,-0.00011718273162841797,22.59758758544922,0.3462277871356965,0.6111023414588712,0.0,0,0.05408311123836042
151552,37,0,0,0.004129444295540452,246.54891414642333,6.766869014501571,0.012626055115928708,0.0001,0.02819776,0,0,0,253.95408161862517,0.0555419921875,-4.863739013671875e-05,94.51468229293823,0,0,0,0,0
155648,38,-158.80666064787783,765.8,0.007928851182805374,102.91915616989135,6.71920171380043,0.027972755025806102,0.0001,0.028147697777777776,0.6,0.0,0.0,269.59586399761173,0.117529296875,-7.271766662597656e-05,6.519929879903794,0.34001876823896,0.5230601440423301,0.0,0,0.06097136894863521
159744,39,0,0,0.011547399975825101,167.7389181137085,6.646873486042023,0.05453306394338513,0.0001,0.028097635555555556,0,0,0,286.97540807487127,0.1485595703125,0.0006659030914306641,27.554967630654573,0,0,0,0,0
163840,40,-102.95431808159347,821.0,0.003947873407742009,12.326995247602463,6.456249421834945,0.09520306266640835,0.0001,0.028047573333333332,0.3,0.0,0.0,301.89952805609875,0.2161865234375,-0.003329634666442871,49.791566896438596,0.33560090830097733,0.4957574366294752,0.0,0,0.07294259263684819
167936,41,0,0,-0.00024419308174401523,234.95935230255128,6.592111086845398,0.0043649911140644145,0.0001,0.02799751111111111,0,0,0,293.5024601006591,0.0222900390625,5.4001808166503906e-05,80.34102892875671,0,0,0,0,0
172032,42,-288.194043815981,810.7,0.0015205346222501247,62.08569688796997,6.646844673156738,0.01180740782868651,0.0001,0.02794744888888889,0.8,0.0,0.0,254.44048206737813,0.055078125,0.00318831205368042,16.542104221880436,0.3252724766803383,0.5091914788421641,0.0,0,0.06830723695039617
176128,43,0,0,0.007421531155705452,128.78734951019288,6.728004986047745,0.022098377461226705,0.0001,0.027897386666666666,0,0,0,283.87689536776463,0.101123046875,0.0036525726318359375,12.565502679347992,0,0,0,0,0
180224,44,-235.67828006306004,725.8,0.00019346648477949202,142.03806867599488,6.7838614761829374,0.0051775798627244855,0.0001,0.027847324444444443,0.9,0.0,0.0,282.4402003782163,0.02216796875,0.006673932075500488,17.928299006819724,0.342815601510823,0.4304891942173607,0.0,0,0.05390914239999699
184320,45,0,0,0.004496396734612063,229.00011291503907,6.724002557992935,0.02595021637680751,0.0001,0.027797262222222223,0,0,0,301.1823809770497,0.0965576171875,0.0068555474281311035,76.81325926780701,0,0,0,0,0
188416,46,-220.16439354944333,708.6,0.00010913343285210431,240.68275470733641,6.8661023914814,0.003587097332322503,0.0001,0.0277472,1.0,0.0,0.0,283.7377990413553,0.0159423828125,0.007311105728149414,79.24934902191163,0.3301020430435976,0.5372337217682773,0.0,0,0.051736616410590484
192512,47,0,0,0.0007928539940621704,161.90290412902831,6.912329834699631,0.0041710021543652056,0.0001,0.027697137777777776,0,0,0,262.11344756125,0.0174560546875,0.009425103664398193,17.97685860991478,0,0,0,0,0
196608,48,-94.40352361496755,872.5,0.0010392448399215936,199.35283660888672,6.90256530046463,0.004387672948000176,0.0001,0.027647075555555553,0.5,0.0,0.0,281.40404956287034,0.0212158203125,0.01176673173904419,43.189145874977115,0.33727022246858385,0.4896613726783518,0.0,0,0.07828738409368163
200704,49,0,0,-0.0002714442904107273,119.65322713851928,6.929008483886719,0.005116175897185932,0.0001,0.027597013333333333,0,0,0,290.56896092002074,0.0304931640625,0.14997267723083496,53.05009934902191,0,0,0,0,0
204800,50,-284.17984721347176,551.9,0.00023205095203593373,178.76607704162598,6.928996205329895,0.0013993254063274841,0.0001,0.02754695111111111,1.0,0.0,0.0,295.30357316434646,0.0034912109375,0.20883172750473022,74.26062808036804,0.32834095226062293,0.5048057621761587,0.0,0,0.05160476996398131
208896,51,0,0,-0.00015188041725195945,315.11925277709963,7.001084935665131,0.0027150722278748984,0.0001,0.027496888888888887,0,0,0,293.8269176957343,0.011474609375,0.238308846950531,160.85860481262208,0,0,0,0,0
212992,52,-278.2212609668853,740.1,0.00047845745575614274,147.28976087570192,7.056493270397186,0.0031350259536707557,0.0001,0.027446826666666667,1.0,0.0,0.0,282.3126443094055,0.0138916015625,0.30871593952178955,90.99532413482666,0.3225133242344405,0.5437560907023713,0.0,0,0.05425528456823285
217088,53,0,0,-3.068515798076987e-06,125.22083530426025,7.081966912746429,0.002836591945586847,0.0001,0.027396764444444444,0,0,0,325.85578116466786,0.01103515625,0.446702241897583,100.99020943641662,0,0,0,0,0
221184,54,-106.46750848435128,834.2,-0.0004836098349187523,104.43890132904053,7.10881290435791,0.002677284759195564,0.0001,0.02734670222222222,0.5,0.0,0.0,285.28513135877876,0.0079833984375,0.5029697418212891,86.19228973388672,0.3108694881516583,0.46364036596193364,0.0,0,0.06766987242836267
225280,55,0,0,-0.0010344913695007562,77.31141738891601,7.085576355457306,0.003530222649581316,0.0001,0.02729664,0,0,0,248.5173855436365,0.01279296875,0.5880815982818604,77.61951961517335,0,0,0,0,0
229376,56,-25.583785271105988,994.4,0.003390857920749113,5.263931475579739,7.070696240663528,0.036943725218046106,0.0001,0.027246577777777777,0.1,0.0,0.0,311.3446045408633,0.13017578125,0.08436667919158936,21.703405737876892,0.30826085666740577,0.5586667418589683,0.0,0,0.06705586654550388
233472,57,0,0,0.0020073996798601,23.02059738636017,7.4230615317821504,0.02763001263520306,0.0001,0.027196515555555554,0,0,0,277.4053448214253,0.1341064453125,0.5968760251998901,70.8692197561264,0,0,0,0,0
237568,58,-73.8092074783086,967.8,0.0001981080073164776,120.86601982116699,7.542291206121445,0.0048830528721766405,0.0001,0.027146453333333334,0.1,0.0,0.0,303.0993357592756,0.0271240234375,0.5547431707382202,315.5965923309326,0.29427313742985894,0.41166101060906096,0.0,0,0.0563525569118654
241664,59,0,0,0.0014875339111313224,1.7941313207149505,7.560238713026047,0.01593795951868484,0.0001,0.02709639111111111,0,0,0,293.7328035958093,0.074609375,0.7746249437332153,36.44975599497557,0,0,0,0,0
245760,60,-93.99208933182729,998.0,-0.0014965295093134045,47.10986905097961,7.522093260288239,0.005254289518055483,0.0001,0.027046328888888888,0.5,0.0,0.0,267.487505357965,0.0267822265625,0.7097350358963013,82.80965067148209,0.3124484838377245,1.1523352460199188,0.0,0,0.057509366622458424
249856,61,0,0,0.005110868538031355,12.449991756677628,7.8547827184200285,0.11284898700960469,0.0001,0.026996266666666664,0,0,0,267.0819016152328,0.4441650390625,0.10769760608673096,7.608390137553215,0,0,0,0,0
253952,62,-12.53894823341026,1000.0,-0.0007097970403265208,25.24659929275513,7.594276094436646,0.05581439838352076,0.0001,0.026946204444444444,0.1,0.0,0.0,321.45318122257544,0.1973388671875,0.01966094970703125,12.998296278715134,0.29149760944237085,0.8635352571859911,0.0,0,0.0591691045742271
258048,63,0,0,0.009233554144157097,0.7329284507781267,7.933729934692383,0.03730783837091104,0.0001,0.02689614222222222,0,0,0,296.13691254922475,0.1723388671875,0.8191422820091248,16.61606784760952,0,0,0,0,0
262144,64,17.956919148916427,949.2,0.0034525469120126216,15.379751855134964,7.985868686437607,0.020830293335169208,0.0001,0.026846079999999998,0.1,0.0,0.0,316.2395914919121,0.0927490234375,0.13977009057998657,8.633409398794175,0.28582364823018985,0.6579378607267469,0.0,0,0.06518312563961651
266240,65,0,0,0.0006044559762813151,0.20422726022079588,8.139859002828597,0.032564607076351046,0.0001,0.026796017777777778,0,0,0,306.06725196743685,0.1228271484375,0.5017802119255066,5.560241212695837,0,0,0,0,0
270336,66,-97.23097325691654,975.4,0.0012691080220974982,0.14949638256803155,8.085615617036819,0.03130333682784512,0.0001,0.026745955555555555,0.2,0.0,0.0,291.52307208877465,0.137158203125,0.7709425687789917,4.624644836783409,0.33376624984219166,0.7954300620278185,0.0,0,0.06540459843744198
274432,67,0,0,-0.0025473190005868675,0.19254714688286184,8.03822472691536,0.02685468479758425,0.0001,0.02669589333333333,0,0,0,316.3347851393772,0.110595703125,0.7209821939468384,3.604983117431402,0,0,0,0,0
278528,68,-17.548253770274563,878.1,-5.6250349734909834e-05,0.12048981254920363,8.076875960826873,0.020775556302763953,0.0001,0.02664583111111111,0.3,0.0,0.0,336.82453611722696,0.088134765625,0.9074935913085938,3.439138140156865,0.3654929288042304,0.8799403042661365,0.0,0,0.06863149518505689
282624,69,0,0,-0.0015845401561819018,0.09219529489055275,8.052659982442856,0.020345018086668436,0.0001,0.02659576888888889,0,0,0,315.18785686054616,0.0816650390625,0.9265998601913452,3.266263410449028,0,0,0,0,0
286720,70,-128.3856179032237,891.9,0.034734701504930854,13.691577064990998,8.457698392868043,0.22599470294081003,0.0001,0.026545706666666665,0.5,0.0,0.0,270.68085946396434,0.6756591796875,0.3027578592300415,67.99978194236755,0.39550727937397967,0.7565816426664457,0.0,0,0.09048591121334819
290816,71,0,0,0.0009768182644620538,39.499230766296385,8.293596625328064,0.010125615137807414,0.0001,0.026495644444444445,0,0,0,247.92525796040238,0.052734375,0.6232956647872925,160.57873377799987,0,0,0,0,0
294912,72,-78.99744399869468,925.0,0.00029587408644147215,66.4355263710022,8.346409237384796,0.001382372271885418,0.0001,0.026445582222222222,0.3,0.0,0.0,273.8514067127006,0.005126953125,0.7480241656303406,211.07227916717528,0.3908406138594067,0.47324302865294376,0.0,0,0.09010630848551351
299008,73,0,0,-0.00044871338177472354,106.42158870697021,8.363996887207032,0.0004234827450217638,0.0001,0.02639552,0,0,0,291.53958055823466,0.000244140625,0.7675800323486328,167.56860208511353,0,0,0,0,0
303104,74,6.779030375355433,867.4,-0.00011916009825654327,11.983044666051864,8.605902898311616,0.007636415755659043,0.0001,0.026345457777777775,0.4,0.0,0.0,257.30255729687076,0.0384765625,0.8204931020736694,38.379536443948744,0.3836442170528885,0.6130333983713298,0.0,0,0.07146393107085518
307200,75,0,0,0.0008737513155210764,13.307043349742889,8.45675802230835,0.007759688321225211,0.0001,0.026295395555555556,0,0,0,289.8029782560249,0.0350830078125,0.8070809245109558,85.32709447145461,0,0,0,0,0
311296,76,-108.86559085702886,923.9,-0.0035622921481262893,0.5628262117505074,8.444664096832275,0.016293941757253065,0.0001,0.026245333333333332,0.6,0.0,0.0,308.2287399043106,0.0855224609375,0.7866908311843872,12.22793081253767,0.36947237644485487,1.2016294913617074,0.0,0,0.06252265396270303
315392,77,0,0,0.0010369429655838758,84.72771453857422,8.824808740615845,0.01601758401812297,0.0001,0.02619527111111111,0,0,0,297.2747481901056,0.075048828125,0.5218456983566284,126.47984735965728,0,0,0,0,0
319488,78,-1.1515903868856667,989.0,-0.0005770656862296164,34.37213456630707,9.055622959136963,0.01409117733949875,0.0001,0.02614520888888889,0.1,0.0,0.0,334.8442143751353,0.061181640625,0.13248682022094727,53.03462243080139,0.3458995015133657,0.9313841402627254,0.0,0,0.07125409572181847
323584,79,0,0,0.0003866776300128549,40.01498916149139,9.002312886714936,0.005871556645803111,0.0001,0.026095146666666666,0,0,0,308.7400791829087,0.027099609375,0.18133938312530518,31.862555027008057,0,0,0,0,0
327680,80,-19.080275278156066,981.5,0.0005347045022062958,39.645014095306394,9.089338636398315,0.00790246626698225,0.0001,0.026045084444444443,0.2,0.0,0.0,252.69288286546967,0.043701171875,0.21562165021896362,18.791953897476198,0.3318715296173791,0.8840216453637882,0.0,0,0.05100831607574495
331776,81,0,0,-0.0002442084834910929,22.272211039066313,9.259878206253052,0.027786986289362804,0.0001,0.02599502222222222,0,0,0,323.7392565329779,0.1318359375,0.37570714950561523,18.246429896354677,0,0,0,0,0
335872,82,-38.50698350362639,966.5,0.0007830243790522218,23.4352028131485,9.10391560792923,0.009514177813623232,0.0001,0.02594496,0.3,0.0,0.0,270.6382313092947,0.04970703125,0.4610423445701599,15.877898836135865,0.3564779323535276,0.8613477456229877,0.0,0,0.06880530662556902
339968,83,0,0,-0.001849026168929413,36.76313457489014,9.251949024200439,0.015482321944915117,0.0001,0.025894897777777776,0,0,0,273.2841922406996,0.0735107421875,0.5563912391662598,18.986625707149507,0,0,0,0,0
344064,84,-0.9986050613370573,934.9,0.0015291817777324467,22.689341378211974,9.068607079982758,0.014391051498118401,0.0001,0.025844835555555556,0.2,0.0,0.0,326.1387708635958,0.0706298828125,0.6071518659591675,16.647710329294206,0.33129120754554164,0.852698973448321,0.0,0,0.06728513652709053
348160,85,0,0,0.008407317200908437,0.3736696237698197,9.421705687046051,0.037596067627060074,0.0001,0.025794773333333333,0,0,0,342.68359730676565,0.1572509765625,0.891495406627655,8.34714840054512,0,0,0,0,0
352256,86,-37.422827914817496,869.7,0.0014396755606867373,1.3572003424167634,9.046236789226532,0.01127176910413793,0.0001,0.02574471111111111,0.2,0.0,0.0,310.06013252374174,0.052099609375,0.7687036991119385,11.725963102281094,0.3953790757152092,0.6000219144162833,0.0,0,0.09277195513062306
356352,87,0,0,0.00012533378903754056,55.53657388687134,8.81533740758896,0.004391246202799737,0.0001,0.025694648888888887,0,0,0,323.5448016161845,0.023193359375,0.4234123229980469,120.33249270915985,0,0,0,0,0
360448,88,-112.16454466631558,867.8,0.0007165135175455362,25.99649884700775,9.057978200912476,0.0047511120110000195,0.0001,0.025644586666666667,0.5,0.0,0.0,299.0222087991906,0.0247314453125,0.6176276206970215,31.93553876876831,0.3701388486885071,0.7556020144806679,0.0,0,0.0750262930476159
364544,89,0,0,-0.00037560163182206454,0.485672115534544,9.191440224647522,0.018136505306762953,0.0001,0.025594524444444443,0,0,0,262.3853820600036,0.078759765625,0.7484267950057983,8.82970838099718,0,0,0,0,0
368640,90,-32.376287318587785,955.0,0.0030508052324876187,15.133876460790635,9.328544366359711,0.017489762603515063,0.0001,0.025544462222222224,0.4,0.0,0.0,294.64660068018947,0.0732666015625,0.45438188314437866,40.80305995643139,0.3676951056164654,1.0388084946124034,0.0,0,0.07620131740857965
372736,91,0,0,0.0007219294959213585,25.105917143821717,9.199641895294189,0.010345455122665131,0.0001,0.0254944,0,0,0,325.8269573715146,0.047216796875,0.7292082905769348,18.456097888946534,0,0,0,0,0
376832,92,-75.56577332995252,943.2,0.0006059743638616056,22.415928423404694,9.319514274597168,0.010115840920530694,0.0001,0.025444337777777777,0.4,0.0,0.0,263.8909730597522,0.052783203125,0.7550132870674133,44.3718275308609,0.3480481295371376,1.220765351794014,0.0,0,0.06868311453500749
380928,93,0,0,0.000617299263831228,36.65495057106018,9.538169598579406,0.017613187061584167,0.0001,0.025394275555555554,0,0,0,289.63664088532516,0.0712646484375,0.712978720664978,32.36375995874405,0,0,0,0,0
385024,94,-23.290756717158533,854.6,0.0018247944768518209,25.849673414230345,9.618121016025544,0.011823471322355412,0.0001,0.02534421333333333,0.4,0.0,0.0,318.28733991905364,0.0489501953125,0.764357328414917,45.71812278032303,0.34713727262017435,0.9342498160562572,0.0,0,0.05629344481668837
389120,95,0,0,0.0029947145143523813,18.359327805042266,9.57945076227188,0.021104595020920696,0.0001,0.02529415111111111,0,0,0,315.3489194224511,0.0908935546875,0.7919206619262695,26.359605544805525,0,0,0,0,0
393216,96,-46.99282746821311,993.7,0.002869314979761839,72.18196234703063,9.187565970420838,0.02261404978781182,0.0001,0.025244088888888887,0.5,0.0,0.0,305.19640602381287,0.09267578125,0.5877198576927185,108.44525411128998,0.3591225189793731,1.2026451691066349,0.0,0,0.07150976464733158
397312,97,0,0,0.0020113693666644395,17.69054185152054,9.326625442504882,0.023106914733949463,0.0001,0.025194026666666668,0,0,0,286.86769606199624,0.1110107421875,0.7988957166671753,31.147749537229537,0,0,0,0,0
401408,98,-60.326151217376605,812.4,3.7223449908196926e-05,63.670188903808594,9.23975374698639,0.006700391430245101,0.0001,0.025143964444444444,0.5,0.0,0.0,289.0502147139558,0.035693359375,0.5398294925689697,49.931393313407895,0.35502304512408694,1.0963812865547626,0.0,0,0.06343427231164799
405504,99,0,0,0.00403938093513716,0.6845451552420855,9.389316129684449,0.031342964814398765,0.0001,0.02509390222222222,0,0,0,332.50643856783546,0.1352783203125,0.7212890386581421,7.327878223359585,0,0,0,0,0
409600,100,-12.940636943105403,929.6,0.0014934965525753795,0.4628215847536922,9.624870419502258,0.027416333048319207,0.0001,0.025043839999999998,0.2,0.0,0.0,310.475940723511,0.1084716796875,0.9274541139602661,6.4299646958708765,0.3279702572547442,0.8663726811096893,0.0,0,0.053805879875193766
413696,101,0,0,0.003725735883926973,0.1832841781899333,9.747200965881348,0.020798345046938345,0.0001,0.024993777777777778,0,0,0,316.0856433028412,0.0864990234375,0.8398927450180054,2.593287652730942,0,0,0,0,0
417792,102,-19.270287266067015,927.2,0.0038159222225658596,11.249198305606843,10.164864575862884,0.01933483589746978,0.0001,0.024943715555555555,0.2,0.0,0.0,302.00952982682367,0.0849853515625,0.5940865278244019,40.94590956568718,0.348613055886498,0.7968327315419093,0.0,0,0.07076752486621594
421888,103,0,0,0.001958816789556295,5.461349907517433,10.054056084156036,0.011629176889261749,0.0001,0.024893653333333335,0,0,0,364.82587923759473,0.0511474609375,0.48757660388946533,22.68584274351597,0,0,0,0,0
425984,104,-70.65760580633824,860.0,0.001906880724709481,0.446140044182539,10.348105084896087,0.01332916291358346,0.0001,0.02484359111111111,0.2,0.0,0.0,270.11590189296874,0.0554931640625,0.8965922594070435,10.309693603217601,0.3345385439535712,0.725679884091868,0.0,0,0.0699259975735087
430080,105,0,0,6.646565161645412e-05,0.6330489449203014,10.278011965751649,0.017769083497939576,0.0001,0.02479352888888889,0,0,0,303.6615692554001,0.0740966796875,0.8407114744186401,7.329273283481598,0,0,0,0,0
434176,106,-184.6738420262041,979.1,0.0016994780278764665,19.30669971704483,10.409448444843292,0.0108720749922268,0.0001,0.024743466666666665,0.2,0.0,0.0,294.8115396704809,0.043896484375,0.27060574293136597,64.89631007909774,0.30742540482739866,0.5755060310255962,0.0,0,0.06625973032592822
438272,107,0,0,-0.0011207981733605266,21.363164258003234,10.33327157497406,0.006540777113928753,0.0001,0.02469340444444444,0,0,0,290.562921135515,0.031787109375,0.6786367893218994,27.248038640618326,0,0,0,0,0
442368,108,-107.57340074577738,931.1,0.0009994944266509265,99.09882583618165,10.245763206481934,0.009149803093175212,0.0001,0.024643342222222222,0.3,0.0,0.0,308.3563259297337,0.039404296875,0.6039704084396362,134.45552668571472,0.30767385912691375,0.6669608023565876,0.0,0,0.06774050104758494
446464,109,0,0,-0.0038768689904827625,0.16462091132998466,10.66813657283783,0.02444132331293756,0.0001,0.02459328,0,0,0,316.65461079534293,0.1059326171875,0.7709347605705261,1.9393683202564715,0,0,0,0,0
450560,110,-266.92319579033756,789.0,0.04412809829227626,122.77562589645386,10.596601104736328,0.11554513875017289,0.0001,0.02454321777777778,0.6,0.0,0.0,305.96976098129915,0.327685546875,0.6679333448410034,133.96379618644715,0.3018734834444623,0.540510124006028,0.0,0,0.05536554276382074
454656,111,0,0,-0.0005509837239515037,51.53190698623657,10.639397704601288,0.015311421426497085,0.0001,0.024493155555555556,0,0,0,289.5199157682746,0.064208984375,0.7219220399856567,70.80760040283204,0,0,0,0,0
458752,112,-197.79717490497492,814.5,0.0021373843541368843,16.443852889537812,10.59713476896286,0.0187941293713799,0.0001,0.024443093333333332,0.8,0.0,0.0,348.2931767772641,0.07001953125,0.7874797582626343,107.78118908405304,0.3075314274935786,0.43216872700171993,0.0,0,0.04813940535929841
462848,113,0,0,-4.954571486450732e-05,58.31513876914978,10.778933596611022,0.005159048455952187,0.0001,0.02439303111111111,0,0,0,340.8393525399689,0.02880859375,0.6466364860534668,137.33141844272615,0,0,0,0,0
466944,114,-84.34710213006369,935.6,-9.566909575369209e-05,122.66419734954835,10.928184020519257,0.004989853166063552,0.0001,0.02434296888888889,0.4,0.0,0.0,278.5022415386306,0.0253173828125,0.7663511037826538,138.650227022171,0.292263268050057,0.4014497682570576,0.0,0,0.06721182995802163
471040,115,0,0,-0.001310902985278517,35.1793548822403,11.030584502220155,0.006139366696521931,0.0001,0.024292906666666666,0,0,0,339.1961842942323,0.035107421875,0.8382816910743713,57.49894813299179,0,0,0,0,0
475136,116,-127.06249078864599,778.5,0.00069567282916978,34.53508400917053,11.103905498981476,0.0052560896415294375,0.0001,0.024242844444444443,0.5,0.0,0.0,281.0632041684837,0.0284912109375,0.8078994154930115,121.9605635046959,0.29930326832444,0.5459272384120977,0.0,0,0.05312227539050333
479232,117,0,0,0.0009516760474070907,35.53427259922027,11.131853997707367,0.010108138931677635,0.0001,0.024192782222222223,0,0,0,300.30812904460925,0.04501953125,0.8141051530838013,108.93121454715728,0,0,0,0,0
483328,118,-112.68402800437124,845.1,0.0002883209497667849,32.40374081134796,11.407329738140106,0.02304800153138755,0.0001,0.02414272,0.4,0.0,0.0,290.52355320113566,0.09130859375,0.7596004009246826,105.59519350528717,0.29965617087271595,0.5708095382049498,0.0,0,0.05895905919346963
487424,119,0,0,0.0003073355997912586,31.106700372695922,11.324470520019531,0.00473466638468909,0.0001,0.024092657777777776,0,0,0,340.6014262862719,0.0224365234375,0.8056243658065796,189.5037867665291,0,0,0,0,0
491520,120,-88.49717041226366,880.1,0.0006261688831727952,28.813750624656677,11.309615433216095,0.003663797053202855,0.0001,0.024042595555555556,0.3,0.0,0.0,271.9503677618525,0.0158447265625,0.8226965069770813,258.06737345457077,0.2839286620711085,0.5682595571736542,0.0,0,0.05538756128641489
495616,121,0,0,-6.050699157640338e-05,20.820667612552644,11.21897200345993,0.014804992702495157,0.0001,0.023992533333333333,0,0,0,307.72700115425374,0.0654296875,0.8170661330223083,117.91761654615402,0,0,0,0,0
499712,122,-62.9516513529177,881.1,0.0005578275246080011,23.588633835315704,11.436876845359802,0.012421594967151006,0.0001,0.02394247111111111,0.4,0.0,0.0,295.88121232997037,0.0573974609375,0.8189910650253296,79.52964109182358,0.3008683568673258,0.4858484435654121,0.0,0,0.05466325153337863
503808,123,0,0,0.0007405495853163302,23.45975568294525,11.639754605293273,0.014941435851877283,0.0001,0.02389240888888889,0,0,0,292.2908763481424,0.061376953125,0.8290480375289917,98.79265023469925,0,0,0,0,0
507904,124,-191.0415824188086,881.6,-0.00048701962805353105,39.3647586107254,11.47777533531189,0.006321156486236812,0.0001,0.023842346666666667,0.3,0.0,0.0,322.0321407018997,0.0292724609375,0.872870922088623,47.52391865253448,0.29103119287888096,0.49459333911563996,0.0,0,0.058642837189109454
512000,125,0,0,0.0002960528538096696,3.4754016220569612,11.41098711490631,0.006622635722311298,0.0001,0.023792284444444443,0,0,0,345.8011467239802,0.0320556640625,0.8122460842132568,71.09566199183465,0,0,0,0,0
516096,126,24.040410400421543,1000.0,7.183460984379053e-05,16.350617456436158,11.506944692134857,0.0055726138905869416,0.0001,0.02374222222222222,0.0,0.0,0.0,303.8680196690774,0.0300048828125,0.8118749856948853,196.79905333518983,0.28281946119413737,0.4410556259656718,0.0,0,0.07156298644526574
520192,127,0,0,-0.0005829061847180128,62.40413055419922,11.627457213401794,0.00443032907779306,0.0001,0.02369216,0,0,0,273.8315811379035,0.0230712890625,0.8284606337547302,218.89401502609252,0,0,0,0,0
524288,128,-100.2615878586463,871.7,-0.0006992531940340996,86.02434959411622,11.760510468482972,0.00552284978783224,0.0001,0.023642097777777777,0.3,0.0,0.0,271.5092160775454,0.0294677734375,0.8814308047294617,185.18537101745605,0.2930418028063876,0.5316609801338859,0.0,0,0.06632052303757045
528384,129,0,0,0.002410535520175472,23.673064172267914,11.902455508708954,0.020305318144351815,0.0001,0.023592035555555557,0,0,0,267.1272088424195,0.0850341796875,0.9135276079177856,94.22276351451873,0,0,0,0,0
532480,130,-24.11815793208473,968.6,-9.917403804138303e-06,9.48842058777809,11.906630921363831,0.0048813102799689645,0.0001,0.023541973333333334,0.2,0.0,0.0,339.04115872599124,0.0277587890625,0.821342408657074,235.90770649909973,0.28801064190289927,0.40543242214408115,0.0,0,0.06584431049669333
536576,131,0,0,0.005307417921721935,2.8265396669507026,11.90107548236847,0.01926269036904149,0.0001,0.02349191111111111,0,0,0,327.57647022034547,0.0832763671875,0.8379229307174683,51.91130637526512,0,0,0,0,0
540672,132,-38.3222020185363,991.1,0.0026478304411284626,0.7705595076084137,11.964545738697051,0.025642947023523766,0.0001,0.023441848888888887,0.1,0.0,0.0,310.1072629840084,0.1076171875,0.7392778396606445,10.947473379969598,0.27181046939809306,0.5121707425503229,0.0,0,0.05870981719234758
544768,133,0,0,0.0120054317638278,51.61900525093078,11.717926597595214,0.07740475134324462,0.0001,0.023391786666666664,0,0,0,311.8933668036073,0.2011474609375,0.686636209487915,250.23601677417756,0,0,0,0,0
548864,134,-215.1494603887641,937.0,0.0008999009965918958,25.89132844209671,12.049764549732208,0.009389527653091468,0.0001,0.023341724444444444,0.3,0.0,0.0,294.68331309585705,0.049462890625,0.8697546124458313,194.04818632602692,0.2730633272002001,0.623073489684937,0.0,0,0.06159396936372852
552960,135,0,0,2.890088362619281e-05,5.625611022114754,12.187574279308318,0.009837636270466011,0.0001,0.02329166222222222,0,0,0,306.2684698897919,0.0435791015625,0.7747446298599243,97.2054015994072,0,0,0,0,0
557056,136,-4.190921272426228,918.8,0.00012891428195871413,29.15429871082306,12.291364669799805,0.04050699994707554,0.0001,0.0232416,0.1,0.0,0.0,292.3557623699975,0.1647216796875,0.8860922455787659,144.7266852378845,0.2764116914591769,0.4501582892246835,0.0,0,0.0608397448248316
561152,137,0,0,0.009151924407342448,0.3465716768056154,12.359149658679963,0.048626537313210316,0.0001,0.023191537777777778,0,0,0,272.8124157717012,0.1974609375,0.8654798865318298,9.645229924470186,0,0,0,0,0
565248,138,-24.59382825077078,882.8,0.0077200329338666055,23.864447021484374,12.69225345849991,0.039266215448158094,0.0001,0.023141475555555555,0.2,0.0,0.0,327.3410260203419,0.197021484375,0.7561493515968323,269.6981855034828,0.2713998490151035,0.46880357448240806,0.0,0,0.0551051063164001
569344,139,0,0,-0.0009460021159611642,6.695970845222473,12.505220544338226,0.006031077890121961,0.0001,0.023091413333333335,0,0,0,294.1496608572408,0.027685546875,0.8384462594985962,247.69932224154473,0,0,0,0,0
573440,140,-43.34462276551111,985.7,0.008618153934367,0.11547928918153047,12.684304773807526,0.03733383243526065,0.0001,0.02304135111111111,0.2,0.0,0.0,332.9893163886611,0.1525146484375,0.8877469897270203,3.9291810847818853,0.2772739801210232,0.3931069779156123,0.0,0,0.0616643195746424
577536,141,0,0,0.039336887490935626,26.816320025920866,12.76784942150116,0.25660048169084543,0.0001,0.022991288888888888,0,0,0,295.34032763462557,0.37744140625,0.7975946664810181,440.43978865146636,0,0,0,0,0
581632,142,-56.67713734106675,1000.0,-9.344556019641459e-05,22.15502792596817,12.920527851581573,0.005726581987628277,0.0001,0.022941226666666665,0.2,0.0,0.0,302.5989748192759,0.0329345703125,0.8879873156547546,144.10110200643538,0.26858640530742034,0.5487202430542986,0.0,0,0.05528187916190408
585728,143,0,0,0.0004169986175838858,5.127039015293121,12.963521480560303,0.004473417190102591,0.0001,0.022891164444444445,0,0,0,315.7043952340402,0.0197998046875,0.9514680504798889,170.80512046813965,0,0,0,0,0
589824,144,-243.22312953472706,970.0,0.00033884665463119746,2.4336680352687834,12.867890822887421,0.005904669358359915,0.0001,0.022841102222222222,0.3,0.0,0.0,302.59541452082965,0.0301025390625,0.8427042961120605,74.1928443312645,0.2606356562557658,0.6830694786309007,0.0,0,0.05805942817940819
593920,145,0,0,0.0010475416609551757,41.13441393375397,13.08810601234436,0.004612344456025763,0.0001,0.02279104,0,0,0,278.6497410475912,0.0239013671875,0.8605241775512695,263.9539397954941,0,0,0,0,0
598016,146,-221.46959690404168,944.7,0.00041215288219973443,40.07797327041626,13.116198253631591,0.0053455820839477305,0.0001,0.022740977777777775,0.2,0.0,0.0,325.81779959226947,0.03115234375,0.9124273061752319,153.56626425981523,0.26547205390419243,0.5017234965415426,0.0,0,0.055589708127814205
602112,147,0,0,0.00045139151043258605,76.7663239479065,13.058044171333313,0.005617795875387177,0.0001,0.022690915555555555,0,0,0,299.5851339283916,0.0315185546875,0.8715553879737854,218.95201852321625,0,0,0,0,0
606208,148,-146.47250591134735,1000.0,-0.00039296152535825966,74.88327360153198,13.054102563858033,0.007149208896491776,0.0001,0.022640853333333332,0.1,0.0,0.0,336.0427002030707,0.0397705078125,0.9119336009025574,284.57933473587036,0.2677419300863372,0.5662781696372604,0.0,0,0.05410039288792627
610304,149,0,0,8.098547696135938e-05,103.24390268325806,13.206832540035247,0.0017594900582705852,0.0001,0.022590791111111112,0,0,0,290.365270359083,0.00771484375,0.9161348342895508,340.40209612846377,0,0,0,0,0
614400,150,-28.907759187112486,1000.0,-0.0014954055659472942,39.35611658096313,13.426974487304687,0.0052304124728471905,0.0001,0.02254072888888889,0.1,0.0,0.0,298.07517589518835,0.0269775390625,0.90989089012146,624.9243790864945,0.264056136190638,0.482046425596481,0.0,0,0.055331650549489075
618496,151,0,0,0.007352191949030385,0.10944153922609985,13.41632001399994,0.04212817808366713,0.0001,0.022490666666666666,0,0,0,299.0324465903619,0.164404296875,0.3480755686759949,3.53850881755352,0,0,0,0,0
622592,152,-97.88563690934124,978.0,0.024019052169751375,99.13643407821655,12.981678140163421,0.06436488969485335,0.0001,0.022440604444444442,0.1,0.0,0.0,337.4431693940879,0.3114501953125,0.8800045847892761,830.0695700645447,0.275092042751016,0.468817650610397,0.0,0,0.06643488965250391
626688,153,0,0,-8.168391941580922e-05,90.06452579498291,12.909470582008362,0.0009751897042531877,0.0001,0.022390542222222223,0,0,0,308.4492631839679,0.003125,0.9008317589759827,681.2181159973145,0,0,0,0,0
630784,154,22.178679761480556,1000.0,0.00047378509771078825,55.30617456436157,13.143894183635712,0.003268770733189141,0.0001,0.02234048,0.0,0.0,0.0,274.42361511459467,0.0175537109375,0.9046022891998291,312.557436299324,0.2739920242084125,0.5899683453943225,0.0,0,0.0541508582228901
634880,155,0,0,0.0006023775436915457,36.67861351966858,13.177259922027588,0.0066578859329932795,0.0001,0.022290417777777776,0,0,0,301.3003098664028,0.0348876953125,0.91325843334198,274.26153652668,0,0,0,0,0
638976,156,-2.9521242473722147,1000.0,0.0058534785872325305,0.10957476291805505,13.362855684757232,0.03958992023509293,0.0001,0.022240355555555556,0.1,0.0,0.0,344.4200447336481,0.1750244140625,0.5292157530784607,3.0628286812454464,0.2640063652811159,0.31531579494278394,0.0,0,0.05342057545325267
643072,157,0,0,0.0024100681534036995,11.536869373917579,13.405218911170959,0.05868256206741611,0.0001,0.022190293333333333,0,0,0,288.1423389714844,0.22421875,0.8715943098068237,253.90407645702362,0,0,0,0,0
647168,158,-137.06815785018347,974.1,0.0019805119663942605,24.310436654090882,13.279941856861115,0.015060209669142654,0.0001,0.02214023111111111,0.2,0.0,0.0,262.4128955383282,0.0642822265625,0.9277538657188416,92.7592139840126,0.27605373159158325,0.4361464566688082,0.0,0,0.05580307309551563
651264,159,0,0,0.00010170459281653166,31.61072630882263,13.513442635536194,0.000876986164220206,0.0001,0.02209016888888889,0,0,0,291.7252997211608,0.003662109375,0.8522466421127319,459.24684896469114,0,0,0,0,0
655360,160,21.26914030059997,1000.0,-0.0003721000219229609,35.790142393112184,13.43342844247818,0.0027810922248541424,0.0001,0.022040106666666667,0.0,0.0,0.0,311.4267229184713,0.0137939453125,0.9012932777404785,981.3417798995972,0.2725849016483324,0.4107002905456369,0.0,0,0.05182734681142107
659456,161,0,0,-0.0004610804142430425,59.587934494018555,13.640896320343018,0.0008567133670338789,0.0001,0.021990044444444443,0,0,0,302.5954518289119,0.001318359375,0.9072906374931335,574.317304611206,0,0,0,0,0
663552,162,-126.42851880978947,956.2,0.006252636574208737,0.07627157308161259,13.746046936511993,0.02847697137623082,0.0001,0.021939982222222223,0.2,0.0,0.0,308.43058487034847,0.114501953125,0.3392341136932373,2.6138931773602962,0.27083551137873646,0.5669453079950273,0.0,0,0.054617926297409095
667648,163,0,0,0.0009461958601605147,20.91071561574936,13.636803328990936,0.006889812672317008,0.0001,0.02188992,0,0,0,309.2623646528067,0.035546875,0.8234992623329163,290.67471050024034,0,0,0,0,0
671744,164,-19.342089184653705,934.8,-0.0002456686837831512,80.67815499305725,13.800487828254699,0.00510176881988531,0.0001,0.021839857777777777,0.2,0.0,0.0,286.35508280641983,0.0289306640625,0.9397346377372742,347.9586689949036,0.2651738329037089,0.4167183051462525,0.0,0,0.05144834986480747
675840,165,0,0,0.002629312625504099,0.05602100738324225,14.06149879693985,0.017353072710657003,0.0001,0.021789795555555554,0,0,0,332.013236026818,0.0765869140625,0.5619131326675415,2.3794136330485345,0,0,0,0,0
679936,166,-217.58318018727968,857.6,0.02885394520126283,8.255884736776352,14.328933942317963,0.08524479089538502,0.0001,0.02173973333333333,0.3,0.0,0.0,326.3378387863225,0.4161376953125,0.8755106329917908,393.3437958955765,0.2728678789592967,0.5815132674285748,0.0,0,0.04846634497375805
684032,167,0,0,0.005877878458704799,0.8869067057967186,14.129967772960663,0.02977905869885302,0.0001,0.02168967111111111,0,0,0,296.09265171550544,0.1434814453125,0.780041515827179,26.651570308208466,0,0,0,0,0
688128,168,18.460397440203675,944.5,0.0014888058067299426,47.193274998664855,13.491192495822906,0.01207786381347491,0.0001,0.02163960888888889,0.1,0.0,0.0,273.98670490920773,0.0538818359375,0.8868311643600464,558.2862950325012,0.268432991959109,0.5096098939439091,0.0,0,0.05606400951514996
692224,169,0,0,-0.0005717040854506195,30.61499003171921,13.871575093269348,0.0010998207521525582,0.0001,0.021589546666666667,0,0,0,277.37118095683485,0.00361328125,0.9370610117912292,257.88774449825286,0,0,0,0,0
696320,170,-7.727872520968306,1000.0,0.004784915415802971,0.8383797945454716,14.39963755607605,0.04280696013067984,0.0001,0.021539484444444444,0.0,0.0,0.0,251.65291940849102,0.1838623046875,0.1746414303779602,18.64996082186699,0.26835162136959806,0.5887373811179377,0.0,0,0.05220375741763632
700416,171,0,0,0.0029440500773489477,0.3305891640484333,14.263224411010743,0.015392374994926183,0.0001,0.02148942222222222,0,0,0,323.475706732959,0.064111328125,0.568382978439331,5.396966951340437,0,0,0,0,0
704512,172,-15.724523710144922,987.8,-0.00182359988684766,7.014495980739594,14.696655642986297,0.06410127818217992,0.0001,0.021439359999999998,0.1,0.0,0.0,274.1968633555223,0.31083984375,0.419003963470459,18.080829122662543,0.2714085197630702,0.4589238794778173,0.0,0,0.0520416282001633
708608,173,0,0,0.0043955422879662365,0.07457015682011843,14.639671206474304,0.03188597493282068,0.0001,0.021389297777777778,0,0,0,311.94371838799475,0.139794921875,0.5856058597564697,2.904356208443642,0,0,0,0,0
712704,174,-86.79307704151947,954.1,0.06644289498217404,39.298477506637575,13.662346708774567,2.9431628069141964,0.0001,0.021339235555555558,0.3,0.0,0.0,310.3408150486166,0.5620849609375,0.7420997619628906,326.3984357237816,0.29163667444489666,0.45049548246357124,0.0,0,0.06206408846088637
716800,175,0,0,0.0025747511186636983,0.20759060624986886,14.284320187568664,0.04892726847903071,0.0001,0.021289173333333335,0,0,0,281.9671845470565,0.171142578125,0.3713494539260864,2.3991742856800555,0,0,0,0,0
720896,176,-21.94921236173554,928.8,0.003855174430646002,0.07505201180465519,14.867976760864257,0.0328237990499616,0.0001,0.02123911111111111,0.2,0.0,0.0,341.040284092293,0.129931640625,0.5628987550735474,2.718762045353651,0.2841403400130871,0.5297352932419112,0.0,0,0.06184746972567011
724992,177,0,0,0.007054228865308687,0.05281548970378935,14.76307692527771,0.03682168208180103,0.0001,0.021189048888888888,0,0,0,300.61091293814724,0.1442138671875,0.46428000926971436,2.7399792458862064,0,0,0,0,0
729088,178,-172.45942850103117,885.5,0.00118513330235146,1.3984643794596194,15.085147082805634,0.03179669088295596,0.0001,0.021138986666666665,0.4,0.0,0.0,292.3783362272996,0.121484375,0.06149935722351074,38.72059512287378,0.28321706003431507,0.5125213123409489,0.0,0,0.05455611763628043
733184,179,0,0,0.0009082599077373743,0.09966214541345834,14.518280911445618,0.02628444377552166,0.0001,0.021088924444444445,0,0,0,331.58152571935165,0.11181640625,0.6407427191734314,2.2532720543444156,0,0,0,0,0
737280,180,-71.24399183106613,898.8,0.002415851195110008,0.05904422886669636,14.993908357620239,0.019103053904849454,0.0001,0.021038862222222225,0.2,0.0,0.0,306.0534244726279,0.0802978515625,0.7688860297203064,2.622526014596224,0.30114486530931217,0.5146582553116266,0.0,0,0.05384135901241406
741376,181,0,0,0.031415281986119224,46.43304605484009,14.391633427143097,0.27379679705483095,0.0001,0.0209888,0,0,0,259.01190673835913,0.3351806640625,0.8368320465087891,454.2799446582794,0,0,0,0,0
745472,182,-59.99135691862714,996.9,0.0030934863374568523,2.6607387743890287,14.74252154827118,0.030594413748129455,0.0001,0.02093873777777778,0.2,0.0,0.0,322.1965356069454,0.162255859375,0.35396718978881836,65.010017567873,0.29102484450795024,0.43327931396608454,0.0,0,0.0634153086853331
749568,183,0,0,0.00041227275505661964,32.85277868509293,14.593120276927948,0.0007156071137886632,0.0001,0.020888675555555555,0,0,0,302.1703433027734,0.0019775390625,0.6900566816329956,477.09898855686185,0,0,0,0,0
753664,184,-26.45426475408044,947.9,0.0005375981738325209,29.088550162315368,14.977783966064454,0.004880395355975597,0.0001,0.020838613333333332,0.2,0.0,0.0,301.8884723413228,0.0263671875,0.9070800542831421,260.0337181329727,0.28096567957168267,0.5735684538345623,0.0,0,0.06056071348778054
757760,185,0,0,-0.0028606945648789405,0.09731457764282822,15.242623364925384,0.031113012068105995,0.0001,0.02078855111111111,0,0,0,327.4922763560995,0.1098388671875,0.6109426021575928,2.483389965444803,0,0,0,0,0
761856,186,-8.315886707437695,956.0,0.017983116046525537,49.8145663022995,14.204546225070953,0.11678101802536486,0.0001,0.02073848888888889,0.1,0.0,0.0,347.2613450771358,0.2783203125,0.8938708305358887,730.617773103714,0.2784538777355944,0.639631370561036,0.0,0,0.05349504878616303
765952,187,0,0,0.004014468839159235,0.06165108266286552,15.203585016727448,0.03315612974457673,0.0001,0.020688426666666666,0,0,0,324.6233194615958,0.1357666015625,0.8508930206298828,2.9901772290468216,0,0,0,0,0
770048,188,-71.32201674541255,882.5,0.03044061448890716,69.49310007095337,14.896538424491883,0.09995917036141184,0.0001,0.020638364444444446,0.3,0.0,0.0,309.8955821432838,0.48134765625,0.8352800607681274,1293.5243326187133,0.313311744378448,0.7012094875605283,0.0,0,0.060641237355465186
774144,189,0,0,-4.7366658691316845e-06,46.58206074237823,14.571207630634309,0.0010465017263553643,0.0001,0.020588302222222223,0,0,0,319.1851164964875,0.0043701171875,0.9290226697921753,608.4641270637512,0,0,0,0,0
778240,190,-92.54481320715067,784.8,0.006955056393053383,0.051997760636731984,16.289360094070435,0.049009263161874705,0.0001,0.02053824,0.4,0.0,0.0,260.1112773601902,0.1995361328125,0.742481529712677,3.217486524581909,0.28620308542556716,0.4667771752748903,0.0,0,0.04669772419932907
782336,191,0,0,0.01912730378098786,121.81498041152955,14.837183570861816,0.0466382773491292,0.0001,0.020488177777777776,0,0,0,310.58362404820673,0.2365478515625,0.854816198348999,680.2185454368591,0,0,0,0,0
786432,192,-42.921363062004815,952.1,0.0019484091899357736,27.39317214488983,15.099608159065246,0.020209781284182115,0.0001,0.020438115555555553,0.1,0.0,0.0,315.3681498505753,0.086279296875,0.9328522682189941,255.62442611455918,0.26442463864762544,0.6925248840006679,0.0,0,0.053898855409762005
790528,193,0,0,-7.318932912312449e-05,21.749365508556366,15.873064029216767,0.0026959354847245543,0.0001,0.020388053333333333,0,0,0,280.1489886063452,0.0125,0.9325355291366577,189.4647852420807,0,0,0,0,0
794624,194,-94.01958383647619,991.9,0.00010815600981004537,52.15950176715851,15.165496110916138,0.0008858208583289561,0.0001,0.020337991111111113,0.2,0.0,0.0,312.3619337285475,0.0032470703125,0.8710862994194031,530.1854407072067,0.27057482195734195,0.5263170951055349,0.0,0,0.054082592398963146
798720,195,0,0,0.0006859008979517966,72.45421605110168,14.860782849788666,0.003301844254315922,0.0001,0.02028792888888889,0,0,0,334.252772509722,0.0187255859375,0.9176802635192871,845.5443437099457,0,0,0,0,0
802816,196,-58.13553497523888,1000.0,0.008778451586840675,0.06233848105184734,14.983498811721802,0.06026762429829728,0.0001,0.020237866666666667,0.0,0.0,0.0,332.19901749942227,0.1774169921875,0.13503634929656982,2.95596633143723,0.2761926720626976,0.3627113313340308,0.0,0,0.05073240762333686
806912,197,0,0,0.019323528121458367,49.1071702003479,15.052946162223815,0.2016199519508627,0.0001,0.020187804444444443,0,0,0,314.015106946811,0.36376953125,0.8716464042663574,833.74740691185,0,0,0,0,0
811008,198,18.354748705000038,1000.0,-0.0003318887436762452,76.43992304801941,15.190859115123748,0.0013281690560583482,0.0001,0.02013774222222222,0.1,0.0,0.0,343.38961236114477,0.0048583984375,0.8955826163291931,1219.5940959453583,0.26641981843874285,0.4956278192918681,0.0,0,0.06651847915804412
815104,199,0,0,0.0016676189668942242,0.16730896709486842,15.86384152173996,0.015840789561361767,0.0001,0.02008768,0,0,0,262.58413774920274,0.06640625,0.745861291885376,4.53522073701024,0,0,0,0,0
819200,200,-132.90153957295874,958.3,0.0006251948943827301,1.8729125194251537,15.392874622344971,0.00973368815613218,0.0001,0.020037617777777777,0.3,0.0,0.0,290.5889495318928,0.0388427734375,0.7560620903968811,49.02603826522827,0.26358968583626663,0.47173014335881963,0.0,0,0.054825643122074566
823296,201,0,0,0.015382452367339284,0.08646824778988957,16.21439633369446,0.0665296038432798,0.0001,0.019987555555555557,0,0,0,270.574444219244,0.232275390625,0.3658827543258667,4.012292657792568,0,0,0,0,0
827392,202,-92.61485973117973,976.9,0.02447636171709746,15.624778807163239,15.518725335597992,0.4711660929730076,0.0001,0.019937493333333334,0.2,0.0,0.0,339.9550710532286,0.310595703125,0.7411984205245972,346.1826167345047,0.28394432750498527,0.4249002911469475,0.0,0,0.07003447298164242
831488,203,0,0,0.0015173195977695286,0.07263122745789588,16.304411113262177,0.030058239393123888,0.0001,0.01988743111111111,0,0,0,314.03088588568113,0.1423095703125,0.6108424663543701,2.483029372245073,0,0,0,0,0
835584,204,-10.876698868809958,988.7,0.002639532944886014,0.08394013182260096,16.214713442325593,0.0204242332256521,0.0001,0.019837368888888887,0.1,0.0,0.0,322.39060088004294,0.08603515625,0.12905246019363403,2.847143905237317,0.2685104205406859,0.47740849761834064,0.0,0,0.058056970640883734
839680,205,0,0,0.0019213307125028223,26.126226711273194,16.214283537864684,0.022438247484404372,0.0001,0.019787306666666667,0,0,0,305.6334759942112,0.0976806640625,0.7447643280029297,488.1146659731865,0,0,0,0,0
843776,206,3.904209291110419,1000.0,-0.0024111512291710826,16.24484320282936,16.333796119689943,0.008795380924597373,0.0001,0.019737244444444448,0.1,0.0,0.0,309.3161862593826,0.0337646484375,0.6946439743041992,410.9392493546009,0.26555239249675516,0.5387874601874548,0.0,0,0.0632479906199192
847872,207,0,0,0.0013176348176784814,0.4907883733510971,16.17027031183243,0.012344119048081192,0.0001,0.019687182222222224,0,0,0,321.67050163361364,0.0593505859375,0.3781774640083313,15.223831690847874,0,0,0,0,0
851968,208,19.994211577071983,1000.0,0.017629307764582335,30.06714355945587,16.835344099998473,0.09298475633405681,0.0001,0.01963712,0.0,0.0,0.0,289.42202594534916,0.34248046875,0.8261557221412659,244.02200877666473,0.26722672192661817,0.5579302292051465,0.0,0,0.05897485674447924
856064,209,0,0,-0.00018389562028460206,40.60154011249542,15.695063972473145,0.005383436776464379,0.0001,0.019587057777777778,0,0,0,330.09054087418554,0.0273681640625,0.9280123710632324,509.1064871311188,0,0,0,0,0
860160,210,-52.795151239071615,937.7,0.00460791930090636,0.07277262508869171,16.413100016117095,0.02804262076098829,0.0001,0.019536995555555554,0.2,0.0,0.0,277.44159154369675,0.1289794921875,0.5898857116699219,3.2972590871155263,0.26603267019117255,0.6196011744044526,0.0,0,0.05492856333052463
864256,211,0,0,0.0037883933284319935,32.18981595039368,15.992816197872163,0.05517551645172088,0.0001,0.01948693333333333,0,0,0,301.5210075216901,0.2125,0.8965256810188293,578.2808332681656,0,0,0,0,0
868352,212,-51.12925243855601,983.8,-0.00028454266721382736,50.75807132720947,16.44435920715332,0.0007779501534142641,0.0001,0.019436871111111108,0.1,0.0,0.0,296.96881354282135,0.0009033203125,0.8893582820892334,804.0510536193848,0.2689267358045408,0.7013034007646912,0.0,0,0.05346700936322436
872448,213,0,0,-0.004443228835589253,21.197702115774156,17.017634010314943,0.023717689032707122,0.0001,0.019386808888888888,0,0,0,280.80789576357694,0.11259765625,0.9092621803283691,94.04067999124527,0,0,0,0,0
876544,214,-123.30818590769623,929.3,0.00927211784874089,0.07252209172584116,17.40427212715149,0.04139127914169558,0.0001,0.019336746666666668,0.3,0.0,0.0,268.3185697230644,0.160302734375,0.37356752157211304,3.2665080979466437,0.25794235809466765,0.5247251804182824,0.0,0,0.05550941386698986
880640,215,0,0,0.007275115320226178,0.05065378518775106,17.89220724105835,0.050444313327917344,0.0001,0.019286684444444445,0,0,0,280.8040495194357,0.1759521484375,0.7244119644165039,3.4728859633207323,0,0,0,0,0
884736,216,-11.195194523584647,1000.0,0.008232155308360235,2.4104196816682815,16.901384568214418,0.04865656497678472,0.0001,0.01923662222222222,0.1,0.0,0.0,136.48383414132564,0.2172119140625,0.37170952558517456,95.26993917971849,0.2672413873472795,0.5889274057238207,0.0,0,0.05842195481558832
888832,217,0,0,0.0009315668256022036,42.85281490087509,16.12737249135971,0.006612492627768996,0.0001,0.01918656,0,0,0,319.4595206560789,0.0312744140625,0.6219688653945923,493.2420420885086,0,0,0,0,0
892928,218,0.6000133397342736,1000.0,-0.00018922780291177332,26.491453009843827,16.943441963195802,0.003334006341827833,0.0001,0.019136497777777775,0.1,0.0,0.0,311.4561775645856,0.013037109375,0.9041708111763,346.2545613050461,0.2599320861462514,0.5737277480207721,0.0,0,0.05720022696446827
897024,219,0,0,0.0029845924000255764,3.4555675774812697,17.219430589675902,0.017614941999212496,0.0001,0.019086435555555555,0,0,0,271.5338395460185,0.0691162109375,0.6566263437271118,88.00253093838691,0,0,0,0,0
901120,220,-104.01468378408488,1000.0,-0.0006151405075797811,29.152329170703887,17.09514973163605,0.0016157596163325794,0.0001,0.019036373333333335,0.0,0.0,0.0,295.36460887831856,0.003857421875,0.8501617908477783,489.7375065922737,0.26546186770830504,0.5324600933573211,0.0,0,0.059671128018537044
905216,221,0,0,0.00016352159436792136,43.76144132614136,17.126809740066527,0.0005387151107570043,0.0001,0.018986311111111112,0,0,0,325.3082050587364,0.001123046875,0.8971078991889954,575.6602680683136,0,0,0,0,0
909312,222,-50.104751744736134,930.8,0.0033634680905379353,5.672399365901947,16.80364465713501,0.035132149918251955,0.0001,0.01893624888888889,0.2,0.0,0.0,307.1746694472325,0.184375,-0.013810515403747559,76.51346885859967,0.2527018707523744,0.5946963981251213,0.0,0,0.051448317343661974
913408,223,0,0,0.0028306466294452546,1.7288140967488288,17.269223523139953,0.013977737362473297,0.0001,0.018886186666666666,0,0,0,352.69079637531286,0.0634033203125,0.8182609677314758,40.67782109677792,0,0,0,0,0
917504,224,19.592234722898617,1000.0,0.020928473834646865,0.09211788619868458,16.949579429626464,0.09496203527744511,0.0001,0.018836124444444446,0.0,0.0,0.0,324.7904694936811,0.3330810546875,0.567503809928894,4.928313942998647,0.255649421245024,0.5623691620021987,0.0,0,0.052226690303209866
921600,225,0,0,0.00019342029700055718,6.277697752416134,17.88094687461853,0.027432482942478152,0.0001,0.018786062222222222,0,0,0,293.61050622271875,0.133935546875,0.7525506019592285,128.84184557795524,0,0,0,0,0
925696,226,22.958893095063747,1000.0,0.00014582767034880816,28.593314492702483,17.289659452438354,0.018832120645055083,0.0001,0.018736,0.0,0.0,0.0,310.90986844304325,0.088427734375,0.9311380386352539,360.12212347984314,0.25273670523909336,0.5214973558442423,0.0,0,0.059017454293819036
929792,227,0,0,0.006691427761688828,0.07012382592074573,18.18316204547882,0.02679274152871709,0.0001,0.01868593777777778,0,0,0,283.44318353796973,0.1238525390625,0.5454736351966858,3.1840901408344506,0,0,0,0,0
933888,228,-185.22331647349787,966.8,0.011114607460331171,0.06432311804965138,17.622439360618593,0.0433638493792551,0.0001,0.018635875555555556,0.3,0.0,0.0,314.4190620515136,0.158740234375,0.7594386339187622,4.305820880457759,0.2549305436010697,0.5916457881032909,0.0,0,0.05546728688589135
937984,229,0,0,0.007132601301418617,0.08236661315895617,17.9752765417099,0.027326623932849948,0.0001,0.018585813333333333,0,0,0,326.52750528615564,0.110498046875,0.5150045156478882,3.980267859995365,0,0,0,0,0
942080,230,19.347322178212192,1000.0,0.00410370014142245,0.05111478988546878,18.2045458316803,0.02924667147019453,0.0001,0.01853575111111111,0.1,0.0,0.0,306.5655251593979,0.1129150390625,0.8536235094070435,2.9392866518348457,0.25793612416766787,0.38611592996122057,0.0,0,0.05902350322146329
946176,231,0,0,0.009853907889919356,40.988896656036374,17.78088245391846,0.043681332198340916,0.0001,0.018485688888888886,0,0,0,291.48129229808774,0.1639892578125,0.5851074457168579,700.3031719207763,0,0,0,0,0
950272,232,18.615988955343827,969.3,0.0032435409870231525,0.11572340792044997,17.841890954971312,0.034017034918562096,0.0001,0.018435626666666666,0.1,0.0,0.0,282.8740968685846,0.126123046875,0.7922953963279724,4.712175215780735,0.2508537632197493,0.3185028550755877,0.0,0,0.05080114729499775
954368,233,0,0,0.019332886225311086,11.089477217197418,18.48475077152252,0.05607876438009063,0.0001,0.018385564444444443,0,0,0,295.7117660665961,0.2675048828125,0.8302990198135376,418.57637531757354,0,0,0,0,0
958464,234,19.608852319089674,1000.0,0.00023420759243890642,16.41765806078911,17.895958018302917,0.0015794248038853765,0.0001,0.018335502222222223,0.0,0.0,0.0,319.34922274491635,0.0061279296875,0.8918800950050354,199.68227219581604,0.25629708131584106,0.46575818519439033,0.0,0,0.05163939636674234
962560,235,0,0,0.0010502410412300378,13.791799658536911,17.74799144268036,0.010856435678050103,0.0001,0.01828544,0,0,0,307.97675521466164,0.0468017578125,0.917076826095581,555.1443692445755,0,0,0,0,0
966656,236,-9.99032402410151,1000.0,0.005584079457912594,0.0863290433306247,18.453818678855896,0.028656118814269972,0.0001,0.018235377777777777,0.0,0.0,0.0,283.8684100946292,0.12626953125,0.6893740892410278,3.5773927070200444,0.2434644699161918,0.40445813989561347,0.0,0,0.05245209657424248
970752,237,0,0,0.00848788236035034,60.59540367126465,18.441756892204285,0.04246619444459641,0.0001,0.018185315555555553,0,0,0,286.16705533823387,0.180224609375,0.9278175234794617,591.697077703476,0,0,0,0,0
974848,238,4.482413037544101,957.3,0.0006778952549211681,0.8960447367280722,18.386888194084168,0.014218892556274065,0.0001,0.018135253333333334,0.1,0.0,0.0,299.5710971325701,0.0628173828125,0.3760313391685486,14.917380100488662,0.25032813811401666,0.4178801681061385,0.0,0,0.04641988766536651
978944,239,0,0,0.002076511055929586,42.332362270355226,18.512639665603636,0.011341219727209185,0.0001,0.018085191111111114,0,0,0,312.9572194788971,0.05439453125,0.6423829793930054,694.4629877090454,0,0,0,0,0
983040,240,-193.5613495572881,904.6,0.0003330162959173322,0.70765425786376,18.719397830963135,0.014855202409397616,0.0001,0.01803512888888889,0.2,0.0,0.0,307.2521408063227,0.07119140625,0.532745361328125,19.935017317533493,0.2556326457522121,0.6695349952838285,0.0,0,0.05258636136938285
987136,241,0,0,0.0014435176970437169,1.5724469006061554,18.359459495544435,0.010184774082176528,0.0001,0.017985066666666667,0,0,0,353.2139296134264,0.0423583984375,0.8877487182617188,77.24885066747666,0,0,0,0,0
991232,242,-57.28837000749295,990.1,-0.000526983046438545,58.016480112075804,17.839072227478027,0.0015974547363148072,0.0001,0.017935004444444444,0.2,0.0,0.0,300.87572638048016,0.0042236328125,0.9246512651443481,475.79919440746306,0.25271043048128794,0.5137380860883093,0.0,0,0.05372372435373553
995328,243,0,0,0.003858529031276703,0.0572963650804013,18.67168333530426,0.02332610730302016,0.0001,0.01788494222222222,0,0,0,360.54875653174304,0.1016357421875,0.5787645578384399,2.7129646953195334,0,0,0,0,0
999424,244,-112.84991981338835,1000.0,0.0017271405609790235,2.2064571410417555,18.676453232765198,0.018467724678724085,0.0001,0.017834879999999997,0.2,0.0,0.0,343.2668177345217,0.0807861328125,0.7587389945983887,40.36428627371788,0.24873723937827769,0.3464032503002545,0.0,0,0.05875415755516773
1003520,245,0,0,0.003713730146409944,0.11881483783945442,18.962212991714477,0.02244308490627942,0.0001,0.01778481777777778,0,0,0,281.1225289072005,0.102099609375,0.7753540873527527,3.4100191101431845,0,0,0,0,0
1007616,246,-22.181374613291368,1000.0,0.007620097341714427,13.292870771884918,17.886268138885498,0.1421338539226929,0.0001,0.017734755555555558,0.1,0.0,0.0,288.2409511366125,0.2276611328125,0.553313672542572,209.85124250650406,0.24496293201840502,0.6095242573974826,0.0,0,0.052502706325943393
1011712,247,0,0,0.003161204550997354,0.08283358137123287,19.001514744758605,0.02038976525238705,0.0001,0.017684693333333334,0,0,0,321.3968752390501,0.095263671875,0.6528257727622986,3.014083297550678,0,0,0,0,0
1015808,248,-71.17647964264529,929.5,0.00801392188295722,13.523005497455596,19.010607075691222,0.05983138170561035,0.0001,0.01763463111111111,0.2,0.0,0.0,291.79726478235307,0.23984375,0.6963133215904236,178.44644322395325,0.23780663735757396,0.5422388328483086,0.0,0,0.04614371895522203
1019904,249,0,0,0.002454420679714531,0.1252399985678494,18.76374089717865,0.016056065200999205,0.0001,0.017584568888888888,0,0,0,316.40479030186515,0.07421875,0.7086341977119446,4.304492536187172,0,0,0,0,0
1024000,250,6.564738144388182,954.5,0.008427972067147493,4.846880495548248,18.809864568710328,0.08237165820030287,0.0001,0.017534506666666665,0.2,0.0,0.0,340.2298768190134,0.239892578125,0.8118735551834106,128.86196979284287,0.25081255294999766,0.479184022402168,0.0,0,0.056034118318051364
1028096,251,0,0,0.002737856769817881,13.298724281787873,19.169733619689943,0.008754624823461588,0.0001,0.017484444444444445,0,0,0,304.1303299378936,0.037548828125,0.7684222459793091,280.2911821484566,0,0,0,0,0
1032192,252,9.407687864396589,1000.0,0.007255655038170517,1.4378770597279071,18.884093284606934,0.05010142897372005,0.0001,0.017434382222222225,0.0,0.0,0.0,307.70525223192783,0.193408203125,0.2989225387573242,21.030842605233193,0.247133543441059,0.5045395467441591,0.0,0,0.05532788305979351
1036288,253,0,0,0.03321282519318629,24.129523688554762,18.139289879798888,0.41349667609067636,0.0001,0.01738432,0,0,0,323.548335739813,0.34443359375,0.8931926488876343,291.8506392121315,0,0,0,0,0
1040384,254,-65.31426013004344,957.7,0.00035756833967752754,22.308621072769164,18.85828948020935,0.011990416943465521,0.0001,0.017334257777777775,0.2,0.0,0.0,322.7273240860168,0.060107421875,0.9380955696105957,156.00279753208162,0.24449578767521257,0.5482154403674369,0.0,0,0.048222240806422755
1044480,255,0,0,0.0038112221111077814,0.30501090325415137,18.75013828277588,0.019192698203727376,0.0001,0.017284195555555555,0,0,0,271.58030071756076,0.08564453125,0.6850622296333313,9.570118839293718,0,0,0,0,0
1048576,256,-24.221195014586602,1000.0,0.010677436646074057,0.4018615383654833,19.519120979309083,0.06436207184818199,0.0001,0.017234133333333332,0.1,0.0,0.0,297.88770664599815,0.2338134765625,0.6116095185279846,12.888597877323628,0.2549078771716027,0.39635123203997263,0.0,0,0.051427542545564794
1052672,257,0,0,0.0027211347478441894,0.06722392858937383,19.10691339969635,0.03397690637669213,0.0001,0.017184071111111112,0,0,0,308.89801688480344,0.13173828125,0.6956795454025269,2.6509602651000024,0,0,0,0,0
1056768,258,11.799448761198375,1000.0,0.024533863965189084,34.59294661283493,18.434163546562196,0.2547032822272967,0.0001,0.01713400888888889,0.0,0.0,0.0,359.248669891537,0.25205078125,0.6646661162376404,318.85358664989474,0.24095925418849654,0.4353606822261213,0.0,0,0.048033644909158936
1060864,259,0,0,0.00034616467892192306,31.453991764783858,18.903957033157347,0.001379996029950803,0.0001,0.01708394666666667,0,0,0,298.15556549954937,0.004345703125,0.8589398860931396,474.09203025102613,0,0,0,0,0
1064960,260,-152.64788136541117,977.9,0.009540010965429247,0.12022901643067599,18.689675450325012,0.043608627482917536,0.0001,0.017033884444444442,0.2,0.0,0.0,318.62007421530353,0.2015625,0.33950573205947876,4.588727059960365,0.25930262062724635,0.5216585794132614,0.0,0,0.05450082014116005
1069056,261,0,0,0.019990945316385476,0.3560004275292158,18.815486717224122,0.12186707868825071,0.0001,0.016983822222222222,0,0,0,311.12932717770684,0.35927734375,0.478735089302063,9.886695910990237,0,0,0,0,0
1073152,262,18.37404270361388,1000.0,0.008060203050263226,0.08661193512380123,19.02629497051239,0.04414127528864007,0.0001,0.01693376,0.0,0.0,0.0,324.043564537285,0.1741943359375,0.5366140604019165,4.701207782328129,0.25514219112306763,0.54347111573177,0.0,0,0.05364704974274762
1077248,263,0,0,0.004887823306489736,0.06041877833195031,17.881231093406676,0.026951900008838757,0.0001,0.016883697777777776,0,0,0,300.27866673718665,0.12783203125,0.4171862006187439,3.626527351140976,0,0,0,0,0
1081344,264,-68.63916395524622,997.5,0.06517344587482513,35.39601283073425,18.22141718864441,3.683137369615744,0.0001,0.016833635555555556,0.1,0.0,0.0,333.54423372861083,0.5089599609375,0.6510984301567078,382.8628241479397,0.24480180999303097,0.610735114440183,0.0,0,0.04529903643099436
1085440,265,0,0,8.240883471444248e-06,40.15459716320038,18.261977791786194,0.0024804152684925196,0.0001,0.016783573333333333,0,0,0,307.5391117186039,0.0096435546875,0.8572664856910706,454.8475376844406,0,0,0,0,0
1089536,266,-68.8241085111604,968.4,0.003773162339348346,0.6464296471327543,18.7618177652359,0.016178501978049663,0.0001,0.016733511111111113,0.1,0.0,0.0,294.6091547490954,0.0718994140625,0.6730748414993286,27.724280156195164,0.24232561402944697,0.526018535033509,0.0,0,0.05117346175182467
1093632,267,0,0,0.018655498849693686,0.07486077197827398,19.10701503753662,0.07521340717651374,0.0001,0.01668344888888889,0,0,0,272.34271005221586,0.248779296875,0.554305374622345,5.583127564191818,0,0,0,0,0
1097728,268,-99.01546054666878,951.4,0.047967466060072184,19.17462926506996,18.633104825019835,2.5359417551721264,0.0001,0.016633386666666666,0.4,0.0,0.0,308.7471590776858,0.42021484375,0.8838831782341003,145.4669452548027,0.25828828491602973,0.44771603386954917,0.0,0,0.04944132488288237
1101824,269,0,0,0.00031146425753831864,0.29471964817494156,18.57005980014801,0.02880563198006847,0.0001,0.016583324444444443,0,0,0,283.5316747231205,0.1190673828125,0.4711287021636963,8.419944080710412,0,0,0,0,0
1105920,270,19.513669769176154,1000.0,0.005618724279338494,0.18899633851833642,18.63473787307739,0.03996725085710577,0.0001,0.016533262222222223,0.0,0.0,0.0,304.07790485683904,0.164111328125,0.5196338295936584,3.817459632456303,0.25691702668721045,0.5522770160265918,0.0,0,0.05294086078355796
1110016,271,0,0,0.0017371864174492656,30.942818307876585,17.335114192962646,0.010654508026286823,0.0001,0.016483200000000003,0,0,0,210.2216205993109,0.0452392578125,0.7834161520004272,329.4952095627785,0,0,0,0,0
1114112,272,-35.609938452392775,989.1,-0.002229819679632783,2.6606963858008386,19.179167103767394,0.011613062835237109,0.0001,0.01643313777777778,0.1,0.0,0.0,329.52403810807647,0.04375,0.7632565498352051,78.80632727742196,0.24777648409246583,0.5041228707095753,0.0,0,0.04853949886010038
1118208,273,0,0,-0.001588815258583054,8.49367043375969,18.928573894500733,0.0041797568352675675,0.0001,0.016383075555555557,0,0,0,348.15458797475435,0.01533203125,0.8038532733917236,375.59172188043595,0,0,0,0,0
1122304,274,4.59091061306989,942.4,-0.0005159940017620101,83.14378142356873,17.818799901008607,0.0042956590678094875,0.0001,0.016333013333333334,0.1,0.0,0.0,358.79921860537235,0.020849609375,0.9163730144500732,867.9531809806824,0.2565019461094685,0.6107889916154179,0.0,0,0.054238787115434804
1126400,275,0,0,0.004118026548530907,0.05028347969055176,18.591874623298644,0.03692801179133718,0.0001,0.01628295111111111,0,0,0,327.40703382767407,0.1298828125,0.6132048964500427,3.5110045611858367,0,0,0,0,0
1130496,276,-63.127403444458864,869.2,0.005589966164552607,0.05751979164779186,18.624811482429504,0.026120408882002556,0.0001,0.016232888888888887,0.2,0.0,0.0,299.8922977662724,0.11640625,0.3491057753562927,3.8252648822963238,0.282212274505035,0.46828595679863605,0.0,0,0.05437452498593883
1134592,277,0,0,0.0017763477197149768,0.1846698708832264,18.76024432182312,0.017285651781295173,0.0001,0.01618282666666667,0,0,0,343.90997033023257,0.081005859375,0.37715309858322144,2.7729125365614893,0,0,0,0,0
1138688,278,-18.04669017543111,990.7,0.01570079321973026,0.07112341485917568,18.966766834259033,0.08741955721236967,0.0001,0.016132764444444444,0.1,0.0,0.0,294.5754660937799,0.2563720703125,0.551486611366272,5.301565875113011,0.24865572370916628,0.38889232367577226,0.0,0,0.049967994289638586
1142784,279,0,0,0.009368209523381665,36.00105392932892,18.12281506061554,0.02706205489814628,0.0001,0.016082702222222224,0,0,0,335.0114228259919,0.1375244140625,0.7332653403282166,513.9146252155304,0,0,0,0,0
1146880,280,-21.24692793264687,979.3,0.0017397160409018397,0.070814175484702,19.07469618320465,0.012583225880392113,0.0001,0.01603264,0.1,0.0,0.0,312.3192083684006,0.05185546875,0.7363828420639038,3.1145377278327944,0.24322298663361575,0.577629726615627,0.0,0,0.050204073438523476
1150976,281,0,0,0.00847536232904531,16.52756499350071,19.22238984107971,0.06801566827928254,0.0001,0.015982577777777777,0,0,0,320.03008052319916,0.2707763671875,0.8597696423530579,231.32236635386943,0,0,0,0,0
1155072,282,20.897822927953474,956.3,0.0005673724343068897,35.99514055252075,17.9949912071228,0.004726945785317316,0.0001,0.015932515555555554,0.1,0.0,0.0,302.156700924603,0.0174560546875,0.9266370534896851,421.34127044677734,0.2529573745880719,0.5486924898408813,0.0,0,0.049721746569721004
1159168,283,0,0,0.003698193351738155,0.06670954548753798,19.763020324707032,0.02820522718395908,0.0001,0.01588245333333333,0,0,0,287.63616794852135,0.1220458984375,0.5994538068771362,3.591348569840193,0,0,0,0,0
1163264,284,-30.16998542894067,959.9,0.028925368381896986,12.092804151773453,19.240643787384034,0.09274439763978817,0.0001,0.01583239111111111,0.3,0.0,0.0,306.43070390540345,0.2868896484375,0.6903519630432129,396.67823193073275,0.2598277762830199,0.42873717559646957,0.0,0,0.05416881331028843
1167360,285,0,0,0.0009001229132991284,28.55458846092224,18.019373536109924,0.003111891005477396,0.0001,0.015782328888888888,0,0,0,328.6192658777156,0.0156982421875,0.8216843008995056,630.3955129384995,0,0,0,0,0
1171456,286,20.37886736046716,1000.0,-0.0005423328024335205,32.90603996515274,18.255108261108397,0.002946307304608098,0.0001,0.015732266666666668,0.0,0.0,0.0,338.65491166411107,0.011083984375,0.9244420528411865,200.6284698843956,0.24741885733334237,0.5133654706137702,0.0,0,0.0479126407286861
1175552,287,0,0,0.0025756260380148887,0.22137623177841306,19.541292667388916,0.02362838952551658,0.0001,0.015682204444444445,0,0,0,344.16817282790817,0.1053955078125,0.6544356346130371,8.67454486489296,0,0,0,0,0
1179648,288,19.506448925098606,956.4,0.0037930987717118116,0.1278818546794355,19.548526072502135,0.03088485087321906,0.0001,0.01563214222222222,0.1,0.0,0.0,305.4569315604132,0.1452392578125,0.7054543495178223,3.7001599084585903,0.2515802926320013,0.4401235054267505,0.0,0,0.05564116971448034
1183744,289,0,0,0.06288327357615345,25.812214171886446,17.480955362319946,4.485594705934657,0.0001,0.015582079999999998,0,0,0,372.25830233883784,0.590625,0.9153382182121277,338.4894576072693,0,0,0,0,0
1187840,290,-123.78767847221187,1000.0,8.722944767214357e-06,18.846504613757133,18.185871648788453,0.00421001212546519,0.0001,0.015532017777777778,0.2,0.0,0.0,287.7718733582389,0.02021484375,0.7258038520812988,413.4027683019638,0.25750714971313304,0.4065141244523266,0.0,0,0.0561695519572545
1191936,291,0,0,-0.0011624173261225224,36.98408830165863,18.279542398452758,0.002977675209919273,0.0001,0.015481955555555555,0,0,0,307.6193889071031,0.008984375,0.9361122250556946,457.9469306707382,0,0,0,0,0
1196032,292,-112.90464167038672,963.3,0.010135723592247814,0.05595760168507695,19.67507951259613,0.04462460978250378,0.0001,0.015431893333333332,0.2,0.0,0.0,289.84753016390124,0.17158203125,0.8393677473068237,4.403283628821373,0.25072812354055035,0.48853987838985713,0.0,0,0.05037388282356842
1200128,293,0,0,0.01968043581582606,0.07213736004196107,19.36241235733032,0.0770270322886363,0.0001,0.015381831111111112,0,0,0,305.6851226028201,0.2886962890625,0.650131106376648,6.236092487722635,0,0,0,0,0
1204224,294,16.55764385625417,1000.0,0.004373222787398845,0.06958292587660253,19.29200325012207,0.026641034844236834,0.0001,0.015331768888888889,0.0,0.0,0.0,315.5734571605494,0.10341796875,0.6937611103057861,3.711266875267029,0.23822624399254017,0.5911558043593053,0.0,0,0.04903088563064656
1208320,295,0,0,0.006164861982688308,0.04119185537565499,20.277316761016845,0.03905591421646974,0.0001,0.015281706666666665,0,0,0,312.34186430060754,0.1480224609375,0.7662746906280518,3.7089251205325127,0,0,0,0,0
1212416,296,-77.2472276051519,982.5,0.011865954182576388,19.2444920450449,18.740385580062867,0.11329821142138237,0.0001,0.015231644444444444,0.1,0.0,0.0,314.40933746475474,0.4369384765625,0.8356227874755859,288.35457054376604,0.2599185535600025,0.4605123893340237,0.0,0,0.05696929941866656
1216512,297,0,0,0.00010761084849946201,4.283887806534767,19.071299695968627,0.007878813152663765,0.0001,0.015181582222222222,0,0,0,307.7406495390554,0.0318115234375,0.6213687062263489,161.81034957170488,0,0,0,0,0
1220608,298,18.45176493422661,1000.0,0.00040809062775224445,0.06936634266749024,20.225645661354065,0.020374916978501467,0.0001,0.015131519999999999,0.0,0.0,0.0,326.30109581213287,0.0904296875,0.5369158387184143,2.6625253666192292,0.23795257127549876,0.37457059485757105,0.0,0,0.04671862284509658
1224704,299,0,0,0.009677732456475496,0.06575909960083663,19.73778009414673,0.03658119885079507,0.0001,0.01508145777777778,0,0,0,343.7906627906209,0.1404541015625,0.596788763999939,4.85896171182394,0,0,0,0,0
1228800,300,-17.695369466100754,1000.0,0.008649432950187474,0.059271194785833356,19.165713477134705,0.030152664705408495,0.0001,0.015031395555555556,0.1,0.0,0.0,296.9618836667335,0.1267578125,0.7624000310897827,5.422947543114423,0.2548023268677263,0.4951776083286424,0.0,0,0.05296704724922465
1232896,301,0,0,0.00963576371432282,0.03615709582809359,20.39389810562134,0.04211896302661433,0.0001,0.014981333333333334,0,0,0,278.30986387887265,0.1427734375,0.9374439716339111,4.387631841748953,0,0,0,0,0
1236992,302,-70.99518666944707,1000.0,0.0031416311219800265,0.042878137831576166,20.146479654312134,0.020831675601980782,0.0001,0.014931271111111111,0.1,0.0,0.0,331.06026390983993,0.0870849609375,0.9048582911491394,3.1299882285296916,0.24462992614291257,0.5837867456898358,0.0,0,0.051057352263731204
1241088,303,0,0,0.026522872544592246,90.44836463928223,17.802529525756835,0.1761720737558988,0.0001,0.014881208888888888,0,0,0,257.6866029169956,0.3484619140625,0.8374412059783936,1383.7121428489686,0,0,0,0,0
1245184,304,12.503325819754668,1000.0,0.0047621718666050585,0.26383925350382925,19.732881116867066,0.024341841426598322,0.0001,0.014831146666666668,0.0,0.0,0.0,294.26948942570164,0.111279296875,0.5963731408119202,8.699158627539873,0.23964957082063854,0.5868133784847573,0.0,0,0.051636471217038474
1249280,305,0,0,0.0056085004704073075,0.052266189735382794,19.305509948730467,0.03645347407876254,0.0001,0.014781084444444445,0,0,0,313.1917227573675,0.1496826171875,0.5436222553253174,4.243858574330806,0,0,0,0,0
1253376,306,17.74617886388445,1000.0,0.00386611187714152,0.05957896686159074,19.9794029712677,0.020494858715416675,0.0001,0.014731022222222225,0.0,0.0,0.0,267.4868514965061,0.0976318359375,0.5885111689567566,3.0018445029854774,0.23987538194826388,0.41550364775087667,0.0,0,0.04367216368383779
1257472,307,0,0,0.008766180108068511,0.05066952109336853,19.640259051322936,0.0336403129848112,0.0001,0.014680959999999998,0,0,0,276.91545529470574,0.136474609375,0.7264577746391296,4.544297678768634,0,0,0,0,0
1261568,308,-109.20886084052927,1000.0,0.005027111526578665,0.056397389713674785,20.33974962234497,0.0222359778054237,0.0001,0.014630897777777778,0.0,0.0,0.0,304.18410339477003,0.098681640625,0.7712669372558594,3.493076268583536,0.25044628658612056,0.4428147364849268,0.0,0,0.057776628672307186
1265664,309,0,0,0.020872238802257925,23.152125930786134,19.492400884628296,0.16510925081677003,0.0001,0.014580835555555555,0,0,0,275.049546662703,0.337158203125,0.744010329246521,357.417777633667,0,0,0,0,0
1269760,310,19.087956410913428,1000.0,0.006049856141908094,1.7977140627801418,19.296833443641663,0.03144534787295268,0.0001,0.014530773333333335,0.0,0.0,0.0,293.3786910944937,0.1388916015625,0.8275054097175598,94.58249232769012,0.24975295292053917,0.4339788135485577,0.0,0,0.052583097932647246
1273856,311,0,0,0.008014826639555394,0.06943948785774409,18.4487606048584,0.04061572004795444,0.0001,0.014480711111111112,0,0,0,287.30117760933496,0.1837158203125,0.4089665412902832,4.364789345860482,0,0,0,0,0
1277952,312,4.175873023225496,1000.0,0.000546022126218304,29.198203957080842,18.99660837650299,0.007473209350451149,0.0001,0.014430648888888887,0.0,0.0,0.0,348.0659095169238,0.033544921875,0.5964455008506775,793.874762558937,0.25078721804147597,0.5029068400400825,0.0,0,0.04867370068368245
1282048,313,0,0,0.0006805357988923788,0.9558836653828621,19.275328350067138,0.017101497132778597,0.0001,0.014380586666666665,0,0,0,335.17064400973896,0.08251953125,-0.10037386417388916,16.748320135474206,0,0,0,0,0
1286144,314,-36.89861274423838,1000.0,0.003158888476900756,21.8453489780426,19.27014615535736,0.00950046234305193,0.0001,0.014330524444444444,0.0,0.0,0.0,274.43254025399324,0.04208984375,0.73471999168396,365.3570629954338,0.25545387324803953,0.6382326742682849,0.0,0,0.051656139367144735
1290240,315,0,0,0.0015984470664989203,0.06770831276662648,20.499400806427,0.03401351557406358,0.0001,0.014280462222222224,0,0,0,299.78308459145615,0.1337890625,0.8751318454742432,3.363391264900565,0,0,0,0,0
1294336,316,20.992175389884473,1000.0,0.006745858147041872,0.08252081708051265,19.04069881439209,0.0365994424370341,0.0001,0.0142304,0.0,0.0,0.0,251.85624721717252,0.160693359375,0.740792989730835,4.652690889686346,0.2465526624584818,0.5421187027632403,0.0,0,0.05182445720113767
1298432,317,0,0,0.003493334318045527,0.07503725392743946,19.368553376197816,0.015540770568648799,0.0001,0.014180337777777781,0,0,0,331.03469639994904,0.072607421875,0.718536376953125,4.09733794927597,0,0,0,0,0
1302528,318,-90.2120889214085,1000.0,0.005697268166113645,0.06379351951181889,19.588291621208192,0.022214678207841197,0.0001,0.014130275555555554,0.0,0.0,0.0,287.8069937531502,0.1029296875,0.7624517679214478,4.177087644487619,0.24409568007908086,0.5244749357647464,0.0,0,0.045170636857469575
1306624,319,0,0,0.004877368704183027,0.06934485365636647,19.89249849319458,0.031809258613817136,0.0001,0.014080213333333334,0,0,0,302.4651641545347,0.13056640625,0.7511228919029236,4.531778252869844,0,0,0,0,0
1310720,320,-130.22756676699157,912.6,0.003350540014798753,0.1151568931993097,19.457521271705627,0.03743635705325328,0.0001,0.014030151111111111,0.2,0.0,0.0,264.5375896841996,0.15546875,0.7619020938873291,3.4782503567636014,0.2542268809139422,0.6200394765326706,0.0,0,0.04730342030423877
1314816,321,0,0,0.0020671470323577524,0.044300906965509056,19.802672719955446,0.0160401887948304,0.0001,0.013980088888888888,0,0,0,290.6905815805133,0.0687255859375,0.9091657996177673,3.727477341145277,0,0,0,0,0
1318912,322,-78.30588083026572,934.1,0.005207377212354913,0.053165441192686555,19.311543035507203,0.026318361234767496,0.0001,0.013930026666666668,0.2,0.0,0.0,297.41647478570314,0.11875,0.8167480230331421,4.002252095192671,0.2581923686793023,0.4780808608262995,0.0,0,0.048281363034048494
1323008,323,0,0,0.013773906778078526,0.061146849486976865,20.28902566432953,0.05476901351797099,0.0001,0.013879964444444445,0,0,0,299.0138608599937,0.2169189453125,0.8846632838249207,6.144099017977714,0,0,0,0,0
1327104,324,-125.77434601122545,1000.0,0.008222447196021675,0.05741137731820345,19.81663236618042,0.03201451516363021,0.0001,0.013829902222222221,0.1,0.0,0.0,329.67560487106897,0.140771484375,0.8561190366744995,5.130252887308598,0.2525471247776271,0.5283930625338363,0.0,0,0.051736054271190116
1331200,325,0,0,0.09455435432610101,47.81506651639938,18.069723653793336,2.325761430212922,0.0001,0.013779839999999998,0,0,0,320.04069845856196,0.5540771484375,0.2690082788467407,753.2338954091072,0,0,0,0,0
1335296,326,5.004219535462151,1000.0,-0.0006158190488349646,41.902080225944516,19.119690990448,0.00255384663434588,0.0001,0.013729777777777778,0.1,0.0,0.0,291.7685072015996,0.0081298828125,0.8943665623664856,331.10970678329465,0.24940274095826256,0.45535286070177816,0.0,0,0.05132709117186707
1339392,327,0,0,0.005487282283138484,0.05157136484049261,20.892817187309266,0.023765302382186503,0.0001,0.013679715555555555,0,0,0,317.8962124246776,0.1099853515625,0.9114677309989929,4.517763301357627,0,0,0,0,0
1343488,328,17.658083440823717,1000.0,0.0034773180668707937,0.09363761190325022,19.414365339279176,0.029043057811234285,0.0001,0.013629653333333335,0.0,0.0,0.0,316.9499907035904,0.1183349609375,0.6288065910339355,4.428636038303376,0.25165238442845056,0.5454537604909022,0.0,0,0.05270130696114622
1347584,329,0,0,0.006473939924035221,0.06381552899256349,19.62033486366272,0.03411788987289273,0.0001,0.013579591111111112,0,0,0,317.71217206948836,0.1369384765625,0.8256629109382629,4.693414483219385,0,0,0,0,0
1351680,330,-53.82421946967035,1000.0,0.029819283413235097,11.630931198596954,18.955958795547485,0.17828676141437358,0.0001,0.013529528888888889,0.0,0.0,0.0,129.4736418070106,0.434619140625,0.274139404296875,356.7780900120735,0.2492047828090335,0.4488420123840061,0.0,0,0.05076576680743763
1355776,331,0,0,0.0066899987985379996,0.0775762366130948,18.909029817581178,0.03152241917490013,0.0001,0.013479466666666665,0,0,0,292.0722418819959,0.1334228515625,0.7540112733840942,4.7753224276006225,0,0,0,0,0
1359872,332,-100.72880902443443,944.1,0.005419281718786806,0.08230621926486492,20.191810131072998,0.024572909685260026,0.0001,0.013429404444444442,0.3,0.0,0.0,314.1440137454961,0.10390625,0.5890887975692749,4.421888075023889,0.26181438717411865,0.49375143129983295,0.0,0,0.04447238969907857
1363968,333,0,0,0.013814419001573697,14.717861783504485,18.758930921554565,0.07618853976022173,0.0001,0.013379342222222222,0,0,0,315.91376562421993,0.290576171875,0.5399842262268066,237.27342568039893,0,0,0,0,0
1368064,334,21.755099135292802,1000.0,0.006809426040854305,0.04402297781780362,20.792979979515074,0.03738854735860249,0.0001,0.013329279999999999,0.0,0.0,0.0,251.4708659635002,0.1507568359375,0.82875657081604,4.4250033989548685,0.25201568984336686,0.5196563949047027,0.0,0,0.05407964920166562
1372160,335,0,0,0.0036825095186941324,0.0625867163296789,19.558296179771425,0.030944544471303726,0.0001,0.013279217777777779,0,0,0,292.07079693619824,0.1374755859375,0.6785089373588562,4.328868582099676,0,0,0,0,0
1376256,336,17.665162494686093,1000.0,0.0063208289677277206,0.05643495451658964,18.907159900665285,0.026878144829260542,0.0001,0.013229155555555556,0.0,0.0,0.0,241.5880785865848,0.1167724609375,0.6312381029129028,4.627658203244209,0.2559938995749692,0.6575925214680813,0.0,0,0.05446655686502895
1380352,337,0,0,0.006318234361242503,0.04208702284377068,20.46540811061859,0.02817249967486768,0.0001,0.013179093333333333,0,0,0,320.3217304635072,0.1225830078125,0.9274229407310486,4.510886404663324,0,0,0,0,0
1384448,338,-6.589164719816866,950.2,0.002132933563552797,1.2642883960157634,19.860121965408325,0.013655375287659944,0.0001,0.01312903111111111,0.1,0.0,0.0,332.70742386882534,0.0653564453125,0.6889059543609619,61.07412855625152,0.2399784406483408,0.5868387684143108,0.0,0,0.050056390993309184
1388544,339,0,0,0.011410491354763509,0.05392491617240012,19.592739462852478,0.054225893665013715,0.0001,0.01307896888888889,0,0,0,364.37532547734435,0.169189453125,0.8033692836761475,4.97526920363307,0,0,0,0,0
1392640,340,17.008087066047334,1000.0,0.0013475200918037443,0.0626155215781182,19.8183336019516,0.024980244143832576,0.0001,0.013028906666666666,0.0,0.0,0.0,356.1879362208093,0.101416015625,0.7443691492080688,4.374786131083965,0.24451288369804827,0.7091826824836611,0.0,0,0.05264597952877559
1396736,341,0,0,0.007252835883991793,0.0696174473501742,18.809473156929016,0.040345540791183646,0.0001,0.012978844444444446,0,0,0,336.4859021909904,0.15068359375,0.6175368428230286,4.9948618277907375,0,0,0,0,0
1400832,342,3.25824402025773,1000.0,-0.001159053639275953,10.663148118555545,18.116197299957275,0.013474468475780377,0.0001,0.012928782222222223,0.0,0.0,0.0,325.5527685356576,0.061474609375,0.6814436912536621,100.15087233185768,0.25334317896290426,0.5584703801267417,0.0,0,0.056275522321575865
1404928,343,0,0,0.00270922266645357,0.05620969207957387,19.837714099884032,0.018376443533668164,0.0001,0.01287872,0,0,0,286.8007654199781,0.077685546875,0.6440797448158264,3.785205038636923,0,0,0,0,0
1409024,344,-56.302154370418975,1000.0,0.0034109709959011525,0.049153131525963546,19.405516600608827,0.02464671313649034,0.0001,0.01282865777777778,0.0,0.0,0.0,311.81045888848524,0.097216796875,0.7946900725364685,4.166420312970876,0.2510959251023952,0.4092277386855206,0.0,0,0.05306524975658864
1413120,345,0,0,0.008268071449128911,0.05400510923936963,19.966289830207824,0.03436494185082277,0.0001,0.012778595555555557,0,0,0,287.346621660283,0.1392333984375,0.7520498037338257,4.7252577021718025,0,0,0,0,0
1417216,346,17.729365490524973,939.0,0.0077416512183845045,0.05803796709515154,20.114772343635558,0.03311199239545297,0.0001,0.012728533333333337,0.1,0.0,0.0,291.0668149977944,0.154345703125,0.8490562438964844,4.787456695735455,0.2601833189659909,0.5370069771347084,0.0,0,0.04803870611706708
1421312,347,0,0,0.003767577069811523,0.04912827620282769,19.962203717231752,0.03831665577020806,0.0001,0.012678471111111114,0,0,0,302.6038730314504,0.1430908203125,0.8105640411376953,5.169384863972664,0,0,0,0,0
1425408,348,18.21561137211225,954.9,0.006020332028856501,0.04317052247934043,20.769935154914855,0.019351959954456044,0.0001,0.01262840888888889,0.1,0.0,0.0,296.78109744992094,0.0871337890625,0.8883771896362305,4.26324365362525,0.2686903593028182,0.4216203814498737,0.0,0,0.058467085292735685
1429504,349,0,0,0.0015590884373523294,10.166601395606994,19.13811399936676,0.02671364824057474,0.0001,0.012578346666666667,0,0,0,276.5029390490499,0.123681640625,0.4579208493232727,112.68238205909729,0,0,0,0,0
1433600,350,21.03631189059667,1000.0,-0.0022889802348800004,0.16644609374925495,20.665630650520324,0.029656288475805058,0.0001,0.012528284444444444,0.0,0.0,0.0,285.70002266992066,0.12421875,0.5605686902999878,2.6677890591323377,0.26824950930134456,0.5307062192912095,0.0,0,0.05343044956068026
1437696,351,0,0,0.006160479260142892,0.06417540404945613,19.289226794242857,0.03282338671345146,0.0001,0.012478222222222224,0,0,0,267.99039513862346,0.1402099609375,0.7973969578742981,5.1618220888078215,0,0,0,0,0
1441792,352,21.062911255615987,1000.0,0.007133181125391274,0.05504458290524781,20.745187735557558,0.024655955147442454,0.0001,0.01242816,0.0,0.0,0.0,269.42141630208636,0.106982421875,0.7905663251876831,4.791114523261785,0.26328530254625504,0.35359109235731656,0.0,0,0.059058587132660156
1445888,353,0,0,0.010531018633628264,0.05504435347393155,19.689678716659547,0.05650820606062892,0.0001,0.01237809777777778,0,0,0,294.5423103220944,0.17060546875,0.8347612619400024,5.379656770825386,0,0,0,0,0
1449984,354,-50.08852281473012,1000.0,0.0058320076845120635,0.05402604560367763,20.223589920997618,0.027341226878366088,0.0001,0.012328035555555554,0.0,0.0,0.0,310.074979227706,0.1255126953125,0.899969220161438,4.586187849938869,0.2700792524583324,0.6688236615439419,0.0,0,0.058700709892057765
1454080,355,0,0,0.008612766792066396,0.04766045538708567,19.928359603881837,0.047269700617521074,0.0001,0.012277973333333334,0,0,0,313.68152632531087,0.1592041015625,0.9255821108818054,5.795968475937843,0,0,0,0,0
1458176,356,17.757080625259952,1000.0,0.008807950664777308,0.062253641337156294,20.16401078701019,0.045249534380883236,0.0001,0.012227911111111111,0.0,0.0,0.0,316.8286396386665,0.1786376953125,0.7983663082122803,5.610272639617324,0.26287506409395933,0.5712955064311361,0.0,0,0.05471517707631797
1462272,357,0,0,0.0018543774727731942,0.0688332190271467,19.775662732124328,0.014326718705728214,0.0001,0.012177848888888891,0,0,0,298.3186764037837,0.057763671875,0.889568567276001,3.7901903107762336,0,0,0,0,0
1466368,358,1.6866111115159277,1000.0,0.005118524085264653,0.07673471178859473,19.71735088825226,0.027484395918173442,0.0001,0.012127786666666668,0.1,0.0,0.0,278.4060149639997,0.100732421875,0.8626933097839355,4.636417481303215,0.2799581016022761,0.45303832500224406,0.0,0,0.05961122616824775
1470464,359,0,0,0.003785824362421408,13.804345268011094,19.624123549461366,0.018306923854136237,0.0001,0.012077724444444448,0,0,0,283.1345498422205,0.076123046875,0.776779294013977,153.39987721443177,0,0,0,0,0
1474560,360,21.411260723664643,1000.0,0.0032443454780150204,0.22469953941181303,19.747943925857545,0.044620744046231155,0.0001,0.012027662222222221,0.0,0.0,0.0,346.02075387056266,0.1663818359375,0.6367537379264832,11.702396294474601,0.26477380256478406,0.48148259592760745,0.0,0,0.045817199660106396
1478656,361,0,0,0.014226792717818171,0.04963891175575554,20.304575824737547,0.09380149064020812,0.0001,0.011977599999999998,0,0,0,265.5547143098741,0.2422607421875,0.8909727931022644,6.42501788623631,0,0,0,0,0
1482752,362,19.079660610313674,947.6,0.006310922536067664,0.08418071740306914,19.679040718078614,0.032891259537451534,0.0001,0.011927537777777778,0.1,0.0,0.0,278.25869668302903,0.1414306640625,0.7701431512832642,5.571647725999355,0.2659074641055187,0.40017062339187487,0.0,0,0.05801315152475843
1486848,363,0,0,0.007167071814183146,0.11083106379956006,20.19754810333252,0.03460165015714689,0.0001,0.011877475555555555,0,0,0,296.83823720285716,0.137744140625,0.8327579498291016,5.828982544690371,0,0,0,0,0
1490944,364,19.12965425797317,1000.0,0.03306731076445431,32.34898769855499,21.113237571716308,0.5449285144801513,0.0001,0.011827413333333335,0.0,0.0,0.0,274.2454836948165,0.306396484375,0.8111579418182373,387.12691564559935,0.2575752580807428,0.4822847447376703,0.0,0,0.05208596358308025
1495040,365,0,0,0.008302001096308232,0.09176011341623962,18.820905685424805,0.06855780617337501,0.0001,0.011777351111111108,0,0,0,309.20392044039755,0.204296875,0.593035101890564,5.650060833990574,0,0,0,0,0
1499136,366,-15.847866627176458,990.4,0.018528973241336642,17.63197717666626,20.43702075481415,0.09498473755668424,0.0001,0.011727288888888888,0.1,0.0,0.0,309.4251786300123,0.3056396484375,0.8145389556884766,223.69722373485564,0.26248538823465667,0.4968636681220017,0.0,0,0.058137114327370586
1503232,367,0,0,0.0028776421502698215,15.996307843923569,20.295603585243224,0.022073700140376594,0.0001,0.011677226666666665,0,0,0,295.88451446462614,0.1015625,0.8614310622215271,110.46960728764535,0,0,0,0,0
1507328,368,18.87227072409137,946.4,0.007246945245424285,0.08090367065742612,20.730155491828917,0.047677255313140335,0.0001,0.011627164444444445,0.1,0.0,0.0,279.64144459052216,0.162353515625,0.7193479537963867,5.065317639708519,0.26536357620068757,0.5140106613458408,0.0,0,0.050830350456141024
1511424,369,0,0,0.003720417816657573,10.308262866735458,19.957936096191407,0.025753122083570345,0.0001,0.011577102222222222,0,0,0,325.619927045039,0.1132080078125,0.8232619166374207,76.73668884634972,0,0,0,0,0
1515520,370,-13.721340769425577,986.5,-0.0005814714124426246,21.970887780189514,18.828382825851442,0.015355355885935418,0.0001,0.011527039999999999,0.2,0.0,0.0,330.5749075071112,0.0689697265625,0.7384506464004517,268.56439874172213,0.2711576725483211,0.34644554815248557,0.0,0,0.06177794941949135
1519616,371,0,0,0.0044929799216333775,3.620994996279478,20.01113748550415,0.02276827924072704,0.0001,0.011476977777777779,0,0,0,301.085185236009,0.1014892578125,0.3517097234725952,44.49109120070934,0,0,0,0,0
1523712,372,18.931087837233484,1000.0,0.00613646648125723,1.0524988330900669,19.983589911460875,0.026735248623332163,0.0001,0.011426915555555556,0.0,0.0,0.0,329.4294214812897,0.1086181640625,0.8086367845535278,15.430033561587333,0.26212699847684934,0.6886219693002247,0.0,0,0.05712693302246348
1527808,373,0,0,0.010377785161836073,0.06704302248544991,21.537671184539796,0.07132090470406552,0.0001,0.011376853333333332,0,0,0,322.2007835915207,0.20078125,0.4252361059188843,5.2489704240113495,0,0,0,0,0
1531904,374,14.28199982149936,955.4,0.01751718784798868,0.052150138886645436,21.164924931526183,0.10603831063384164,0.0001,0.011326791111111113,0.1,0.0,0.0,318.02092597329073,0.205712890625,0.8034124970436096,6.038314630836249,0.26458417354717917,0.4870348796140189,0.0,0,0.051048382607268086
1536000,375,0,0,0.015423419952276163,0.3001905931159854,18.707450199127198,0.10744231028659554,0.0001,0.01127672888888889,0,0,0,285.2803087852408,0.326025390625,0.04511791467666626,6.807106998562813,0,0,0,0,0
1540096,376,-25.74206420476485,937.0,0.005660078732762486,0.0971718670334667,19.947321748733522,0.05032678735736127,0.0001,0.01122666666666667,0.1,0.0,0.0,264.2907696884239,0.2043701171875,0.5195344090461731,6.083846153318882,0.29540195910823497,0.5219040743589798,0.0,0,0.05921459133169793
1544192,377,0,0,-0.00042344301182311027,5.099174873530865,19.923969864845276,0.017698987666543476,0.0001,0.011176604444444446,0,0,0,320.73006754331686,0.0849853515625,0.36383986473083496,21.67933487892151,0,0,0,0,0
1548288,378,10.216949726954189,962.3,0.006625170377083123,0.07830510968342423,21.419638061523436,0.04005708715707039,0.0001,0.011126542222222223,0.1,0.0,0.0,296.3156470755113,0.1356201171875,0.6933236122131348,4.650254942849278,0.274424604346508,0.6134271689565853,0.0,0,0.0564075222159308
1552384,379,0,0,0.008767928561428561,9.853188449144364,19.921562480926514,0.07289119519413663,0.0001,0.01107648,0,0,0,285.0284117090563,0.24404296875,0.5838443040847778,46.82052364349365,0,0,0,0,0
1556480,380,19.068874850317,1000.0,0.003991866804426536,0.12532102121040226,20.137241768836976,0.03905452599940031,0.0001,0.01102641777777778,0.0,0.0,0.0,350.91236242210624,0.1779052734375,-0.3148845434188843,4.296833895146847,0.29970471520520897,0.5095792031377663,0.0,0,0.06378630050796517
1560576,381,0,0,0.009235785104101524,12.003497585654259,19.1809175491333,0.13285309442584517,0.0001,0.010976355555555557,0,0,0,292.36147889338264,0.17255859375,0.21125948429107666,112.70626549124718,0,0,0,0,0
1564672,382,-10.933423900046014,1000.0,0.0031029448087792843,0.4189654997549951,20.508894562721252,0.02151822488088222,0.0001,0.010926293333333337,0.0,0.0,0.0,260.5175699209158,0.0964111328125,0.5297438502311707,8.545159608125687,0.28735722280396553,0.45565871433958655,0.0,0,0.06822944577009998
1568768,383,0,0,0.006730280024930835,0.1550980824045837,20.486523818969726,0.05806687986807639,0.0001,0.01087623111111111,0,0,0,295.50343692206644,0.18349609375,0.5398358106613159,5.0894324138760565,0,0,0,0,0
1572864,384,15.341077030695805,943.6,0.0017957738600671291,0.12677180971950291,21.825444364547728,0.037159546399964015,0.0001,0.01082616888888889,0.1,0.0,0.0,251.78554660816053,0.1507080078125,0.8298060297966003,5.604060596972704,0.281284467370858,0.7565040093405322,0.0,0,0.05276120011060533
1576960,385,0,0,0.0005049867788329721,36.89692590236664,20.746039152145386,0.013815503224055092,0.0001,0.010776106666666667,0,0,0,248.33266307095192,0.0642822265625,0.6463260054588318,149.6241260766983,0,0,0,0,0
1581056,386,23.817080211216968,1000.0,0.0006275045278016477,15.182829874753953,18.96686108112335,0.013382973832745827,0.0001,0.010726044444444447,0.0,0.0,0.0,311.49335810600735,0.056591796875,0.43911004066467285,217.77354761362076,0.2985537462906332,0.5091197220079632,0.0,0,0.06556767883015466
1585152,387,0,0,0.004236469545867294,0.15125952754169703,19.239092230796814,0.0404307681085168,0.0001,0.010675982222222224,0,0,0,312.20786165371874,0.16845703125,0.612937331199646,6.242146857827902,0,0,0,0,0
1589248,388,13.763285371505912,940.9,0.0019391615525819362,0.14573778314515948,18.709970545768737,0.03955597098105088,0.0001,0.010625920000000004,0.1,0.0,0.0,329.9311155814536,0.1590087890625,0.6468197703361511,6.93758021146059,0.29537555509892877,0.5838643706083706,0.0,0,0.057966392414131464
1593344,389,0,0,0.0021201308351010083,1.9125500794500112,21.791013622283934,0.02935016605773577,0.0001,0.010575857777777777,0,0,0,304.9460619262127,0.12939453125,0.08824783563613892,12.826392431557178,0,0,0,0,0
1597440,390,19.831854377372956,1000.0,0.005505765927955509,0.10668919933959842,19.63617796897888,0.039463296979402165,0.0001,0.010525795555555554,0.0,0.0,0.0,331.60035475717626,0.1420166015625,0.7834147810935974,5.849083538353443,0.3137809289468818,0.5914457960812758,0.0,0,0.07306546212408416
1601536,391,0,0,0.004005496535683051,0.14393917825073005,19.747735118865968,0.05005454165077876,0.0001,0.010475733333333334,0,0,0,310.7008330951065,0.1999755859375,0.8203179836273193,7.1757965832948685,0,0,0,0,0
1605632,392,4.870107943192775,908.0,0.008008800423704087,0.4336848471313715,19.352303624153137,0.060840385226791735,0.0001,0.01042567111111111,0.1,0.0,0.0,166.1191527607294,0.2453369140625,0.6131057143211365,7.292978170514107,0.3592141693422099,0.6821808374334394,0.0,0,0.052476857302648325
1609728,393,0,0,0.012667487084399909,0.1417983129620552,20.220872592926025,0.0789746478840676,0.0001,0.010375608888888891,0,0,0,314.2070471946602,0.244287109375,0.8906174302101135,9.189753764867783,0,0,0,0,0
1613824,394,18.400401985436243,1000.0,0.007256323407636956,0.09092887351289392,21.345511937141417,0.05013015613370506,0.0001,0.010325546666666664,0.0,0.0,0.0,286.2679403343085,0.17685546875,0.9230332970619202,5.745077420771122,0.2863149637673893,0.6120670354027207,0.0,0,0.06281326044274974
1617920,395,0,0,0.0008283794421004131,0.1068418713286519,22.095315647125243,0.03539670107715716,0.0001,0.010275484444444444,0,0,0,363.0009765180952,0.1373046875,0.9183741807937622,4.4455904074013235,0,0,0,0,0
1622016,396,1.9591133721273426,938.8,0.002929360931739211,0.15463864663615823,23.489746117591856,0.02410452461665602,0.0001,0.010225422222222221,0.2,0.0,0.0,311.0190523430766,0.1017333984375,0.8890633583068848,4.151079170405865,0.2894778343336194,1.0140761187689749,0.0,0,0.05171506570442164
1626112,397,0,0,0.005395063734613359,0.10224446980282664,20.19456012248993,0.04250531069561605,0.0001,0.010175360000000001,0,0,0,335.84101454628825,0.155712890625,0.8762139081954956,5.654232375323772,0,0,0,0,0
1630208,398,20.81596416144099,1000.0,0.0057627935544587675,0.1605892101302743,21.861365485191346,0.03858060804198031,0.0001,0.010125297777777778,0.0,0.0,0.0,287.24845707697057,0.1354736328125,0.8828976154327393,6.2042008429765705,0.30527163490252573,0.6074971395265615,0.0,0,0.06707708608197449
1634304,399,0,0,0.004011064057704061,0.25194653663784267,20.453817629814147,0.05838570702183108,0.0001,0.010075235555555555,0,0,0,357.97831030825563,0.20849609375,0.7794138789176941,5.340705135464669,0,0,0,0,0
1638400,400,3.506114538726081,924.1,0.003161124524194747,2.8108749002218247,19.562489223480224,0.028143654923617388,0.0001,0.010025173333333331,0.2,0.0,0.0,301.5329148675183,0.1202880859375,0.2946740388870239,20.026717716455458,0.31671699521917857,0.7121715151734703,0.0,0,0.05681097336674858
1642496,401,0,0,0.003437619924079627,0.12902545398101212,21.41500322818756,0.03012134812783147,0.0001,0.009975111111111112,0,0,0,357.9723952423731,0.113818359375,0.9068911075592041,4.675332532078028,0,0,0,0,0
1646592,402,-14.119550858417995,994.4,0.0018301735166460277,0.8264315212145448,21.66489918231964,0.0375139181793541,0.0001,0.009925048888888888,0.2,0.0,0.0,323.39078276920884,0.14990234375,0.556678831577301,7.198519366979599,0.31464002012757225,1.0080356682672194,0.0,0,0.062260831499508104
1650688,403,0,0,0.007974641831242479,0.20488488199189306,22.621799182891845,0.09201204126151577,0.0001,0.009874986666666669,0,0,0,264.0639312560423,0.1933837890625,0.7740181088447571,4.274346487224102,0,0,0,0,0
1654784,404,19.38058266651975,934.1,0.016816487733740358,0.14816598435863854,20.15506844520569,0.09843619819951362,0.0001,0.009824924444444445,0.1,0.0,0.0,301.39724271352145,0.2524658203125,0.9000722169876099,8.599031936377287,0.3015941073629649,0.5725399649077829,0.0,0,0.05893482932860332
1658880,405,0,0,0.00424857716425322,2.8055963687598706,20.491824102401733,0.04750581832780274,0.0001,0.009774862222222222,0,0,0,248.6032016255474,0.17734375,0.34085631370544434,21.42989263534546,0,0,0,0,0
1662976,406,22.653781865934956,1000.0,0.004538418271113187,0.06983805992640554,21.064917039871215,0.023327142476070595,0.0001,0.009724800000000002,0.0,0.0,0.0,199.27363376904185,0.100146484375,0.9537543654441833,6.170597697049379,0.29037961064357776,0.5964938969267594,0.0,0,0.07141416252640989
1667072,407,0,0,0.004198353894753382,0.09234552886337041,21.083570575714113,0.016329606740349466,0.0001,0.009674737777777779,0,0,0,309.9790072245867,0.0698974609375,0.9556459188461304,6.219976968318224,0,0,0,0,0
1671168,408,20.465085244854833,1000.0,0.009307115245610476,0.1489339929074049,21.040018343925475,0.07180839607902514,0.0001,0.009624675555555556,0.0,0.0,0.0,300.0351170201752,0.1913818359375,0.903495728969574,7.05672257989645,0.28088804675638107,0.6306656738387775,0.0,0,0.05397087830561842
1675264,409,0,0,0.009903921571094543,0.09910492333583534,21.32126326560974,0.04874666149846727,0.0001,0.009574613333333336,0,0,0,372.4150784513077,0.1890380859375,0.9244594573974609,6.997549710422755,0,0,0,0,0
1679360,410,10.332534631456443,928.1,0.005152911285404116,0.19190625809133052,20.793066763877867,0.03674558735076727,0.0001,0.009524551111111113,0.1,0.0,0.0,349.8615355205738,0.148779296875,0.8667339086532593,6.908571184426546,0.2923690449316898,0.6387178489839782,0.0,0,0.05068660135921327
1683456,411,0,0,0.010896397969918325,0.1030799774453044,20.42345247268677,0.07125049690951471,0.0001,0.009474488888888893,0,0,0,319.3066417959964,0.2216796875,0.9132317900657654,8.43553559780121,0,0,0,0,0
1687552,412,5.943070200541021,926.7,0.02043046512408182,0.08909749360755086,20.951633548736574,0.17447547825380136,0.0001,0.009424426666666666,0.1,0.0,0.0,291.64775059696996,0.3082763671875,0.9341763257980347,8.046621979773045,0.30637948485967786,0.4723338081898813,0.0,0,0.0626616703244588
1691648,413,0,0,-0.0007320578384678811,0.21537216203287243,21.508059167861937,0.02292134207676655,0.0001,0.009374364444444446,0,0,0,330.1186015639132,0.0830078125,0.808653712272644,3.6645599521696566,0,0,0,0,0
1695744,414,18.358724737746464,1000.0,0.011857735592639074,0.08818111196160316,22.223632836341856,0.06514877727535136,0.0001,0.009324302222222223,0.0,0.0,0.0,339.97175489987035,0.18916015625,0.9221211671829224,6.7401570081710815,0.27600583751450897,0.46069669614934156,0.0,0,0.05689224979153984
1699840,415,0,0,0.005592348059872165,0.11046145521104336,21.674653148651124,0.03203921339667393,0.0001,0.009274240000000003,0,0,0,337.01301878650025,0.1293701171875,0.8981200456619263,5.83213697373867,0,0,0,0,0
1703936,416,21.12244318807997,1000.0,0.005478848563507199,12.298131197690964,21.164018750190735,0.08575301923031135,0.0001,0.00922417777777778,0.0,0.0,0.0,309.8950510952826,0.248876953125,0.7368131279945374,36.62918812036514,0.2742788568764063,0.45246674420716515,0.0,0,0.054445825505546774
1708032,417,0,0,0.005416094424435869,0.16125404671765864,22.54041705131531,0.02870877862990484,0.0001,0.00917411555555556,0,0,0,294.65788028367365,0.118505859375,-0.4132939577102661,5.4240513145923615,0,0,0,0,0
1712128,418,-66.08228236805033,913.1,0.004807238571811467,0.1011253397911787,21.450735521316528,0.049134009596332004,0.0001,0.009124053333333333,0.2,0.0,0.0,301.2888435872663,0.1703369140625,0.7474550604820251,5.705538183450699,0.2758005316408473,0.6055774767140808,0.0,0,0.05146018002698205
1716224,419,0,0,0.002733167726546526,0.06180944419465959,23.81880304813385,0.029488675613033366,0.0001,0.00907399111111111,0,0,0,327.6458285638697,0.115869140625,0.6619629859924316,4.021643424779176,0,0,0,0,0
1720320,420,12.629436488436529,939.1,0.00868454592418857,0.09238905953243375,21.979085421562196,0.04098688751967672,0.0001,0.00902392888888889,0.1,0.0,0.0,353.98252293795366,0.145703125,0.7909308671951294,5.709287717193365,0.3099916793040699,0.5458625887444437,0.0,0,0.0551844173199833
1724416,421,0,0,0.0038331149553414434,0.17049096352420748,21.457982993125917,0.03972364016520049,0.0001,0.008973866666666667,0,0,0,341.717690346358,0.1397705078125,0.6962708234786987,4.117772655934095,0,0,0,0,0
1728512,422,17.599374164007884,949.8,0.00377798427361995,0.07251832443289459,21.93162097930908,0.023284673283561208,0.0001,0.008923804444444447,0.1,0.0,0.0,346.50752015789567,0.0970458984375,0.9344792366027832,5.386871519684791,0.28405841060162157,0.6500497155241713,0.0,0,0.05474969108355866
1732608,423,0,0,0.0035217887663748114,0.08769957590848207,21.59317479133606,0.031619510040071484,0.0001,0.00887374222222222,0,0,0,284.7555956102287,0.116357421875,0.9361421465873718,6.592031711339951,0,0,0,0,0
1736704,424,19.32236767424212,1000.0,-0.0008184812439139932,0.8357264049351215,20.735088300704955,0.014867926266769605,0.0001,0.00882368,0.0,0.0,0.0,382.1981169502663,0.06015625,0.25321173667907715,8.898480182886123,0.2912825047715836,0.6506496424430892,0.0,0,0.06077870288647038
1740800,425,0,0,0.00889037707238458,0.07551592364907264,20.895055627822877,0.04544414583945326,0.0001,0.008773617777777777,0,0,0,284.5371604965937,0.1748779296875,0.8822771906852722,6.371781602501869,0,0,0,0,0
1744896,426,-8.674124899906582,926.2,0.035433161992114034,28.43024855852127,21.394896745681763,0.13665980226945607,0.0001,0.008723555555555557,0.1,0.0,0.0,348.5024087116042,0.312109375,0.24248045682907104,280.9282565832138,0.311276338775861,0.5992734818875719,0.0,0,0.06299892790002744
1748992,427,0,0,0.002177244261838496,17.524566167593,19.396017408370973,0.029977418053590155,0.0001,0.008673493333333334,0,0,0,379.0563962105898,0.118408203125,0.8450171947479248,181.48579155206681,0,0,0,0,0
1753088,428,2.5883563351395904,1000.0,0.003191866906126961,0.06620577583089471,23.76187663078308,0.02001798471104248,0.0001,0.00862343111111111,0.1,0.0,0.0,253.20486302654834,0.0689208984375,0.9388667941093445,4.570170871913433,0.28218500092963705,0.6532912309941752,0.0,0,0.057743181789837575
1757184,429,0,0,0.004770823696162552,0.06477945894002915,21.621328783035278,0.025737117979434298,0.0001,0.008573368888888887,0,0,0,336.6752067589532,0.1145751953125,0.9267271757125854,6.063332954049111,0,0,0,0,0
1761280,430,21.56027266739648,1000.0,-0.0020803912542760373,1.039874587766826,23.25539360046387,0.018809973236104206,0.0001,0.008523306666666664,0.0,0.0,0.0,258.70509260636146,0.086328125,0.42655646800994873,13.046714743971824,0.2745949368767502,0.5543476681636204,0.0,0,0.06497079414411447
1765376,431,0,0,0.022810518142068758,0.06829241230152547,21.836198830604552,0.14240941759638476,0.0001,0.008473244444444444,0,0,0,369.6840260747574,0.2748779296875,0.9068200588226318,8.10074457526207,0,0,0,0,0
1769472,432,-31.618275602838036,901.1,5.02939336001873e-05,0.722538804076612,21.217029881477355,0.029029718319399267,0.0001,0.008423182222222221,0.2,0.0,0.0,346.4099414199794,0.12431640625,0.306066632270813,9.525626741349697,0.2688866559276733,0.5271600789062043,0.0,0,0.04745296039490664
1773568,433,0,0,0.0008616056526079774,10.257098507881164,21.70687303543091,0.01583062986030894,0.0001,0.008373120000000001,0,0,0,312.0302051897557,0.064453125,0.6594159603118896,202.39527454972267,0,0,0,0,0
1777664,434,9.82624129371132,958.7,0.006694550259271637,0.12975353142246604,20.951279401779175,0.03828696924034221,0.0001,0.008323057777777778,0.2,0.0,0.0,294.5135796737042,0.12294921875,0.4533666968345642,6.259449604898691,0.27281708577381464,0.6180671047970281,0.0,0,0.056093756387754004
1781760,435,0,0,0.007682719879085198,0.08759041875600815,20.797477746009825,0.06145151092099621,0.0001,0.008272995555555555,0,0,0,383.05313609528935,0.2108642578125,0.8801865577697754,7.6332846730947495,0,0,0,0,0
1785856,436,18.289416032153603,1000.0,0.0063671260606497524,0.1014184569939971,21.441512751579285,0.04836037540811957,0.0001,0.008222933333333335,0.0,0.0,0.0,336.4093256194884,0.1837158203125,0.8716498017311096,6.742688921093941,0.27791876105068286,0.3761159961956642,0.0,0,0.0603099890760667
1789952,437,0,0,0.004354608815629035,0.3599274639971554,23.6198899269104,0.036746020840693894,0.0001,0.008172871111111112,0,0,0,263.37683878637665,0.1208984375,0.5319674015045166,5.670789466798306,0,0,0,0,0
1794048,438,17.72898081274401,943.9,0.014683890354353935,0.054989152075722816,21.504599189758302,0.10207314225848518,0.0001,0.008122808888888888,0.1,0.0,0.0,261.06760205560545,0.2620361328125,0.8147515654563904,7.771655482798815,0.26802586773337883,0.5353906318867729,0.0,0,0.05404181983788575
1798144,439,0,0,0.005883913062280044,0.0557172448374331,22.959592151641846,0.04050567634407143,0.0001,0.008072746666666668,0,0,0,299.0916073733641,0.140380859375,0.9417755603790283,6.5858957067132,0,0,0,0,0
1802240,440,21.34869206849064,1000.0,0.004940087540308014,0.12135900147259235,21.20688052177429,0.041627864843785334,0.0001,0.008022684444444445,0.0,0.0,0.0,290.0094198747839,0.1618896484375,0.8895846605300903,5.750352784991264,0.26806591339686203,0.5651526946396366,0.0,0,0.05053574291118788
1806336,441,0,0,0.007976709958165884,0.1462045564316213,21.11906156539917,0.05809252086986871,0.0001,0.008,0,0,0,339.4115365990464,0.19560546875,0.8974673748016357,8.044442986696959,0,0,0,0,0
1810432,442,19.65104632291379,1000.0,0.0025891774334013463,0.08745623547583818,24.610927200317384,0.020475205674329568,0.0001,0.008,0.0,0.0,0.0,300.3365732926903,0.073193359375,0.8832823038101196,3.8014016285538674,0.2637230474161111,0.4733243200567886,0.0,0,0.05240191372336993
1814528,443,0,0,0.013224467949476093,0.11133516980335116,21.080733919143675,0.0638949436921655,0.0001,0.008,0,0,0,351.96418476965624,0.2018310546875,0.818545937538147,9.598631879687309,0,0,0,0,0
1818624,444,16.078262391449663,1000.0,0.01402960999403149,0.06984113352373242,21.93247263431549,0.050410090803451844,0.0001,0.008,0.0,0.0,0.0,371.9430762550598,0.1626220703125,0.8861348628997803,9.87656756490469,0.26134227807426536,0.7142290525994983,0.0,0,0.04856509993473952
1822720,445,0,0,0.004289528063964099,0.07105888216756284,22.497514271736144,0.02231518121265381,0.0001,0.008,0,0,0,372.78968662318215,0.0944091796875,0.8541692495346069,5.407810192555189,0,0,0,0,0
1826816,446,16.52100543241406,1000.0,0.003643435181584209,0.10118523887358606,22.041797494888307,0.02706365771595449,0.0001,0.008,0.0,0.0,0.0,318.22401463026597,0.1102294921875,0.8264169096946716,5.305590040236711,0.26312689982629645,0.48621335703293916,0.0,0,0.055795884205011005
1830912,447,0,0,0.033868568408070135,0.12384679550305008,20.34239685535431,0.28280238716692,0.0001,0.008,0,0,0,345.2272429210997,0.3263671875,0.8653982877731323,10.950618184357882,0,0,0,0,0
1835008,448,21.621276757419885,1000.0,0.0010068712523207068,2.616907549649477,22.27316300868988,0.024828479048696006,0.0001,0.008,0.0,0.0,0.0,363.1853420154881,0.101513671875,0.2512795329093933,26.204592376947403,0.26433291055451447,0.5673628081690343,0.0,0,0.06049827848440444
1839104,449,0,0,0.00840838331496343,0.10841498030349613,22.52689869403839,0.052805551679956486,0.0001,0.008,0,0,0,383.0204447302529,0.1456787109375,0.8199312090873718,6.495514984428882,0,0,0,0,0
1843200,450,22.0733582347194,1000.0,0.005992167186923325,0.05887029841542244,23.26483473777771,0.02997290604001799,0.0001,0.008,0.0,0.0,0.0,382.31696222425956,0.1126220703125,0.9175544381141663,5.832121904939413,0.27798957455846857,0.31376496758147054,0.0,0,0.05325870924675985
1847296,451,0,0,0.006321162852691487,1.9552470359951257,20.633353877067567,0.41789113177808057,0.0001,0.008,0,0,0,343.6600947740944,0.3066650390625,0.2774011492729187,19.796138989925385,0,0,0,0,0
1851392,452,16.89436668809715,1000.0,0.010431749786948784,0.04568390413187444,22.326429748535155,0.06678398721854648,0.0001,0.008,0.0,0.0,0.0,371.02802745032244,0.1905029296875,0.9513154625892639,6.666791725158691,0.2745658319437432,0.7527974288675757,0.0,0,0.05958262362991958
1855488,453,0,0,0.010324600478634238,0.059501295816153286,21.69751832485199,0.08063583519253932,0.0001,0.008,0,0,0,412.91270004877356,0.2668701171875,0.9084624648094177,6.737389528751374,0,0,0,0,0
1859584,454,-15.348750300169712,1000.0,0.006455881567671895,0.2085600913967937,22.170353531837463,0.05240980413803846,0.0001,0.008,0.1,0.0,0.0,412.00805872795115,0.201953125,0.7647759318351746,5.681351064890623,0.280615256447444,0.6061329437803226,0.0,0,0.0568383065404646
1863680,455,0,0,0.01418242200743407,10.740607643127442,20.303745579719543,0.10554795266364325,0.0001,0.008,0,0,0,328.1374564901795,0.283203125,0.344457745552063,81.74249029755592,0,0,0,0,0
1867776,456,18.30321240274423,1000.0,0.007902284874580801,0.1571060878224671,20.635326075553895,0.06267131979623389,0.0001,0.008,0.0,0.0,0.0,399.1648604551541,0.183984375,0.8428102731704712,6.940531069040299,0.29053835758392293,0.6246686478863452,0.0,0,0.05668261272471313
1871872,457,0,0,0.0015648101863916964,1.3765971470624208,20.424321818351746,0.030519508982288456,0.0001,0.008,0,0,0,359.6469225073677,0.1371337890625,0.47121673822402954,9.803362391889095,0,0,0,0,0
1875968,458,21.745366257936944,1000.0,0.003209800229524262,0.2515551114920527,21.595995259284972,0.06290967288371549,0.0001,0.008,0.0,0.0,0.0,376.20903366667284,0.17001953125,0.7400836944580078,7.006363485753536,0.2914931492007394,0.4019865101501455,0.0,0,0.055790719446843696
1880064,459,0,0,0.0041465573420282455,0.0791871480178088,22.328814768791197,0.030711657815880457,0.0001,0.008,0,0,0,446.8643586753133,0.1231201171875,0.837161660194397,5.096900583058596,0,0,0,0,0
1884160,460,24.11600933121795,1000.0,0.006797900673700496,8.592374312877656,22.135352277755736,0.0495556900627246,0.0001,0.008,0.0,0.0,0.0,187.654467908313,0.196484375,0.5406198501586914,51.545846277475356,0.28668393559656524,0.47379406174251015,0.0,0,0.060005462872239804
1888256,461,0,0,0.00774157319101505,0.13344380147755147,21.477994012832642,0.05431680410323956,0.0001,0.008,0,0,0,375.1465481188725,0.1700439453125,0.8725361227989197,6.966334986686706,0,0,0,0,0
1892352,462,21.383250136074736,1000.0,0.009309419646160676,0.08323328620754182,23.03115665912628,0.05419651318809917,0.0001,0.008,0.0,0.0,0.0,381.77665237993335,0.1945556640625,0.912081241607666,6.5639251954853535,0.28032886310717336,0.6080419452807316,0.0,0,0.057983974137609806
1896448,463,0,0,0.006114142929436639,0.1837040141224861,20.034756970405578,0.04430225021081222,0.0001,0.008,0,0,0,459.3707338826893,0.163134765625,0.8148865699768066,7.464444364607334,0,0,0,0,0
1900544,464,1.1314513530628978,949.8,0.002473989874124527,0.06744682081043721,21.596308016777037,0.028873428827540536,0.0001,0.008,0.1,0.0,0.0,455.5537793949441,0.112353515625,0.9122819304466248,5.283842100948095,0.2925661674604692,0.6404898574452378,0.0,0,0.05725707224885186
1904640,465,0,0,-0.0002671654103323817,0.9861009139567614,20.318926453590393,0.10228499354856388,0.0001,0.008,0,0,0,390.55127832976086,0.3136474609375,0.059807538986206055,11.316190698742867,0,0,0,0,0
1908736,466,18.447335882829773,946.7,0.012824665592052042,0.11293612937442958,22.523938369750976,0.08830224177802933,0.0001,0.008,0.1,0.0,0.0,460.733109839422,0.2760986328125,0.7489728927612305,6.813771681487561,0.2789960686796472,0.6962727895711549,0.0,0,0.058590697269509086
1912832,467,0,0,0.007991399115417153,14.229193699359893,21.57479691505432,0.1605124219291994,0.0001,0.008,0,0,0,307.0227134559501,0.237060546875,0.7949865460395813,122.1985156774521,0,0,0,0,0
1916928,468,16.64085186530949,953.5,0.0036361033096909525,0.09272573683410883,21.981842637062073,0.03769953156882468,0.0001,0.008,0.1,0.0,0.0,379.8758040774959,0.1406982421875,0.8794884085655212,6.038836833834648,0.29581863883825876,0.5299638033335893,0.0,0,0.06997061796243015
1921024,469,0,0,0.005699069111142307,0.09737935471348465,21.326455235481262,0.033587276058125434,0.0001,0.008,0,0,0,424.59873900134454,0.1393798828125,0.8540295958518982,6.762602500617504,0,0,0,0,0
1925120,470,14.536479237252149,1000.0,0.006098910694709048,0.09001105758361519,22.767103838920594,0.0419389853894653,0.0001,0.008,0.0,0.0,0.0,345.1012243834714,0.1404296875,0.9250965714454651,6.453807486593723,0.28001792978262935,0.607534562920361,0.0,0,0.059829481811785115
1929216,471,0,0,-3.493693075142801e-05,0.13146595750004053,20.85795886516571,0.019123336666987754,0.0001,0.008,0,0,0,467.90394659557523,0.07880859375,0.8978270292282104,5.356947268545627,0,0,0,0,0
1933312,472,11.877543910043709,914.7,0.004297116759698838,3.6820961609482765,20.49603021144867,0.052387433779981965,0.0001,0.008,0.1,0.0,0.0,370.6430034980293,0.186962890625,0.3161030411720276,32.271977132558824,0.34743441993971874,0.5978954585216252,0.0,0,0.06130482353677859
1937408,473,0,0,0.007891000434756278,2.9733517929911613,19.52266001701355,0.08403730666655759,0.0001,0.008,0,0,0,482.33285751967003,0.259375,0.5697078108787537,23.896276262402534,0,0,0,0,0
1941504,474,6.498870967173145,1000.0,0.0009613212081603706,0.2243736308068037,20.356417059898376,0.02939912429141809,0.0001,0.008,0.1,0.0,0.0,417.70303072358047,0.1287353515625,0.20090162754058838,5.385721945762635,0.320312288614853,0.547955111052242,0.0,0,0.07707820817902365
1945600,475,0,0,0.021311149437678978,0.03981624555308372,23.061012935638427,0.08102492908658947,0.0001,0.008,0,0,0,359.7459852366913,0.251025390625,0.9482943415641785,9.610910469293595,0,0,0,0,0
1949696,476,-1.934144751174733,915.1,0.0038455000380054117,0.05507011441513896,21.64316236972809,0.042128190008259826,0.0001,0.008,0.1,0.0,0.0,384.2971495872834,0.1526123046875,0.7535023093223572,4.870628722012043,0.34046480692637476,0.5501836119795523,0.0,0,0.06456360236549938
1953792,477,0,0,0.015835172822698952,0.1081738050095737,20.95386552810669,0.0731778414498276,0.0001,0.008,0,0,0,462.2085705421204,0.2587646484375,0.8006389737129211,9.850446877628565,0,0,0,0,0
1957888,478,-2.442155344311935,1000.0,-0.00067614009603858,2.017776303738356,22.773044776916503,0.05971037531858292,0.0001,0.008,0.1,0.0,0.0,361.60691980312015,0.1664794921875,-0.05835306644439697,13.421239668130875,0.2935996913368399,0.5766301654077474,0.0,0,0.053926221597614746
1961984,479,0,0,0.0058873236703220755,0.09220551080070435,22.47616400718689,0.05724234226294513,0.0001,0.008,0,0,0,350.0366009858801,0.202734375,0.7929075956344604,5.1155869796872135,0,0,0,0,0
1966080,480,21.98598465008603,1000.0,0.06319724891218356,28.090277087688445,21.458190321922302,0.21077984283331985,0.0001,0.008,0.0,0.0,0.0,414.3161246455677,0.3830078125,0.18710219860076904,163.24877774119378,0.2825283719507927,0.637781551818248,0.0,0,0.0589056435877066
1970176,481,0,0,-0.0002645824948558584,1.2871822819113732,20.751780557632447,0.020339648368856912,0.0001,0.008,0,0,0,430.1515816140597,0.09365234375,0.6426386833190918,14.595491603016853,0,0,0,0,0
1974272,482,-29.70160271197553,964.2,0.003460859163897112,0.14771395772695542,22.82072126865387,0.04092875090139201,0.0001,0.008,0.2,0.0,0.0,411.26777882492,0.178369140625,0.7792905569076538,5.021496941149235,0.3069531341886437,0.6097550373729443,0.0,0,0.07418868062951377
1978368,483,0,0,0.012102706800214946,0.05072776144370437,23.17588527202606,0.05500184148627598,0.0001,0.008,0,0,0,339.67237428685064,0.16376953125,0.9222185611724854,7.66417887583375,0,0,0,0,0
1982464,484,15.513471834171861,949.8,0.01479987348720897,0.12495247749611735,22.20134723186493,0.0891725961963314,0.0001,0.008,0.1,0.0,0.0,345.16727347321086,0.234130859375,0.9094834923744202,8.66718923598528,0.2851045725113517,0.5288329244443625,0.0,0,0.05789343668253853
1986560,485,0,0,0.05788943289662711,7.245155912637711,25.41099464893341,1.727771774120655,0.0001,0.008,0,0,0,393.8271995502542,0.802392578125,0.3867621421813965,88.50527060925961,0,0,0,0,0
1990656,486,20.80810860219938,1000.0,0.0006451004417613148,11.800689077377319,24.276742625236512,0.006197165640746838,0.0001,0.008,0.0,0.0,0.0,402.4164750840467,0.027587890625,0.6623373031616211,155.5216856479645,0.2746182532355002,0.45910464979103327,0.0,0,0.060606500208615556
1994752,487,0,0,-0.000769698858493939,4.336678910255432,21.835999178886414,0.00919062126016219,0.0001,0.008,0,0,0,445.5935053448025,0.0367431640625,0.37917864322662354,39.586864697933194,0,0,0,0,0
1998848,488,18.723838357184405,1000.0,0.0007184596557635814,4.623974743485451,22.10872538089752,0.012586301226001573,0.0001,0.008,0.0,0.0,0.0,442.28113106202653,0.0537109375,0.5759227275848389,41.53316863775253,0.3063415466418149,0.3415352132989205,0.0,0,0.07021631847978897
2002944,489,0,0,0.00043303066049702463,8.679592555761337,22.05570261478424,0.05127375761406368,0.0001,0.008,0,0,0,495.6601760270601,0.20146484375,0.8117218017578125,36.8716281235218,0,0,0,0,0
