step,episode,ep_reward_mean,ep_len_mean,policy_loss,value_loss,entropy,approx_kl,learning_rate,entropy_coef,collision_rate,offroad_rate,success_rate,fps,clipfrac,explained_variance,grad_norm,avg_speed,lane_deviation,lane_change_count,min_ttc,path_completion
3072,1,0,0,0.014076478109927848,0.01835946860956028,1.8436434119939804,0.05994742958867302,8e-05,0.018,0,0,0,285.15590518225065,0.5068359375,0.043568313121795654,4.268747016787529,0,0,0,0,0
6144,2,7.405230972421752,1000.0,-0.006555889686569572,0.02061465196311474,1.874593726793925,0.014704536592280864,8e-05,0.017973376,0.0,0.0,0.0,321.6474016171461,0.32789713541666665,0.025498151779174805,3.7534564554691316,0.15965896637029156,0.4688869941692391,0.0,0,0.026349220557879104
9216,3,0,0,-0.0039565420399109525,0.015377218214174112,1.8290684907524675,0.014884766562052192,8e-05,0.017946752,0,0,0,285.4763290907557,0.33101851851851855,0.07183557748794556,4.384679315266786,0,0,0,0,0
12288,4,9.625176324214051,1000.0,-0.00395832330340872,0.03321295996775498,1.739226992065842,0.015668662441145762,8e-05,0.017920127999999997,0.0,0.0,0.0,267.0283611769597,0.3188872466216216,0.12262582778930664,3.7029909507648364,0.1867434502741618,0.7974447962908662,0.0,0,0.03376156123755274
15360,5,0,0,-0.004664485203102231,0.0424126489708821,1.7274974644184113,0.011213228261722307,8e-05,0.017893503999999998,0,0,0,254.7056639261565,0.27757161458333335,0.21191251277923584,4.168218115965526,0,0,0,0,0
18432,6,9.051363307077441,834.8,-0.007216694415546954,0.025360097053150336,1.738510944445928,0.010746424295943247,8e-05,0.017866879999999998,0.3,0.0,0.0,299.54851146620456,0.25074869791666665,0.40482211112976074,3.2169202705224356,0.24288102600963818,0.6486591331451598,0.0,0,0.03994583392889732
21504,7,0,0,-0.0033618181633452574,0.05054568713530898,1.7477174917856853,0.011839413576918843,8e-05,0.017840256,0,0,0,263.7271138590155,0.27138671875,0.4848650097846985,3.80252183675766,0,0,0,0,0
24576,8,-12.133261321786872,885.3,-0.0028507764002791156,3.64081988952778,1.8173064434969868,0.01867137421613619,8e-05,0.017813632,0.3,0.0,0.0,293.4066411783883,0.3138744212962963,0.06495249271392822,3.801602663817229,0.2603511834730473,0.7036629448241071,0.0,0,0.03977802483881244
27648,9,0,0,0.002058447835346063,20.313681205113728,1.896260666847229,0.008231730695120431,8e-05,0.017787008,0,0,0,234.59072469823275,0.1599609375,0.06306469440460205,8.235204108556111,0,0,0,0,0
30720,10,-15.871347533180241,887.5,-0.00151086348729829,0.06617453346649806,1.8710914611816407,0.007563508466898185,8e-05,0.017760383999999997,0.3,0.0,0.0,294.7648334754743,0.18424479166666666,0.9431787133216858,4.466451287269592,0.27393521038420177,0.8525019999068852,0.0,0,0.047799915376576095
33792,11,0,0,0.003881737728543738,16.736370771489245,1.9039762045474762,0.013094647188100784,8e-05,0.017733759999999998,0,0,0,273.9867005396335,0.22286402925531915,0.129302978515625,9.60839385681964,0,0,0,0,0
36864,12,-176.1178159341533,953.3,0.0015292279267062744,123.52851765950521,1.9966774841149648,0.004938421105427433,8e-05,0.017707136,0.6,0.0,0.0,298.26948187360773,0.08798828125,0.11685895919799805,49.224055465062456,0.2955366176033536,1.2935426478428629,0.0,0,0.04755320460293403
39936,13,0,0,-8.97139310836792e-05,60.40754686991374,1.9872133751710257,0.003891380393182765,8e-05,0.017680512,0,0,0,302.3943333334663,0.08642578125,0.3095134496688843,31.332379984855653,0,0,0,0,0
43008,14,15.202778711485976,895.1,0.005550869139066587,0.8473723325878382,1.9928381964564323,0.013565727369501937,8e-05,0.017653888,0.2,0.0,0.0,283.65862238297336,0.24348958333333334,0.9044889211654663,11.35920687019825,0.28586483887214464,0.7304221090778374,0.0,0,0.049048009681100666
46080,15,0,0,0.0010794617621035412,0.5881622181884174,2.1416049291347634,0.0076688721491025725,8e-05,0.017627264,0,0,0,276.5341206750008,0.18039466594827586,0.8795743584632874,13.740298172523236,0,0,0,0,0
49152,16,-8.68251160036979,936.6,-0.0005179865751415491,0.4234265511234601,1.9748697479565938,0.011232832759077927,8e-05,0.017600639999999997,0.5,0.0,0.0,255.49529529145653,0.23557942708333332,0.8459492325782776,9.787478824456533,0.3435205908945937,0.8978674182773476,0.0,0,0.07859852357931871
52224,17,0,0,0.0026815579080119215,20.669697514895734,2.1001027986921113,0.011092143793641962,8e-05,0.017574015999999998,0,0,0,280.14656283966804,0.20925377155172414,0.3407307267189026,26.371358961894593,0,0,0,0,0
55296,18,-37.845748007501285,815.4,-0.00011354094992081325,0.46293066690365475,2.099720283349355,0.005843605272583067,8e-05,0.017547392,0.6,0.0,0.0,281.44332680995814,0.13131510416666667,0.9299306869506836,16.321327916781108,0.398227899382899,1.0258920063974086,0.0,0,0.07313726943682608
58368,19,0,0,0.0018879695950696866,25.60531384150187,2.1289456168810528,0.010207363755522609,8e-05,0.017520768,0,0,0,271.2107214108571,0.215625,0.4234854578971863,29.269500748316446,0,0,0,0,0
61440,20,-89.19162345434574,918.1,-0.00026907200614611305,89.20730845133464,1.987018597126007,0.003407689317831566,8e-05,0.017494144,0.6,0.0,0.0,258.40446906562096,0.07952473958333334,-0.39267396926879883,47.06025238831838,0.3908555852825434,1.0346309674408631,0.0,0,0.0814962245700945
64512,21,0,0,-0.0021874183711285394,0.7077921132246653,1.9887070337931314,0.010383682955101134,8e-05,0.01746752,0,0,0,327.38755290233115,0.2283203125,0.7446403503417969,8.431235696872076,0,0,0,0,0
67584,22,-116.30000326880142,748.5,0.005328871733085675,45.22348204526034,2.0717539191246033,0.008848363988698453,8e-05,0.017440895999999997,0.9,0.0,0.0,266.47200698006867,0.15562855113636365,0.18833208084106445,26.25654846971685,0.4474333831988056,1.2048579654696632,0.0,0,0.07796151071835478
70656,23,0,0,0.00037114742832879225,59.002499453226726,2.092779588699341,0.0017833103891504508,8e-05,0.017414271999999998,0,0,0,298.2396985406744,0.0337890625,0.3542238473892212,59.73147541681926,0,0,0,0,0
73728,24,-47.37988386500273,884.7,0.00039232034080972277,34.44646482467651,2.0979333837827046,0.0034883915298787615,8e-05,0.017387648,0.9,0.0,0.0,270.32860098376443,0.08802083333333334,0.4861726760864258,41.09885637760162,0.43484180537285655,1.082617764267842,0.0,0,0.08866571388197224
76800,25,0,0,0.00227638758751082,11.862259790815155,2.1315289612474113,0.011797466270171232,8e-05,0.017361024,0,0,0,282.3727576260127,0.24808054956896552,0.7172384858131409,31.526391354100458,0,0,0,0,0
79872,26,13.93445771630935,698.2,0.0011414167704060674,81.83205248514811,2.1130733648935953,0.004310491016565805,8e-05,0.0173344,0.7,0.0,0.0,295.5038689628857,0.0904296875,0.4793165326118469,89.18344330787659,0.8943742989243564,0.5547735170654005,0.0,0,0.12852027337850452
82944,27,0,0,0.0013031102096041044,78.74713757832845,2.070263357957204,0.008920931968354457,8e-05,0.017307776,0,0,0,288.27154728766624,0.18909505208333333,0.34685200452804565,66.02482756773631,0,0,0,0,0
86016,28,-176.5292351220142,618.4,0.0002537127739439408,91.03428344726562,2.1863779703776043,0.0035773175147696167,8e-05,0.017281151999999998,0.8,0.1,0.0,274.6834867045998,0.080078125,0.3476940989494324,82.36323442459107,0.7434591345720689,0.7785708185973734,0.0,0,0.11526537719613203
89088,29,0,0,0.0007781815094252427,49.5495880762736,2.041148442029953,0.006912079510590291,8e-05,0.017254527999999998,0,0,0,300.0440950115665,0.15670572916666667,0.43157142400741577,49.023355015118916,0,0,0,0,0
92160,30,-33.990820566044206,375.6,0.0010125373179713886,26.357509167989097,2.033237467209498,0.005489043087804888,8e-05,0.017227904,1.0,0.0,0.0,296.01418489639354,0.11399739583333333,0.7255003452301025,43.09388070503871,1.336223420826761,1.0733355016213944,0.0,0,0.11370172574548057
95232,31,0,0,0.0006968716237073144,65.50068868001303,1.9590977768103282,0.0054553480372654195,8e-05,0.01720128,0,0,0,281.2316974392726,0.11028645833333334,0.6443434953689575,69.0174921989441,0,0,0,0,0
98304,32,-51.894188063514356,335.7,-0.0010007633982847134,99.01320877075196,2.00911266207695,0.00237325507890749,8e-05,0.017174656,1.0,0.0,0.0,233.37020655349463,0.0478515625,0.6713052988052368,81.46856546401978,1.8121906052424475,1.2217298425902379,0.0,0,0.11919753070628705
101376,33,0,0,-0.0008615480115016301,55.241435813903806,2.030335001150767,0.0045647601747421124,8e-05,0.017148032,0,0,0,226.53045940146805,0.11643880208333333,0.7910028100013733,92.81615646680196,0,0,0,0,0
104448,34,-7.577755746579695,197.0,-1.9756254429618516e-05,79.68979250590006,1.8950898230075837,0.002934142114587367,8e-05,0.017121407999999998,1.0,0.0,0.0,233.56407236970367,0.05237630208333333,0.7427682280540466,77.60653851826986,2.879156514583533,1.0336343755951907,0.0,0,0.14391027772185944
107520,35,0,0,0.0028914870523220424,47.54529937432737,2.0384987081800188,0.010164657019661962,8e-05,0.017094784,0,0,0,252.38327503924114,0.18283641581632654,0.8462398052215576,65.6237667920638,0,0,0,0,0
110592,36,-3.9154260242117784,173.8,0.005534106940031052,49.511033325195314,1.7387567067146301,0.010001205631128269,8e-05,0.01706816,0.9,0.1,0.0,244.0065750661976,0.1934765625,0.8009577393531799,110.08674628257751,2.6146458314622714,1.1069742830295848,0.0,0,0.12605652922576843
113664,37,0,0,0.008499549061525613,50.1609343290329,1.8903589099645615,0.016144962704862653,8e-05,0.017041536,0,0,0,216.8254587370017,0.27178955078125,0.8006267547607422,57.216232150793076,0,0,0,0,0
116736,38,-25.36167653842738,153.6,-0.001595647990082701,100.37472394307454,1.9132351418336233,0.003170984589575993,8e-05,0.017014912,1.0,0.0,0.0,213.19279292677018,0.071875,0.7752854824066162,92.58329788843791,2.479903636637677,1.2275306047433014,0.0,0,0.10037171952062647
119808,39,0,0,-0.001509219640865922,60.19159723917643,1.824177614847819,0.004550583696984885,8e-05,0.016988287999999997,0,0,0,239.42322233407367,0.10052083333333334,0.8030648827552795,66.00819463729859,0,0,0,0,0
122880,40,-6.620509722614946,102.6,0.00274623585549199,55.05501013287043,1.8098716291330628,0.007378018292220076,8e-05,0.016961663999999998,0.9,0.1,0.0,242.6785826242394,0.1733977754237288,0.838344931602478,99.93046485771568,2.8791057171288097,0.7551570321495531,0.0,0,0.08969803004780846
125952,41,0,0,0.0011289617667595544,110.61551005045573,1.6610715627670287,0.0045118003257848,8e-05,0.01693504,0,0,0,209.65895652797047,0.10244140625,-0.1038365364074707,59.502138980229695,0,0,0,0,0
129024,42,8.537923906108805,153.9,0.0010847607084239522,92.24430503845215,1.7060025413831075,0.0034185813582284746,8e-05,0.016908416,1.0,0.0,0.0,220.44440952741132,0.06800130208333334,-0.25371038913726807,37.972159584363304,3.487524553903156,0.866386485205356,0.0,0,0.1472887713723757
132096,43,0,0,0.016341919349016326,86.2811144778603,1.6640339399638928,0.0265713419250611,8e-05,0.016881792,0,0,0,211.8458646089922,0.3489925986842105,-0.00522458553314209,9.14236539288571,0,0,0,0,0
135168,44,12.65902845375992,98.9,0.009061169859610106,119.29516481098376,1.6702153714079606,0.016412776910191045,8e-05,0.016855168,0.9,0.1,0.0,209.8388628506852,0.3039679276315789,0.0014087557792663574,31.591732527080335,4.403110134660331,0.7022448441604767,0.0,0,0.15527588283861685
138240,45,0,0,-0.0006303966278210282,104.77162768046061,1.675754568974177,0.004239388018810685,8e-05,0.016828543999999997,0,0,0,216.99240988957385,0.10009765625,0.02411508560180664,31.03889017899831,0,0,0,0,0
141312,46,1.5465789224616975,64.0,0.010447956848184805,87.81466427364865,1.6261210570464264,0.018796691844070332,8e-05,0.016801919999999998,1.0,0.0,0.0,221.98171290904554,0.21062077702702703,0.10725712776184082,22.13573543445484,3.625037049378901,0.3941324522654093,0.0,0,0.07388523144660132
144384,47,0,0,0.03305045573506504,113.08120028177898,1.5541062951087952,0.05826469014089947,8e-05,0.016775296,0,0,0,221.69373007676958,0.6005859375,-0.017464160919189453,56.73590501149496,0,0,0,0,0
147456,48,32.95633707503449,112.4,0.003013914419958989,86.22734514872234,1.7256503800551097,0.006542465022846217,8e-05,0.016748672,0.9,0.1,0.0,208.68960471992912,0.15263671875,0.38269925117492676,27.152966276804605,4.243660157874294,0.6732551266487866,0.0,0,0.1532753541094293
150528,49,0,0,0.002215073692301909,84.25412394205729,1.7581543803215027,0.0056486957793857396,8e-05,0.016722048,0,0,0,226.49677915963449,0.1275390625,0.2802649736404419,26.580504488945007,0,0,0,0,0
153600,50,36.23282749592515,134.4,-0.001083405688405037,63.42134482065837,1.726876618464788,0.001915034615379618,8e-05,0.016695424,0.9,0.1,0.0,211.31774448693884,0.03961588541666667,0.508669376373291,34.66544186274211,5.33060773975798,0.7136151940720759,0.0,0,0.20510134502623106
156672,51,0,0,0.0031639081612229347,84.70298645019531,1.7171029353141785,0.007002438765488113,8e-05,0.016668799999999998,0,0,0,202.6024843106099,0.1498828125,0.4737641215324402,38.321305408477784,0,0,0,0,0
159744,52,28.661478205798552,103.3,-0.000521026582767566,48.98369731903076,1.7345663328965506,0.005195721864586975,8e-05,0.016642175999999998,0.9,0.1,0.0,208.5877566942003,0.11735026041666667,0.6759549975395203,53.39777083396912,5.386442094392988,0.9717359254943526,0.0,0,0.16173694865520488
162816,53,0,0,0.002211250349258383,69.228014310201,1.6976649502913157,0.007895577839617616,8e-05,0.016615552,0,0,0,229.27096878246917,0.1787109375,0.6222481727600098,40.66068533261617,0,0,0,0,0
165888,54,18.739277419296474,116.1,0.030925687169656157,104.04815673828125,1.7718688920140266,0.05982285604114901,8e-05,0.016588928,1.0,0.0,0.0,206.53956675828,0.556640625,0.46789270639419556,94.41322708129883,5.609010656654762,1.0967448181714639,0.0,0,0.17776127031809358
168960,55,0,0,0.005579666712799588,25.855677114950645,1.7269541927286096,0.015452921407843306,8e-05,0.016562304,0,0,0,221.80140933189412,0.28995988175675674,0.8482671976089478,66.94871694977219,0,0,0,0,0
172032,56,24.904514291934976,99.9,0.009836403466761113,40.56845607757568,1.8767205119132995,0.031345001031885686,8e-05,0.016535679999999997,0.9,0.1,0.0,216.53992228300325,0.42392578125,0.7723363637924194,58.68587250709534,4.285448049864906,0.5735188224246511,0.0,0,0.12142646244212832
175104,57,0,0,0.0013524952887867888,122.61051470438639,1.8345232327779135,0.005626865674279535,8e-05,0.016509055999999998,0,0,0,225.85568779154733,0.12939453125,0.1594911813735962,41.736361114184064,0,0,0,0,0
178176,58,17.189419679115026,89.9,0.001565432439868649,89.12972679138184,1.839039425055186,0.0070999609621779465,8e-05,0.016482431999999998,0.8,0.2,0.0,244.2597921813902,0.16578776041666668,0.31879061460494995,21.08500116666158,3.98143262277508,0.5445077008412953,0.0,0,0.11317408983374092
181248,59,0,0,0.002897668571677059,83.63155133383614,1.8073263934680395,0.0086714041993121,8e-05,0.016455808,0,0,0,229.4784078675735,0.18589564732142858,0.3614184260368347,20.79549946103777,0,0,0,0,0
184320,60,51.99633990285555,132.3,0.003175537061781205,75.06948813076677,1.746848094052282,0.006752902460249588,8e-05,0.016429184,0.8,0.2,0.0,234.7318971141766,0.13961476293103448,0.4535329341888428,44.11104287772343,5.835049677723862,0.5671502306714145,0.0,0,0.257262159200713
187392,61,0,0,-0.00025056682837506133,67.14916286468505,1.7144304434458415,0.0035630068775740218,8e-05,0.01640256,0,0,0,227.2090786985238,0.07552083333333333,0.5803804397583008,49.450621366500854,0,0,0,0,0
190464,62,22.548114485581625,97.8,0.00030494990448156993,70.13144823710124,1.7177396555741629,0.005043685121930669,8e-05,0.016375936,0.9,0.1,0.0,231.98962493446714,0.12080078125,0.51984041929245,58.689313872655234,5.236367893180944,0.7744871140807272,0.0,0,0.15947247841898962
193536,63,0,0,-0.0006699404135967294,87.39706497192383,1.7175632258256277,0.0029772387943647178,8e-05,0.016349311999999998,0,0,0,220.07293031618136,0.05888671875,0.45574843883514404,66.7911421140035,0,0,0,0,0
196608,64,81.4353970421004,151.2,-0.0014400741706291835,98.74923248291016,1.7126674314339956,0.002776015996645041,8e-05,0.016322688,0.7,0.3,0.0,216.08324425107284,0.05693359375,0.5226871371269226,76.21727282206217,6.476327543202774,0.6089691279747245,0.0,0,0.268262276315011
199680,65,0,0,-0.0012008865208675463,55.07954247792562,1.769292430082957,0.0027466811622061343,8e-05,0.016296064,0,0,0,218.28121349828777,0.0591796875,0.6591899394989014,50.8722060362498,0,0,0,0,0
202752,66,56.98152174565748,136.0,-7.394873537123204e-05,91.77479057312011,1.7572490175565083,0.004818698786163622,8e-05,0.01626944,0.9,0.1,0.0,222.6173539816,0.11383463541666666,0.543715238571167,67.69904108047486,6.123224479407253,0.670946546694188,0.0,0,0.23299014517226935
205824,67,0,0,0.00035635846822212137,105.8978717803955,1.758830628792445,0.0038479942624751813,8e-05,0.016242816,0,0,0,226.12494044760865,0.08968098958333333,0.48147422075271606,80.80594472885132,0,0,0,0,0
208896,68,61.29171503388106,133.6,-0.0002872580739979943,83.97114982604981,1.8230335295200348,0.009154886201339285,8e-05,0.016216191999999997,0.9,0.1,0.0,215.9532761040224,0.20384114583333332,0.57452392578125,68.47154715855916,5.37413041382916,0.5302659716261281,0.0,0,0.22508535905265745
211968,69,0,0,0.0017747694393619895,76.12152048746745,1.7952453513940176,0.004715842343773552,8e-05,0.016189567999999998,0,0,0,218.86513035594314,0.10270182291666667,0.5656203031539917,61.5690826733907,0,0,0,0,0
215040,70,93.5295802209824,187.0,-0.0017251921895270546,68.69026082356771,1.814506725470225,0.0037294968826881805,8e-05,0.016162944,0.9,0.0,0.1,225.16801861417107,0.08603515625,0.5278756618499756,80.83026059468587,6.416191076727841,0.6757252907097724,0.0,0,0.3371156316138548
218112,71,0,0,0.0017907323859011133,89.5703685760498,1.8173694610595703,0.005208027249321763,8e-05,0.01613632,0,0,0,232.25867536920802,0.10732421875,0.5342764258384705,91.84048372904459,0,0,0,0,0
221184,72,79.2554860950026,179.9,-0.0020508081807444492,87.90347353617351,1.7880201876163482,0.004990720884723078,8e-05,0.016109696,0.9,0.1,0.0,239.07110876847884,0.10367838541666667,0.5672922134399414,84.0633874575297,5.966183911585455,0.6969643382830618,0.0,0,0.3127878164756178
224256,73,0,0,0.0011913021483148138,94.21225433349609,1.8887174208958943,0.00444036911613093,8e-05,0.016083072,0,0,0,207.50911868201186,0.10963541666666667,0.4867972135543823,97.4211551030477,0,0,0,0,0
227328,74,50.272682826508216,173.4,-0.0007177448365837336,60.11596622467041,1.863791044553121,0.003093470075209979,8e-05,0.016056447999999997,0.7,0.3,0.0,241.50398785442175,0.07242838541666667,0.652274489402771,93.31691171328227,6.381188502822232,0.9578323612871895,0.0,0,0.2546892613473769
230400,75,0,0,-0.0023888156206036608,54.7236442565918,1.930503898859024,0.005537111656549108,8e-05,0.016029823999999998,0,0,0,250.52488401834475,0.13362630208333334,0.6878497004508972,105.48448767662049,0,0,0,0,0
233472,76,107.85115978463314,304.4,-0.0016407310807456572,58.01156660715739,1.9367901186148326,0.005135153226247875,8e-05,0.0160032,0.8,0.1,0.1,231.05367226699485,0.0982421875,0.6684763431549072,77.69482339223227,5.514367331320981,0.6223720263306454,0.0,0,0.4647343304615303
236544,77,0,0,-5.194755891958873e-05,57.83212833404541,1.9570822894573212,0.00464302658123095,8e-05,0.015976576,0,0,0,249.70229074381734,0.09244791666666667,0.7181365489959717,64.95619373321533,0,0,0,0,0
239616,78,106.27086263813126,216.8,0.00012228195555508137,77.30751482645671,1.91678533355395,0.0038891142447663373,8e-05,0.015949952,0.8,0.1,0.1,216.40969150609763,0.087109375,0.6406699419021606,95.09711097081502,6.408812115818907,0.7363498567984965,0.0,0,0.3794453501664117
242688,79,0,0,0.027464187378063797,70.62149543762207,1.9952601373195649,0.04655373218994159,8e-05,0.015923328,0,0,0,229.9434864384331,0.42353515625,0.6193965673446655,173.76198968887329,0,0,0,0,0
245760,80,-14.001204671665118,169.6,0.006208898828310125,29.569858999813306,2.3814966678619385,0.017157352195634273,8e-05,0.015896703999999998,1.0,0.0,0.0,248.050562580457,0.29532398897058826,0.7970481514930725,106.40779234381283,2.462081455955226,1.3641557294351574,0.0,0,0.09315577966953159
248832,81,0,0,0.014900763255908438,75.61231994628906,2.4387683350106943,0.02332643980323048,8e-05,0.015870079999999998,0,0,0,267.8488614133202,0.3507133152173913,0.6295880675315857,240.8923516480819,0,0,0,0,0
251904,82,81.75504748517231,607.4,0.008066976144909858,21.71241310119629,2.404595422744751,0.020707062510780784,8e-05,0.015843456,0.9,0.0,0.0,238.67353276157698,0.322578125,0.6915519833564758,89.41627132415772,2.4709520807120122,1.3860646604422227,0.0,0,0.4030028946173111
254976,83,0,0,-0.0029350629076361654,35.43398660024007,2.395894916852315,0.007398832729088637,8e-05,0.015816832,0,0,0,230.47143327313782,0.1828125,0.6406184434890747,53.70678776899974,0,0,0,0,0
258048,84,107.24848901884027,405.4,0.0004945757876460751,58.93814303080241,2.4096338033676146,0.006507458140067038,8e-05,0.015790208,0.6,0.3,0.0,230.37977457225517,0.12464192708333334,0.5305073857307434,85.68483943939209,3.4273510244588765,0.7001076185611802,0.0,0,0.3543807347994964
261120,85,0,0,-0.00043480399375160536,35.300442123413085,2.4949246128400167,0.003620524930741163,8e-05,0.015763584,0,0,0,263.8613426653381,0.07122395833333334,0.7427891492843628,79.10711399714152,0,0,0,0,0
264192,86,104.01384207186766,588.2,-0.00023991249977274145,33.071891541176655,2.4682139437249364,0.009958395791401299,8e-05,0.015736959999999998,0.9,0.0,0.0,254.1888990039152,0.17740192819148937,0.5272732973098755,67.69260658101832,3.2107310870188273,0.5964215270392875,0.0,0,0.49541022807338714
267264,87,0,0,0.008685441732051827,33.7312396367391,2.4590867587498257,0.011169188978140034,8e-05,0.015710336,0,0,0,299.5167802851603,0.1812686011904762,0.6474056243896484,83.61550608135406,0,0,0,0,0
270336,88,128.12969956437553,432.6,0.010424773426105578,31.318522008260093,2.419608743985494,0.021767940314027,8e-05,0.015683712,0.8,0.2,0.0,235.61604112554338,0.38528645833333336,0.6382461786270142,78.88870089848837,4.172517711841051,0.621916471288177,0.0,0,0.449681242408022
273408,89,0,0,0.002063297200948,39.45743907292684,2.4833789229393006,0.0063916226844131915,8e-05,0.015657088,0,0,0,271.1434903118441,0.14342447916666667,0.6518062353134155,56.027670001983644,0,0,0,0,0
276480,90,174.62292024085474,508.9,-0.00029703373244653147,27.726440747578938,2.4104077855745953,0.006666544277204744,8e-05,0.015630464,0.8,0.1,0.1,240.9206963055666,0.14563802083333333,0.6729680299758911,60.959853665033975,4.054367598299672,0.5959072970166324,0.0,0,0.627107596731489
279552,91,0,0,0.0042136905016377565,54.5901424407959,2.3951950867970786,0.009907968676031843,8e-05,0.015603839999999999,0,0,0,255.12769259035227,0.17477213541666667,0.5472775101661682,107.16158798535665,0,0,0,0,0
282624,92,160.97947098869312,454.8,0.002726258457464687,39.92378758575957,2.3893501960625083,0.006621002498573203,8e-05,0.015577216,0.7,0.3,0.0,248.51560006115633,0.1389367055084746,0.72746741771698,68.86834467871715,4.1115324574568834,0.5871295174489765,0.0,0,0.4373208678821124
285696,93,0,0,0.0178495762973196,35.3542177412245,2.498248709572686,0.041594080756327666,8e-05,0.015550591999999998,0,0,0,263.7008230905198,0.4761284722222222,0.7079712748527527,108.0623705122206,0,0,0,0,0
288768,94,87.18825162966364,575.9,0.023777328431606293,106.00838406880696,2.5538134972254434,0.09604465961458086,8e-05,0.015523967999999999,0.5,0.1,0.1,256.9599511355573,0.6935221354166666,0.5682898759841919,267.6140076319377,2.9637764568952223,0.46238832139010233,0.0,0,0.4711470762463528
291840,95,0,0,0.03483275148798438,41.499015134923596,2.682529182995067,0.06318665135597994,8e-05,0.015497344,0,0,0,297.98261086511843,0.5418198529411765,0.6430308818817139,168.95437049865723,0,0,0,0,0
294912,96,172.1306713224799,707.0,0.00038468740212748635,15.32500193254003,2.74270380218074,0.013495405321012377,8e-05,0.01547072,0.5,0.1,0.1,304.73691751613467,0.26927329009433965,0.8129605054855347,49.06185394862913,2.981091951789586,0.6946219609192549,0.0,0,0.5800002096471661
297984,97,0,0,-0.0005527659912001003,37.633692758733574,2.685517727244984,0.007102325742813171,8e-05,0.015444096,0,0,0,239.25859330659472,0.15060369318181818,0.46301621198654175,100.14218803752553,0,0,0,0,0
301056,98,167.30445137562168,600.1,-9.586399731536706e-05,19.308082358042398,2.742570479710897,0.00591037553167868,8e-05,0.015417471999999998,0.8,0.0,0.1,274.7273358509793,0.11845703125,0.73794025182724,45.59190292358399,3.4479337773395793,0.7210626175397443,0.0,0,0.5691287787858499
304128,99,0,0,-0.0005935390285837154,22.027439816792807,2.686758903662364,0.004800033451953254,8e-05,0.015390847999999999,0,0,0,246.07358555740063,0.10231119791666667,0.7533484697341919,45.0221066792806,0,0,0,0,0
307200,100,113.64594395311069,578.2,0.00011751474812626839,27.856640116373697,2.667961263656616,0.005081874895165315,8e-05,0.015364224,0.7,0.0,0.1,249.37536439853417,0.08717447916666667,0.5850339531898499,50.1729393641154,2.51217979675091,0.9004100799455724,0.0,0,0.47543539168746973
310272,101,0,0,0.024682279252870518,14.247331749309193,2.7616289637305518,0.030246516605003958,8e-05,0.0153376,0,0,0,287.0114019795139,0.4013671875,0.810814619064331,42.9993200302124,0,0,0,0,0
313344,102,196.2002072040667,614.6,0.0041026695555931815,33.187915338052285,2.708985386668025,0.012395161263824738,8e-05,0.015310975999999999,0.7,0.0,0.2,254.70866479811679,0.21933065878378377,0.646550178527832,73.53574706412651,3.720251044336532,0.5547927170799214,0.0,0,0.557601634262859
316416,103,0,0,0.003738548438478675,35.303659756978355,2.6441559261745877,0.013264849390710272,8e-05,0.015284352,0,0,0,262.32463104528256,0.2448459201388889,0.6804249882698059,96.22028756141663,0,0,0,0,0
319488,104,252.2443989712104,515.1,0.004310418255627156,13.350013732910156,2.6501560688018797,0.032134288158276264,8e-05,0.015257727999999998,0.3,0.2,0.5,257.52909352406635,0.36578125,0.7867703437805176,62.212450141906736,5.099635277729666,0.6768867394596175,0.0,0,0.7327101277987788
322560,105,0,0,0.0028513389462161633,33.481987135750906,2.429971002397083,0.012331047655957923,8e-05,0.015231103999999999,0,0,0,260.10435155168415,0.24009486607142858,0.6287364959716797,98.14138258071173,0,0,0,0,0
325632,106,225.0321125506096,412.6,0.03604138309934309,61.41443089076451,2.3680672304970876,0.11674492180881033,8e-05,0.01520448,0.6,0.2,0.2,249.8639872045394,0.62890625,0.5769952535629272,192.6602952139718,5.684733114037586,0.5536537273326736,0.0,0,0.6137673368017094
328704,107,0,0,0.0018450906500220299,42.069688097635904,2.355258806546529,0.009005654474219924,8e-05,0.015177856,0,0,0,245.06156090282622,0.20621744791666666,0.5418514013290405,74.5290091196696,0,0,0,0,0
331776,108,191.5822878263104,359.2,0.0006835516076534986,54.764829788208004,2.4197966861724853,0.009358536754739483,8e-05,0.015151231999999999,0.5,0.3,0.2,207.5213273554925,0.201875,0.6161907911300659,94.40423610687256,5.815096490152587,0.592922063452695,0.0,0,0.5734654049568165
334848,109,0,0,-0.0017557822329063828,36.44241347679725,2.3986885960285482,0.006966283314309398,8e-05,0.015124608,0,0,0,232.2272967612237,0.14888822115384615,0.8370922207832336,98.66321064875676,0,0,0,0,0
337920,110,129.8558463009208,311.5,0.0012118256396868013,46.77963603626598,2.4101356159556997,0.00863681929504041,8e-05,0.015097983999999998,0.6,0.3,0.1,231.4908228146588,0.17780539772727272,0.669455349445343,66.14770511280406,5.295475288291198,0.6143678425037253,0.0,0,0.40164707582038844
340992,111,0,0,-0.0005063890013843775,59.060638745625816,2.4642038027445476,0.0045135305578421474,8e-05,0.015071359999999999,0,0,0,230.60468943799572,0.11539713541666667,0.6486320495605469,86.53247270584106,0,0,0,0,0
344064,112,266.17177716617743,512.0,0.006571997078540532,37.92398933742357,2.4558688920477163,0.010828299674403885,8e-05,0.015044736,0.4,0.3,0.3,237.90274070475434,0.22940726902173914,0.7198905944824219,99.53168935361116,5.598370182874933,0.4114581913285237,0.0,0,0.6986727904992922
347136,113,0,0,0.06736140232533216,180.16234412560095,2.5253049226907582,0.07998537558776676,8e-05,0.015018112,0,0,0,232.59801811982143,0.6509915865384616,0.4582495093345642,879.0955728384165,0,0,0,0,0
350208,114,97.03722550140263,407.1,-0.0015314824103067318,96.6234666188558,2.5300281922022503,0.005179762489087882,8e-05,0.014991487999999999,0.9,0.0,0.1,236.973775824338,0.12252604166666667,0.5044077634811401,153.70434974034626,4.596129584945349,0.3807200741349904,0.0,0,0.4680187162836743
353280,115,0,0,0.014776595017832258,87.62617094620414,2.4155019055242124,0.027694221160827582,8e-05,0.014964864,0,0,0,254.47733695664948,0.3708389945652174,0.5126465559005737,153.72576970639437,0,0,0,0,0
356352,116,0.016824906180745103,97.0,0.0010516047023418473,198.22830125762195,2.297645406025212,0.011529321707051437,8e-05,0.014938239999999998,0.9,0.1,0.0,266.13831089227403,0.2404249237804878,0.4602621793746948,578.7276209389291,3.9310120164082383,0.5046600710486018,0.0,0,0.12770286883522503
359424,117,0,0,-0.004400584505250057,136.49792455037434,2.3712143143018087,0.006145491756374971,8e-05,0.014911615999999999,0,0,0,253.84259019365805,0.16442057291666667,0.4902181029319763,117.84281838734945,0,0,0,0,0
362496,118,237.36480163529842,395.8,0.01400416709172229,114.7245044708252,2.3745979335572986,0.023336440609363664,8e-05,0.014884992,0.6,0.1,0.3,238.12200399903864,0.3201497395833333,0.406812846660614,175.73050128089056,5.724235553645484,0.45203164046247873,0.0,0,0.6711820975165972
365568,119,0,0,-0.0013633411610499025,44.93460578918457,2.391512966156006,0.007450683524078776,8e-05,0.014858368,0,0,0,264.6299831196208,0.1625,0.5506941080093384,165.5915962855021,0,0,0,0,0
368640,120,254.8316596734607,492.0,-0.0012241973696897428,67.9623639424642,2.4634875496228537,0.007206480416550631,8e-05,0.014831744,0.6,0.0,0.4,209.8865150853681,0.12347005208333334,0.5512937307357788,161.3037603378296,5.983624658940142,0.40515006977238777,0.0,0,0.8167328906853083
371712,121,0,0,0.006461208996673425,82.82498931884766,2.4156809714105396,0.018663014123582997,8e-05,0.01480512,0,0,0,253.24905460336876,0.2712673611111111,0.47785502672195435,132.18256865607367,0,0,0,0,0
374784,122,332.47797018914315,552.8,0.0028101017949386286,47.34738107827994,2.4455741827304545,0.009351271105589263,8e-05,0.014778495999999999,0.4,0.1,0.5,252.19610237106266,0.20481520432692307,0.7825319766998291,91.65525227326613,5.650199677340424,0.5784370407436039,0.0,0,0.8660800024196981
377856,123,0,0,0.011926998031904569,64.82638054925042,2.4479136853604704,0.024482586395907103,8e-05,0.014751872,0,0,0,271.7364423677731,0.2922825168918919,0.5936154127120972,129.01254586915712,0,0,0,0,0
380928,124,216.67626448170228,300.8,0.05369987911902941,78.79895430344801,2.4047032319582424,0.10356021772785563,8e-05,0.014725248,0.7,0.1,0.2,234.3413736528451,0.6266526442307693,0.5220848321914673,182.90981996976413,6.5178860026873595,0.4178417428110456,0.0,0,0.6203976463191594
384000,125,0,0,0.0600890781945334,79.7063228900616,2.315153030248789,0.11367776502785362,8e-05,0.014698623999999999,0,0,0,255.5974763559128,0.6385216346153846,0.33802419900894165,223.60326737623947,0,0,0,0,0
387072,126,220.05710839994035,381.3,-0.0032066061143197267,132.2527859257717,2.4403558665630865,0.006522368598052703,8e-05,0.014672,0.4,0.3,0.3,228.00666750720987,0.1505438112745098,0.36800920963287354,429.7529914706361,6.728161055563807,0.4033589817834131,0.0,0,0.7013567715718036
390144,127,0,0,0.0032945380508139425,99.16170999955158,2.4167766035819542,0.009092563266721669,8e-05,0.014645376,0,0,0,231.9882757976123,0.1716358418367347,0.5202523469924927,149.32608795166016,0,0,0,0,0
393216,128,150.5923874130157,246.4,0.005644493614849837,103.00212478637695,2.2992587348689204,0.012664550206750329,8e-05,0.014618751999999999,0.8,0.1,0.1,221.76008989845582,0.2496603260869565,0.4845348000526428,156.35156100729236,7.401638796868153,0.49788754132204216,0.0,0,0.4752350244553038
396288,129,0,0,0.0005436107671509187,122.13855425516765,2.3489670793215436,0.005847226094438307,8e-05,0.014592128,0,0,0,234.98154469891824,0.14329427083333332,0.4268057346343994,139.53583196004232,0,0,0,0,0
399360,130,228.8817593092152,317.2,0.03184737518636717,106.35428661770291,2.303881976339552,0.058688377858048285,8e-05,0.014565504,0.6,0.1,0.3,243.4158788272763,0.5171440972222222,0.5172357559204102,153.57313325670032,6.887413078805418,0.4947823768443377,0.0,0,0.6215719237924194
402432,131,0,0,0.04549463725249682,110.5064582824707,2.4355311393737793,0.08934507266220328,8e-05,0.01453888,0,0,0,205.84801140679855,0.6089564732142857,0.5264527797698975,277.05647986275807,0,0,0,0,0
405504,132,180.5897744491538,288.5,0.004643901489040953,99.64463578893783,2.4164782990800573,0.008281157505605265,8e-05,0.014512256,0.8,0.1,0.1,239.44551333578573,0.15155418882978725,0.49269384145736694,195.9918315968615,7.070674422607498,0.3537559135873522,0.0,0,0.5498293220467533
408576,133,0,0,0.02413580467691645,79.5810317993164,2.427694007754326,0.05824429672796175,8e-05,0.014485632,0,0,0,249.0326334963754,0.5238037109375,0.4414251446723938,102.99609017372131,0,0,0,0,0
411648,134,10.460730731619387,105.5,0.030664840958228235,160.04289325914885,2.394357543242605,0.037608606483502525,8e-05,0.014459007999999999,1.0,0.0,0.0,241.3966341015725,0.45785361842105265,0.49504709243774414,594.6069849917764,3.652534691252903,0.3923924431908173,0.0,0,0.11353349505545807
414720,135,0,0,-0.0009790662785663323,230.31298828125,2.3031437467126286,0.012021465090057982,8e-05,0.014432384,0,0,0,249.64854967135267,0.22570082720588236,0.5804257392883301,797.5727895848892,0,0,0,0,0
417792,136,16.592928546236898,102.9,-0.0047955117654055355,149.86128679911295,2.31689084370931,0.008502856317988685,8e-05,0.01440576,0.9,0.1,0.0,235.47551628103093,0.19638671875,0.5342273712158203,312.67320283253986,4.6238307228018,0.49885923085257183,0.0,0,0.15773780740183743
420864,137,0,0,0.008431107426683107,138.19337047230113,2.3699228330091997,0.01937217584275612,8e-05,0.014379135999999999,0,0,0,241.09733387729247,0.3470052083333333,0.4047456383705139,291.06595796527284,0,0,0,0,0
423936,138,156.02909584446252,302.3,0.039464769556241876,55.292238123276654,2.4513658355264103,0.06958211418790144,8e-05,0.014352512,0.8,0.2,0.0,265.57581857799545,0.48196231617647056,0.5209858417510986,438.99207934211285,5.640245447413705,0.47577123156205914,0.0,0,0.4732105534559626
427008,139,0,0,-0.0008176505255202452,93.68717562357584,2.3936227401097616,0.007823694808761458,8e-05,0.014325887999999998,0,0,0,232.77342731537934,0.18880208333333334,0.5584295988082886,203.71110642751057,0,0,0,0,0
430080,140,210.59487192375371,340.6,-0.0019785977822418016,77.96112848917643,2.395564643541972,0.0071124287171834,8e-05,0.014299263999999999,0.5,0.1,0.4,245.70706140583724,0.17145182291666666,0.4176639914512634,170.4742246945699,6.504718318620033,0.44563094188596314,0.0,0,0.6899516546442415
433152,141,0,0,0.018360590940574184,67.48638248443604,2.4116235971450806,0.05448486213574008,8e-05,0.01427264,0,0,0,237.2980860700064,0.5582275390625,0.5237115621566772,217.4298231601715,0,0,0,0,0
436224,142,271.63084384860656,389.1,0.006306048116779753,47.717474051884246,2.5132741885525838,0.014616652597659421,8e-05,0.014246016,0.5,0.1,0.4,229.35188753501714,0.28487723214285715,0.6218848824501038,157.37955110413688,6.543316805045761,0.5129555244107367,0.0,0,0.7002608689105336
439296,143,0,0,0.008270698577858681,61.30609494586324,2.4487216860749,0.015211940575178447,8e-05,0.014219391999999999,0,0,0,219.12055017788268,0.2714389534883721,0.6632819175720215,151.52275883874228,0,0,0,0,0
442368,144,292.8379769034748,560.7,0.004251737059254585,61.644413849403115,2.4511908868263506,0.01020704161733384,8e-05,0.014192768,0.4,0.1,0.5,241.6930287208911,0.20696390086206898,0.4696859121322632,109.0909532020832,5.519755372624465,0.35839386569083037,0.0,0,0.7342838424750827
445440,145,0,0,0.008224473088322318,84.3916576609892,2.4458118396646835,0.02095335773330025,8e-05,0.014166143999999999,0,0,0,220.2864543776355,0.35920266544117646,0.5376551151275635,163.16349377351648,0,0,0,0,0
448512,146,195.8448237574879,299.9,-0.0029432603662523133,100.80767440795898,2.413001803557078,0.004288358391692835,8e-05,0.01413952,0.8,0.2,0.0,260.90714872604354,0.091796875,0.5895015001296997,123.62759443918864,5.699974844973526,0.3521138904352255,0.0,0,0.4509436985797911
451584,147,0,0,0.0015874951739202846,54.93778963955966,2.4584747617894953,0.008413263794504706,8e-05,0.014112896,0,0,0,256.87498974286467,0.15411931818181818,0.7889409065246582,169.62674848383122,0,0,0,0,0
454656,148,162.60693283943138,221.3,-0.0013908220928881253,77.94512276900441,2.4473891676517954,0.006151178326326411,8e-05,0.014086272,0.9,0.0,0.1,217.91938605831973,0.12421189692982457,0.7232379913330078,150.18793333622446,7.212852720567286,0.48891980438107224,0.0,0,0.4976483460368262
457728,149,0,0,-0.0007447395240887999,91.08443463643393,2.32895192305247,0.004331230356671987,8e-05,0.014059648,0,0,0,217.30943985059116,0.09791666666666667,0.6535360813140869,170.93748073577882,0,0,0,0,0
460800,150,235.81586217721406,307.2,0.0037741098129613834,100.61776927601207,2.3639130375602027,0.007604155205300174,8e-05,0.014033023999999998,0.7,0.1,0.2,233.23849414071842,0.16676136363636362,0.6595383882522583,161.79054128473456,7.182447597374906,0.3647296517255148,0.0,0,0.6042231553174944
463872,151,0,0,0.013902440006213804,84.5723126319147,2.4733972472529255,0.021349082633321005,8e-05,0.014006399999999999,0,0,0,222.27747716851357,0.28786542338709675,0.5235242247581482,142.5195193752166,0,0,0,0,0
466944,152,221.24760663949127,284.1,0.002884261072704605,87.68341109331917,2.3889987188227035,0.008130488973160214,8e-05,0.013979776,0.8,0.0,0.2,217.9329168113362,0.1723345588235294,0.5594885349273682,133.8588523864746,7.207985212980295,0.4799973737363904,0.0,0,0.6084834857281138
470016,153,0,0,0.001345852342415221,81.48338909538425,2.3764415030576744,0.011097330250782323,8e-05,0.013953152,0,0,0,240.68224133901114,0.19559151785714285,0.537429928779602,106.80581376990493,0,0,0,0,0
473088,154,291.2224126063801,389.0,0.018708569337488025,114.45055739944046,2.401533094612328,0.01654499355150606,8e-05,0.013926528,0.3,0.2,0.5,234.24854073955836,0.28330869932432434,0.46208304166793823,126.84682846069336,7.251385958880979,0.37777904670248824,0.0,0,0.7407540358503291
476160,155,0,0,0.0009155275643263993,86.88246064437062,2.34578223604905,0.014033123519964937,8e-05,0.013899904,0,0,0,201.94176657244162,0.2513363486842105,0.6707295179367065,133.18474568818746,0,0,0,0,0
479232,156,282.5203477783884,404.2,0.018537361832226023,83.8048656688017,2.3889898272121655,0.049164884559394995,8e-05,0.013873279999999998,0.3,0.2,0.5,219.23515474470088,0.5155101102941176,0.5179681181907654,123.32036747651942,6.454327250352009,0.5076173879548402,0.0,0,0.7400073956146187
482304,157,0,0,0.005227024909918723,77.95394507698391,2.403300617052161,0.010407799492348177,8e-05,0.013846655999999999,0,0,0,227.92072798346393,0.17111073369565216,0.6448644399642944,176.28248645948327,0,0,0,0,0
485376,158,317.0889868921878,517.8,0.004589843004941941,91.15591769748264,2.5138159381018745,0.01477125159258186,8e-05,0.013820032,0.3,0.1,0.6,241.5783367172057,0.25811631944444446,0.3839530348777771,142.83830952114528,5.844931508227442,0.38842554301339954,0.0,0,0.8033834356596763
488448,159,0,0,-0.0008620611778548304,61.648791906968604,2.414447217617395,0.007822600024198156,8e-05,0.013793408,0,0,0,257.1237569912352,0.1697376179245283,0.6726390719413757,141.02994296235858,0,0,0,0,0
491520,160,283.0871074761513,508.1,-0.0021686759777367116,69.42050196329753,2.491980278491974,0.006060265437314276,8e-05,0.013766784,0.5,0.1,0.4,219.68375439650043,0.1208984375,0.5994611382484436,151.04085432688396,5.244597553587883,0.38711544622028576,0.0,0,0.6658406486018512
494592,161,0,0,0.0035951998742187723,73.60614006192077,2.4311769943611297,0.010857096773936892,8e-05,0.013740159999999998,0,0,0,256.21875875632037,0.1868872549019608,0.5055974125862122,166.69234683466894,0,0,0,0,0
497664,162,247.67492588593888,383.2,-0.0018510219641029834,87.02803319295248,2.4017768700917563,0.003926490225909808,8e-05,0.013713536,0.8,0.1,0.1,210.1059135587197,0.08570963541666667,0.5973954200744629,180.24045696258545,6.454794517966368,0.3365393735030378,0.0,0,0.6043247327184077
500736,163,0,0,0.007428475450176527,82.12935346715591,2.392368134330301,0.015163155091138754,8e-05,0.013686911999999999,0,0,0,241.47326552939796,0.24528952205882354,0.6361992359161377,164.49356011783377,0,0,0,0,0
503808,164,213.82313712078707,367.3,-0.0002251455249885718,70.20396671295165,2.3680720647176106,0.005943359655799756,8e-05,0.013660288,0.7,0.0,0.3,244.52424978829086,0.12786458333333334,0.5184319615364075,145.42763500213624,5.525047994647322,0.38614662084190343,0.0,0,0.6237047938243723
506880,165,0,0,-0.0004198145694457568,78.02108595921443,2.4688646564116845,0.00860802287039441,8e-05,0.013633664,0,0,0,251.71192543409649,0.16849459134615385,0.5794384479522705,178.08188357720007,0,0,0,0,0
509952,166,354.36150203789555,499.9,0.013501304600919996,104.85973772321428,2.3892981120518275,0.019624550855540907,8e-05,0.013607039999999999,0.3,0.0,0.7,268.48468378545823,0.2987723214285714,0.4802246689796448,142.79102848597935,6.268823417785055,0.32220402242563584,0.0,0,0.8842149522909638
513024,167,0,0,0.0029901475762017073,70.26287202835083,2.537973088026047,0.01681690761470857,8e-05,0.013580416,0,0,0,241.3555448810094,0.275146484375,0.6052127480506897,104.5087586402893,0,0,0,0,0
516096,168,210.51802758293934,342.5,0.011560611622898202,103.94042567202919,2.3837790865647164,0.03610777995844363,8e-05,0.013553791999999999,0.3,0.4,0.3,248.8811204336703,0.4310238486842105,0.6231510639190674,185.92936786852385,6.539295754532755,0.5382431462397805,0.0,0,0.6043678375039392
519168,169,0,0,0.01556571669600628,165.44024771231193,2.575787870972245,0.029969574775797776,8e-05,0.013527168,0,0,0,218.92177643639903,0.3394097222222222,0.6835994124412537,340.43651934023256,0,0,0,0,0
522240,170,299.26919894467926,527.8,0.01840205879315086,58.60955876889436,2.5646582168081533,0.0502761486796346,8e-05,0.013500544,0.4,0.1,0.5,249.2648736573425,0.3669327445652174,0.7122236490249634,112.40198608066724,4.605841401243411,0.305824218707929,0.0,0,0.6969343046189591
525312,171,0,0,0.011202928995520904,55.772432524582435,2.6440881120747535,0.020260948065579685,8e-05,0.01347392,0,0,0,247.5626686179275,0.3563442887931034,0.7097736597061157,127.11539268493652,0,0,0,0,0
528384,172,318.61295161348727,421.4,0.010451874086776605,49.28716013981746,2.542430804325984,0.02774539674059999,8e-05,0.013447296,0.3,0.2,0.5,261.32168098149805,0.36290564903846156,0.5416345596313477,140.88280729147104,6.6522024960368125,0.3133444034378131,0.0,0,0.7904744303609319
531456,173,0,0,0.1343588842163709,64.87454050237483,1.8227365125309338,1.895430353554856,8e-05,0.013420672,0,0,0,231.88021205584366,0.818359375,0.5788019299507141,177.7445550398393,0,0,0,0,0
534528,174,181.91733852537635,181.2,0.01879477345695098,179.64089647928873,1.8117492198944092,0.0211357958809094,8e-05,0.013394047999999999,0.9,0.1,0.0,240.13363586115372,0.40625,0.5510823726654053,254.76799170176187,9.562106818948696,0.40106683054217757,0.0,0,0.43188741025133054
537600,175,0,0,-0.003120645321905613,147.35016964999113,2.0680000045082787,0.004599375506365214,8e-05,0.013367424,0,0,0,222.4258451098516,0.08551136363636364,0.6724534034729004,242.18723137595435,0,0,0,0,0
540672,176,142.49303610409666,149.2,0.011928196181543171,120.70564913749695,2.0368878431618214,0.01799450896033497,8e-05,0.0133408,0.8,0.2,0.0,231.81866442862048,0.246826171875,0.7067234516143799,182.18887436389923,9.615639660792922,0.3910302929935905,0.0,0,0.3924597881439172
543744,177,0,0,-0.0006488721584901214,130.26104049682618,2.2249012112617494,0.004110895632776234,8e-05,0.013314175999999999,0,0,0,112.5033812434908,0.09365234375,0.593321681022644,304.24729207356773,0,0,0,0,0
546816,178,130.09968498845254,135.4,0.006937936760294132,130.46252226218198,2.0028353134791055,0.01737566260944201,8e-05,0.013287552,1.0,0.0,0.0,230.80425511349512,0.2483974358974359,0.7462571859359741,292.82767095321265,8.910719183981312,0.3889801753470182,0.0,0,0.34071073408204766
549888,179,0,0,0.0011198913180751019,163.007784350165,2.1117776508989006,0.006868154462836174,8e-05,0.013260928,0,0,0,220.53861722209703,0.1411637931034483,0.5704657435417175,309.61472623101594,0,0,0,0,0
552960,180,173.05839664359033,213.0,-0.0015746804419904947,167.91985397338868,2.1388962944348653,0.003886916811465417,8e-05,0.013234303999999999,0.8,0.1,0.1,235.55767507685573,0.08811848958333333,0.48235762119293213,304.1632358551025,7.997398403077971,0.31927930190013104,0.0,0,0.4531250549351937
556032,181,0,0,0.002867764387375269,174.3259551219451,1.992447819465246,0.015219166418185685,8e-05,0.01320768,0,0,0,223.5302653956797,0.2789963942307692,0.503088116645813,221.09322533240686,0,0,0,0,0
559104,182,157.38970940025172,161.6,0.019261682975209422,156.9728240966797,2.168827533721924,0.05010851307050479,8e-05,0.013181056,0.9,0.1,0.0,239.86755501800323,0.4711371527777778,0.4929356575012207,242.2459487915039,9.279803402201681,0.3782999737738766,0.0,0,0.453486487535241
562176,183,0,0,0.006767880719374208,128.28658249798943,2.071180119233973,0.01663234454379204,8e-05,0.013154432,0,0,0,218.27301932666876,0.23822380514705882,0.6371583938598633,165.6146374870749,0,0,0,0,0
565248,184,142.89544291079395,208.5,0.0063777197515819135,119.99902585657631,2.257360504894722,0.013891619606028823,8e-05,0.013127808,0.9,0.1,0.0,226.1951275671236,0.23323170731707318,0.7716123461723328,261.906676129597,8.433433432484053,0.7319800181453333,0.0,0,0.49367249409784175
568320,185,0,0,0.0013545343885198236,120.09775810241699,2.3188332160313925,0.008686908934042639,8e-05,0.013101183999999998,0,0,0,229.11612226945647,0.18492838541666667,0.7035982608795166,330.1501480738322,0,0,0,0,0
571392,186,195.8448978961653,234.0,-0.0004926734060669938,150.4668291727702,2.212106545766195,0.004797158057291034,8e-05,0.013074559999999999,0.5,0.2,0.3,218.26476291590933,0.1107421875,0.6561778783798218,285.12628269195557,8.287481784246669,0.6991079559454522,0.0,0,0.5625370769374498
574464,187,0,0,0.0017815788492693432,132.33690452575684,2.197872208697455,0.009326790738025881,8e-05,0.013047936,0,0,0,236.3680436776983,0.17738560267857142,0.7637951374053955,436.0938414164952,0,0,0,0,0
577536,188,220.344692597953,319.2,0.023294158494816378,96.70002365112305,2.3497723524387064,0.03707473627025004,8e-05,0.013021312,0.6,0.0,0.4,213.39804245015412,0.353515625,0.8393864035606384,436.6428665748009,7.815337410600783,0.7574943570299072,0.0,0,0.6837170796309736
580608,189,0,0,0.012348512723816164,151.1865752249053,2.185968529094349,0.025258147300609355,8e-05,0.012994687999999999,0,0,0,243.0379084871653,0.2916666666666667,0.6900526881217957,254.19810936667702,0,0,0,0,0
583680,190,178.07624500882326,221.9,0.007965264310582709,117.56552906525441,2.3398719689784904,0.012167589103164603,8e-05,0.012968063999999998,0.8,0.0,0.2,230.50609161485622,0.20402644230769232,0.7578158378601074,244.81493583092322,8.702024374704491,0.7565166177466154,0.0,0,0.48290262841021675
586752,191,0,0,-0.0007256242679432034,138.91472384134929,2.290793406963348,0.00628204172293395,8e-05,0.01294144,0,0,0,226.99886554317024,0.13518880208333334,0.6586017608642578,302.3556560516357,0,0,0,0,0
589824,192,168.47751418888853,289.3,0.02689034817740321,137.99392457441851,2.1516187516125767,0.0580094104040179,8e-05,0.012914815999999999,0.5,0.2,0.3,209.36343603290624,0.4121981534090909,0.7595844268798828,469.48576563054866,7.57125129467304,0.8489695065051803,0.0,0,0.587080104628801
592896,193,0,0,0.014687677621151562,119.4241372567636,2.289781128918683,0.02816838427034908,8e-05,0.012888192,0,0,0,225.22012857868725,0.3825954861111111,0.7415193915367126,607.8857936152706,0,0,0,0,0
595968,194,151.45022403179428,204.9,0.01288002841856058,101.34268523425591,2.336000616957502,0.019671656681152092,8e-05,0.012861568,0.9,0.1,0.0,223.20447759386755,0.23861471036585366,0.7358214855194092,247.31122691456864,7.685226883216856,0.7289318805684418,0.0,0,0.41569711539828963
599040,195,0,0,0.05763973095096075,121.28172771747296,2.32939888880803,0.13152440580040278,8e-05,0.012834944,0,0,0,220.9198377906243,0.5859375,0.6893482208251953,214.86323840801532,0,0,0,0,0
602112,196,253.53797695011707,318.7,0.07304037362337112,104.81440862019856,2.494617203871409,0.14869993750475627,8e-05,0.01280832,0.7,0.1,0.2,218.87368507256343,0.6370442708333334,0.7155213356018066,357.1394240061442,7.262584976907161,0.5609413171195053,0.0,0,0.6808929139527012
605184,197,0,0,0.014755583913730724,106.78095506940569,2.532774080548968,0.014342952137153198,8e-05,0.012781695999999999,0,0,0,219.07959393130793,0.28431919642857145,0.6933415532112122,284.29615304129464,0,0,0,0,0
608256,198,258.8551380971156,317.5,0.025942120554023666,100.23623335988898,2.395961284637451,0.0665838727972812,8e-05,0.012755072,0.6,0.2,0.2,231.9943741881148,0.4681332236842105,0.7294672727584839,210.23236023752312,7.516801038736276,0.6751252579788777,0.0,0,0.6415648335995974
611328,199,0,0,0.025059108156710863,91.48000462849934,2.297590176264445,0.05290691438133507,8e-05,0.012728448,0,0,0,229.91221333489216,0.5035807291666666,0.7023622989654541,371.83148670196533,0,0,0,0,0
614400,200,281.8260939618438,375.4,0.00040321747051938527,101.17737896037552,2.421898068122144,0.00873827842012077,8e-05,0.012701824,0.6,0.0,0.4,227.5147481886086,0.16597877358490565,0.5986646413803101,193.90661002105136,6.711841367382358,0.4782158262541005,0.0,0,0.6923175176328292
617472,201,0,0,0.011660002773945652,80.91126809469084,2.4393709752617814,0.015421245122196323,8e-05,0.012675200000000001,0,0,0,243.78318142823068,0.2729134908536585,0.7865315675735474,172.8723397603849,0,0,0,0,0
620544,202,183.49861806505163,332.2,0.026191097146903094,76.37246586726262,2.3567705429517307,0.04799866521409994,8e-05,0.012648575999999998,0.6,0.1,0.3,238.22915989275336,0.35591947115384615,0.6733900308609009,116.88016179891733,6.901744276509805,0.7862234355109284,0.0,0,0.6316331693079913
623616,203,0,0,0.20571333898062055,139.00760928067294,2.642049030824141,0.6345916945826137,8e-05,0.012621951999999999,0,0,0,198.02867504713188,0.7959872159090909,0.7542582750320435,717.8952525745739,0,0,0,0,0
626688,204,-2.4214062774085625,248.3,0.005334603860974312,41.396462211608885,3.5951743507385254,0.01334427095717211,8e-05,0.012595328,0.9,0.1,0.0,301.5262889750268,0.2050390625,0.713901162147522,276.7062949371338,3.909628295570182,1.6337844420486758,0.0,0,0.220190688014489
629760,205,0,0,0.03381048916624142,66.72031079805814,2.6600495118361254,0.04373914397394996,8e-05,0.012568704,0,0,0,259.0993142171078,0.4972956730769231,0.653470516204834,509.577387883113,0,0,0,0,0
632832,206,28.042130504395573,282.2,0.00038693025514173013,43.16974322001139,2.6754772067070007,0.014612806652928453,8e-05,0.01254208,0.9,0.1,0.0,247.24444852353452,0.23091634114583334,0.5848826169967651,212.81689218680063,4.287415989940388,1.2157026697250601,0.0,0,0.36746971466059125
635904,207,0,0,0.034686583715180554,31.335924466451008,2.6229496002197266,0.11365924197405962,8e-05,0.012515456,0,0,0,228.42448517098967,0.6048177083333334,0.5736998319625854,98.54537995656331,0,0,0,0,0
638976,208,98.35570766910277,644.1,0.03368974746471005,67.79324749537876,2.6022756610597884,0.08367109198924448,8e-05,0.012488831999999998,0.5,0.3,0.0,246.09236137245293,0.6026785714285714,0.46919411420822144,125.29270090375628,2.9550916480800327,0.9579887879534974,0.0,0,0.5097118610276918
642048,209,0,0,0.1495956349271265,17.10781496221369,2.8812918229536577,0.5062476965514342,8e-05,0.012462207999999999,0,0,0,273.44104498269957,0.8011363636363636,0.6484590768814087,127.0447448383678,0,0,0,0,0
645120,210,-69.76464721973916,586.1,0.05077023757621646,54.21949418385824,2.732401967048645,0.17097684407298083,8e-05,0.012435584,0.7,0.0,0.0,302.40725726616125,0.6612955729166666,0.6786970496177673,437.13417371114093,2.0216776052407477,2.000491925367411,0.0,0,0.22677142960623503
648192,211,0,0,0.007297360617667436,7.065118249257406,3.203752072652181,0.03064485220239443,8e-05,0.01240896,0,0,0,300.0612280471287,0.41510416666666666,0.7488330602645874,37.2530727704366,0,0,0,0,0
651264,212,-58.82591606593364,592.4,0.049279010466610394,22.00228762626648,3.91523406902949,0.08646785235034733,8e-05,0.012382336,0.7,0.1,0.0,317.87477858687413,0.638671875,0.5605041980743408,36.53413335482279,1.6092952515553165,1.6608177504339987,0.0,0,0.1756967441856003
654336,213,0,0,0.018600187765864227,11.810801432682918,3.254653728925265,0.054794083564341775,8e-05,0.012355712000000001,0,0,0,308.03347346472833,0.5145733173076923,0.5719940662384033,31.317081671494705,0,0,0,0,0
657408,214,43.24097788470511,761.6,0.01284170507763823,27.471412658691406,3.2729118267695108,0.107391314581047,8e-05,0.012329087999999998,0.5,0.0,0.0,316.78026969773646,0.6624348958333334,0.4948083758354187,40.00700569152832,1.7686475890931725,1.0551590367320842,0.0,0,0.35260277132862106
660480,215,0,0,0.02367941334488846,4.51081565448216,3.19926347051348,0.11311061774558795,8e-05,0.012302463999999999,0,0,0,291.25222180120744,0.47079613095238093,0.4406764507293701,26.458480630602157,0,0,0,0,0
663552,216,70.81092363941806,1000.0,0.07321058089534442,0.7912805875142416,3.9031180143356323,0.15179029883197756,8e-05,0.01227584,0.0,0.0,0.0,281.1644194617536,0.6761067708333334,0.8846007585525513,25.39408802986145,0.558825373297773,0.6307288982128814,0.0,0,0.14407388286749265
666624,217,0,0,0.034348827002472,0.9256012063277396,4.395321569944683,0.06362388158021895,8e-05,0.012249216,0,0,0,300.4331443726205,0.4955797697368421,0.6484630107879639,17.824017098075466,0,0,0,0,0
669696,218,50.38129714959747,1000.0,0.01433303952217102,0.34739439010620116,4.901173191070557,0.03034288987052243,8e-05,0.012222592000000001,0.0,0.0,0.0,377.88751113764835,0.40875,0.8906732201576233,5.5360596561431885,0.5373104379973712,0.8044298424685682,0.0,0,0.13239238336223946
672768,219,0,0,0.011263612698277702,0.5244421388791956,4.936481766078783,0.02803414114549349,8e-05,0.012195968,0,0,0,308.00781200771564,0.35623301630434784,0.7125197649002075,3.352529463560685,0,0,0,0,0
675840,220,51.38103327887272,1000.0,0.014069182384345267,0.6116035415066613,4.996491591135661,0.05191212108670076,8e-05,0.012169343999999999,0.0,0.0,0.0,285.5103868406031,0.4093967013888889,0.5976904630661011,10.674051403999329,0.6194943484340908,0.6585129176415421,0.0,0,0.16384801353871806
678912,221,0,0,0.007361121342650482,0.43003024799483164,5.282471690859113,0.03125656785310772,8e-05,0.01214272,0,0,0,326.118072447055,0.40199497767857145,0.9229510426521301,4.474481046199799,0,0,0,0,0
681984,222,75.71917432319091,977.3,0.0004967282635762411,0.7070125183638405,5.137726685580085,0.018084018518604143,8e-05,0.012116096,0.0,0.1,0.0,324.2214678217745,0.2815946691176471,0.7140348553657532,4.318019326995401,0.7799657459911947,0.4746499596185794,0.0,0,0.19871953283101723
685056,223,0,0,0.00266754340666991,0.7242245979798145,5.114214652623886,0.016418476439779155,8e-05,0.012089472,0,0,0,256.3754838067057,0.2520032051282051,0.7155102491378784,6.298181115052639,0,0,0,0,0
688128,224,-2.7132045035946306,987.0,-0.0023144778041612533,1.281652141185034,5.109546525137765,0.027528890389181864,8e-05,0.012062848000000001,0.0,0.1,0.0,283.21117913921563,0.3425409226190476,0.7135525941848755,10.638267483030047,0.8681881586846032,0.4394278289430583,0.0,0,0.20638478878087468
691200,225,0,0,0.010435099545866251,1.4125052070617676,5.172534160614013,0.02540154797957138,8e-05,0.012036224,0,0,0,309.8107605201571,0.35421875,0.5167950987815857,7.915852899551392,0,0,0,0,0
694272,226,29.260523371559998,923.9,-0.0037402993614744882,1.3993611776310464,5.096138549887615,0.012514014374062639,8e-05,0.012009599999999999,0.2,0.0,0.0,243.64264444724637,0.24898097826086957,0.5882231593132019,6.487203966016355,0.9677764475576737,0.47679957694423625,0.0,0,0.23837645109341699
697344,227,0,0,0.0004821906676860871,1.4645262051511694,5.092444958510222,0.012447703078917828,8e-05,0.011982976,0,0,0,330.03292485780815,0.2435980902777778,0.25836068391799927,4.968489951557583,0,0,0,0,0
700416,228,5.253874114473637,836.4,-0.0024808166852715065,4.6392839587464625,5.106618307074722,0.010673303476643328,8e-05,0.011956352,0.1,0.2,0.0,268.54742349138195,0.1799266581632653,-0.015297293663024902,8.128518323509061,1.2730104119692323,0.39794346070978814,0.0,0,0.27203832658053667
703488,229,0,0,-0.0003719331983190316,32.85698630259587,5.091464106853191,0.007474967768830528,8e-05,0.011929728,0,0,0,286.4535451180441,0.14396784855769232,0.25076431035995483,71.54518873874957,0,0,0,0,0
706560,230,120.82633909989006,995.3,-0.0011417418563117584,15.866630744934081,4.934376668930054,0.003676188279742204,8e-05,0.011903104,0.1,0.1,0.0,312.7129898810063,0.07561848958333334,0.48335957527160645,46.83387333552043,1.5239344086017756,0.5900732743729786,0.0,0,0.3946083936400864
709632,231,0,0,-0.00046123014762997625,24.872814226150513,5.060135412216186,0.0019928698407381557,8e-05,0.01187648,0,0,0,287.9987297114135,0.03772786458333333,0.4716183543205261,77.81363557179769,0,0,0,0,0
712704,232,113.02437506492704,793.7,0.00018691189276675383,3.117852429548899,4.909544054667155,0.008324959938911919,8e-05,0.011849855999999999,0.4,0.0,0.0,299.9533756465197,0.13336588541666666,0.21992135047912598,10.938598016897837,1.8395713227330286,0.737536761224235,0.0,0,0.4065074973566628
715776,233,0,0,-0.0011504432652145625,22.685405604044597,4.726089239120483,0.004021470711452922,8e-05,0.011823232,0,0,0,292.36800001633736,0.07884114583333333,0.6877947449684143,92.70630399386089,0,0,0,0,0
718848,234,99.90164220376393,786.6,-0.0020886337229361136,11.12772404352824,4.778485862414042,0.0034520251820394127,8e-05,0.011796608,0.2,0.1,0.0,320.2063762086516,0.07708333333333334,0.30150049924850464,29.540979957580568,1.64306964757924,0.7470892717886213,0.0,0,0.4060212966879687
721920,235,0,0,-0.0023728268531461555,6.783738422393799,4.689445312817892,0.004516730537340295,8e-05,0.011769983999999999,0,0,0,260.40844173595144,0.09039713541666666,0.5924180746078491,32.987204066912334,0,0,0,0,0
724992,236,172.22245270377374,952.8,-0.0026812123833224177,6.397440894444784,4.6763651132583615,0.004369922787011787,8e-05,0.01174336,0.1,0.2,0.0,301.02626529650274,0.08304036458333333,0.5200550556182861,43.26142398516337,1.9087286991133627,0.48902403142982676,0.0,0,0.4393990727226843
728064,237,0,0,-0.0015957799817745884,5.247382036844889,4.633636728922526,0.005133434154173178,8e-05,0.011716736,0,0,0,286.45230966244014,0.10338541666666666,0.5362575054168701,16.51593998273214,0,0,0,0,0
731136,238,189.69677797969663,949.3,-0.001545995194464922,17.09801681836446,4.763619836171468,0.003781362060790015,8e-05,0.011690111999999999,0.2,0.0,0.0,237.29895575509323,0.07233072916666666,0.5908827781677246,76.2662558555603,2.075991917157928,0.5471839396560345,0.0,0,0.6039069421311887
734208,239,0,0,0.0005104347908248504,9.059160987536112,4.705050778388977,0.005343121067627095,8e-05,0.011663488,0,0,0,294.1436609948976,0.10123697916666667,0.5956878662109375,46.24343057473501,0,0,0,0,0
737280,240,166.73031513258678,835.5,-0.0006470629557346304,6.361934113502502,4.664845585823059,0.006459504476034086,8e-05,0.011636864,0.0,0.3,0.0,279.44677679274116,0.10621744791666667,0.602647066116333,25.716524573167167,2.299798258054429,0.5102471496427454,0.0,0,0.4976604502457619
740352,241,0,0,-0.002663691295310855,10.207550342877706,4.506462200482686,0.004986978528907391,8e-05,0.01161024,0,0,0,300.48197087450507,0.07923177083333334,0.536638617515564,29.946722332636515,0,0,0,0,0
743424,242,95.2058762402817,785.9,0.016011891456750724,5.62114953994751,4.45402270096999,0.057431193180287374,8e-05,0.011583616,0.4,0.1,0.0,310.38854119165535,0.2627704326923077,0.45579880475997925,32.13793501487145,2.558174764674038,0.44580306080967586,0.0,0,0.5367408200498539
746496,243,0,0,0.011637296760454774,12.97913376490275,4.496010343233745,0.01979956600311294,8e-05,0.011556991999999999,0,0,0,317.02481199990245,0.3622233072916667,0.5781573057174683,60.47957491874695,0,0,0,0,0
749568,244,209.00344424117162,796.1,-0.004230948475499948,47.38975137074788,4.437104948361715,0.00688633542498388,8e-05,0.011530368,0.0,0.4,0.1,256.1343732699989,0.1662109375,0.5684698820114136,138.19563899040222,2.66162586639411,0.3748735328440006,0.0,0,0.5943276172336309
752640,245,0,0,-0.0010623349342495203,14.523699140548706,4.447536166508993,0.005644953498390589,8e-05,0.011503744,0,0,0,275.37771088018246,0.104296875,0.6501156091690063,37.79468762079875,0,0,0,0,0
755712,246,186.58743139876364,879.0,-0.000665959909868737,22.793337456385295,4.495364022254944,0.0023170957387896986,8e-05,0.01147712,0.0,0.2,0.0,266.3904211353475,0.04339192708333333,0.5095213651657104,127.22253556251526,2.3650754123577418,0.3913808714765141,0.0,0,0.5208341295628165
758784,247,0,0,-0.000545118694814543,14.37131675084432,4.569647049903869,0.0036732112714791152,8e-05,0.011450496,0,0,0,268.05804144672805,0.07041015625,0.625220000743866,29.357903377215067,0,0,0,0,0
761856,248,207.21457944333307,746.8,-0.0022275566899528105,20.074483839670815,4.401395988464356,0.004601428483634677,8e-05,0.011423872,0.3,0.3,0.0,284.5151560511822,0.09990234375,0.5105525255203247,42.50019065539042,2.700045841520503,0.4590826032650118,0.0,0,0.4869453497367172
764928,249,0,0,0.004317717965353619,9.855959339575334,4.403221054510637,0.011864632667066622,8e-05,0.011397247999999999,0,0,0,287.36636164786694,0.17950994318181818,0.6569198966026306,27.08326145735654,0,0,0,0,0
768000,250,203.95527731878664,876.7,-0.0008326561500628789,13.7883052666982,4.608078813552856,0.008234958541776607,8e-05,0.011370624,0.2,0.0,0.0,290.3344129904965,0.18235677083333332,0.5232982635498047,24.297288485368092,2.218475586013738,0.5709065667192299,0.0,0,0.6134327168996847
771072,251,0,0,0.00940170484994139,7.179681079728263,4.626539008957999,0.019209108824211257,8e-05,0.011344,0,0,0,313.35041970671784,0.26025390625,0.632976770401001,14.982394882610865,0,0,0,0,0
774144,252,236.45137051234678,853.9,-0.0007002503067875901,12.055071798960368,4.617095017433167,0.006021329041689864,8e-05,0.011317376,0.3,0.2,0.0,271.45024462414347,0.12737630208333334,0.7090233564376831,23.64478469689687,2.6704419680344333,0.5604377886624871,0.0,0,0.575865664080202
777216,253,0,0,0.0015288258825118344,9.308908732732137,4.46783614953359,0.008227148482306794,8e-05,0.011290752000000001,0,0,0,218.78873267992122,0.16067708333333333,0.603029727935791,41.554759947458905,0,0,0,0,0
780288,254,279.26143001736943,780.7,-0.0004905611830985262,11.450992879413423,4.41566336722601,0.01592119194434486,8e-05,0.011264127999999998,0.4,0.0,0.3,275.9324781981166,0.25353422619047616,0.6357835531234741,49.604343959263396,3.1000183055272834,0.45526484685600643,0.0,0,0.6790313192885302
783360,255,0,0,0.0023760111381610233,16.334436400731406,4.28957294623057,0.00741387820162596,8e-05,0.011237503999999999,0,0,0,289.637903961409,0.17216796875,0.34251868724823,32.844766743977864,0,0,0,0,0
786432,256,277.9547557003722,805.6,0.0010287338557342688,18.302892796198527,4.2402459224065145,0.00551903281933489,8e-05,0.011210880000000001,0.3,0.0,0.3,314.49726230306305,0.13662109375,0.4207696318626404,43.13279520670573,3.299337507234238,0.44408715110192654,0.0,0,0.7858474877827063
789504,257,0,0,-0.0008504450786858797,16.466592582066855,4.1722376426061,0.003800637374907443,8e-05,0.011184256,0,0,0,227.06463440068623,0.07389322916666667,0.4463692307472229,35.97493368784587,0,0,0,0,0
792576,258,409.1450934232771,854.5,0.010258846184504884,10.939711127962385,4.115016187940325,0.0227331359097456,8e-05,0.011157632,0.1,0.0,0.8,333.95039390247814,0.29464285714285715,0.31002140045166016,29.652550271579198,3.8462117729686667,0.44037719290223787,0.0,0,0.9615274337050481
795648,259,0,0,0.007461385625047666,19.98228541287509,4.191257346760143,0.018834308019111658,8e-05,0.011131008000000001,0,0,0,270.7208816831693,0.3114346590909091,0.6324076652526855,30.51220838951342,0,0,0,0,0
798720,260,394.3190087689805,935.6,0.0020036854658205556,27.428065497920198,4.060344507109444,0.00893243248542064,8e-05,0.011104383999999998,0.0,0.0,0.4,241.28656526773574,0.17961379716981132,0.6254589557647705,80.53502712609632,3.619664056598186,0.27709032308843495,0.0,0,0.9473608959581586
801792,261,0,0,0.010446777567267418,31.764148342993952,4.111006152245306,0.026980922197845755,8e-05,0.01107776,0,0,0,117.21834614543707,0.30103326612903225,0.6502431631088257,126.2937207991077,0,0,0,0,0
804864,262,358.495032860091,741.3,0.00013213602995330637,22.658896220814096,4.129364681243897,0.007640158463885841,8e-05,0.011051136,0.0,0.2,0.7,275.8700740330868,0.14044744318181818,0.6076716780662537,35.79431584098122,3.808156336121356,0.486073434483389,0.0,0,0.8683454194974274
807936,263,0,0,0.01673571336693291,18.046430883736445,3.928999761055256,0.03145973728408383,8e-05,0.011024512,0,0,0,267.9672279303963,0.3270474137931034,0.46650171279907227,78.72238254547119,0,0,0,0,0
811008,264,119.52648468942758,607.4,0.011701053098565149,19.771191320111676,4.013931359014204,0.021000977184991294,8e-05,0.010997888,0.7,0.1,0.0,222.1883222550157,0.3558467741935484,0.5269020795822144,36.706413730498284,3.786471988862387,1.0762877382283054,0.0,0,0.50397438453411
814080,265,0,0,0.024994553851061745,34.87670928553531,4.053183555603027,0.046855730200689394,8e-05,0.010971264000000001,0,0,0,290.8675032562848,0.4525082236842105,0.4867069125175476,204.35073606591476,0,0,0,0,0
817152,266,364.33561410399227,893.3,0.08393270475789905,33.096934954325356,4.162711203098297,0.29206193797292074,8e-05,0.01094464,0.0,0.1,0.5,232.53085163787063,0.7635091145833334,0.6140697002410889,275.84807618459064,3.7371872974216407,0.4869908683535593,0.0,0,0.8499002817884431
820224,267,0,0,0.003932999148964882,13.114151229858399,4.076582856178284,0.010269774829944827,8e-05,0.010918016,0,0,0,269.70371524563296,0.1668359375,0.4757422208786011,58.46161443710327,0,0,0,0,0
823296,268,265.67955672616256,584.9,0.006370739882876133,23.271996695419837,3.851036811697072,0.0237822273971047,8e-05,0.010891392,0.3,0.3,0.3,267.75363253116075,0.31438577586206895,0.5384158492088318,88.90631041033515,3.9356999067778227,0.5123787833763521,0.0,0,0.590699370963756
826368,269,0,0,0.0005152500118128956,21.186651961008707,4.09297726949056,0.008921135663213052,8e-05,0.010864768,0,0,0,257.86832884700397,0.17379557291666667,0.7107045650482178,36.73727634747823,0,0,0,0,0
829440,270,345.7322032078593,709.3,-0.0008495407489438852,29.263608074188234,4.3269372622172035,0.004237440835765392,8e-05,0.010838144000000001,0.3,0.1,0.4,233.1563163323235,0.08209635416666666,0.674775242805481,56.86105907758077,4.220765770029826,0.5397609049702343,0.0,0,0.7706030379772753
832512,271,0,0,0.004569714835200172,16.065001084254337,3.9342354352657614,0.019426218841274365,8e-05,0.01081152,0,0,0,283.26067034692164,0.3439753605769231,0.6281202435493469,57.72737866181593,0,0,0,0,0
835584,272,301.3938119549346,610.6,0.022321800834366252,21.119940893990652,3.983394600096203,0.04364464911244886,8e-05,0.010784895999999999,0.2,0.3,0.4,239.53115649255676,0.4133184523809524,0.7308223247528076,101.23189499264672,4.162195687826479,0.3946214235158897,0.0,0,0.7163640137603748
838656,273,0,0,0.045462701502921324,23.932277543204172,4.082973871912275,0.06782690508825633,8e-05,0.010758272,0,0,0,238.3454590404788,0.5807756696428571,0.7083781957626343,146.25631550380163,0,0,0,0,0
841728,274,74.69494624239329,496.0,0.02229615648770157,20.791944279390222,4.295807025011848,0.04699752182591391,8e-05,0.010731648,0.6,0.2,0.0,249.66702841695522,0.4978170955882353,0.7199073433876038,82.05714113572064,3.1596567042182313,0.46521914906642803,0.0,0,0.39707103343109196
844800,275,0,0,-0.00386557678381602,81.74231866200765,4.17690761089325,0.00624043867525824,8e-05,0.010705024,0,0,0,273.11405914977007,0.14973958333333334,0.5915457010269165,399.0455373128255,0,0,0,0,0
847872,276,265.2524199857177,789.1,-0.005535535087498526,55.55079358418782,4.211754933993022,0.008100085656016155,8e-05,0.0106784,0.2,0.2,0.4,280.6144688709506,0.190234375,0.6167124509811401,162.119837252299,3.401599649531458,0.3695681726842902,0.0,0,0.7490853597151963
850944,277,0,0,-0.004501735294858615,51.41396134694417,4.285535486539205,0.00591351266436488,8e-05,0.010651776,0,0,0,284.0295480271832,0.15485026041666666,0.7258744239807129,138.81998589833577,0,0,0,0,0
854016,278,333.89107804667265,764.2,-0.004574737104121596,44.78194032396589,4.246299036911556,0.00606837775038795,8e-05,0.010625151999999999,0.2,0.0,0.5,225.56204613170223,0.127685546875,0.5548526048660278,132.80391424042838,3.8264735895663535,0.3423597974873737,0.0,0,0.7984782244794929
857088,279,0,0,-0.00170362218549209,26.16520663670131,4.16974812746048,0.006662886348362782,8e-05,0.010598528,0,0,0,296.0916498072,0.14446149553571427,0.5935987234115601,59.65414765902928,0,0,0,0,0
860160,280,140.84286052808733,549.4,0.02894086385832021,17.59675527873792,4.121813272175036,0.053273298324243566,8e-05,0.010571904,0.7,0.0,0.1,282.24529491210706,0.4642269736842105,0.5895184278488159,95.6950270000257,3.2833363926025547,0.39221109269527155,0.0,0,0.5197065746875167
863232,281,0,0,-0.004516272991895676,47.76050561269124,4.137345163027446,0.006145573341202474,8e-05,0.010545279999999999,0,0,0,268.84292105221976,0.1671875,0.4373013377189636,250.14581750233967,0,0,0,0,0
866304,282,317.72388394063347,813.2,0.0002795534306450894,35.96126611609208,4.098064133995457,0.008855343937815324,8e-05,0.010518656000000001,0.1,0.1,0.5,299.06489778587235,0.16529605263157895,0.538965106010437,158.10859298706055,3.671730721080997,0.30365902675474377,0.0,0,0.8273528936749057
869376,283,0,0,0.0001448573561252228,35.727191993168425,4.200605997017452,0.006736625419375848,8e-05,0.010492032000000002,0,0,0,251.17982583134284,0.14561244419642858,0.7320386171340942,179.66303827081407,0,0,0,0,0
872448,284,338.1779896961601,845.9,0.0046184639774124936,19.292931786289923,4.14967742672673,0.009596367401107763,8e-05,0.010465407999999999,0.1,0.0,0.6,216.7822739023583,0.20750144675925927,0.5053874254226685,63.41122870092039,3.398881731273762,0.4753227655347997,0.0,0,0.8384988266746095
875520,285,0,0,0.0023382630398763077,19.473509754453385,4.0787051149777005,0.030908431500268764,8e-05,0.010438784,0,0,0,247.7662055282955,0.30545479910714285,0.5435240268707275,53.12906687600272,0,0,0,0,0
878592,286,169.87738163011284,579.0,0.015332524754828023,18.29869178033644,4.071952558332874,0.03159422154215872,8e-05,0.01041216,0.4,0.1,0.2,234.43023236752376,0.29958417338709675,0.5391350388526917,32.84412307123984,3.0318388371805796,0.4073412002258324,0.0,0,0.5023317867898541
881664,287,0,0,-0.0009499462709451715,30.271654256184895,4.200314402580261,0.005192060853977942,8e-05,0.010385536,0,0,0,280.58887676248884,0.11936848958333333,0.29850995540618896,74.07268514633179,0,0,0,0,0
884736,288,392.43026966696004,857.1,-0.002840154307583968,45.46596037546794,4.136024872461955,0.006736488678145804,8e-05,0.010358912000000001,0.1,0.0,0.5,256.46676135607044,0.1640625,0.6391133069992065,129.22764069239298,3.712655697482018,0.307353477442902,0.0,0,0.8526188394265078
887808,289,0,0,-0.0004985863434187337,15.498159109377394,4.134012315787521,0.012846475578012304,8e-05,0.010332288,0,0,0,278.1136847609074,0.21059283088235295,0.6653730869293213,63.122083168403776,0,0,0,0,0
890880,290,142.67354598307588,416.9,0.0452495178518196,74.29232056935628,4.012606759866078,0.11449331448725929,8e-05,0.010305663999999999,0.9,0.1,0.0,267.92848506965726,0.65478515625,0.3453797698020935,372.25547981262207,4.33522484628458,0.5221913078633421,0.0,0,0.47530904057539913
893952,291,0,0,-0.0004571420916666587,58.89570585886637,3.9185653845469157,0.0057495716411147865,8e-05,0.01027904,0,0,0,246.82748386054917,0.14895833333333333,0.6365801095962524,195.36200615564982,0,0,0,0,0
897024,292,270.357389378279,556.5,-0.0034111581354712445,51.99147211710612,4.039987766742707,0.005977396658276176,8e-05,0.010252416,0.2,0.1,0.6,266.5649916672204,0.12086588541666667,0.6630531549453735,126.55110317866007,4.601249382053582,0.40315699415488293,0.0,0,0.7798135969633082
900096,293,0,0,0.0038271327926353974,50.03099692951549,3.9229462959549646,0.012299713318175327,8e-05,0.010225792000000001,0,0,0,234.91439530277023,0.24791370738636365,0.7149451971054077,201.4168462753296,0,0,0,0,0
903168,294,439.17674819364476,802.9,0.0017040452764679988,31.827628517150877,3.861023720105489,0.00823508033758205,8e-05,0.010199168,0.3,0.0,0.7,280.4963673647861,0.16110026041666667,0.5489993095397949,104.67767745653788,4.95077919873598,0.3407155731626645,0.0,0,0.9810390106322032
906240,295,0,0,0.004351143608801067,61.53696880340576,3.8374519467353823,0.012147172258124572,8e-05,0.010172544,0,0,0,237.8988533520296,0.235693359375,0.523600161075592,115.74780473709106,0,0,0,0,0
909312,296,457.2556744116793,763.6,0.002181589991475145,41.5124148050944,3.9852827548980714,0.006921340638662036,8e-05,0.01014592,0.1,0.0,0.9,309.4671659681806,0.15686848958333333,0.6847792267799377,158.80154148737589,5.252210814216121,0.3430730186502872,0.0,0,1.0
912384,297,0,0,-0.0004873293120477159,46.55025003724179,3.9010068440841414,0.005596166164854582,8e-05,0.010119296,0,0,0,281.3761626126826,0.12029925847457627,0.49306678771972656,164.12886351245945,0,0,0,0,0
915456,298,190.06743959975364,404.7,-0.00155804588769873,78.62063280741374,3.7866265257199605,0.006557473602275922,8e-05,0.010092672,0.8,0.0,0.2,259.54908995977513,0.14791666666666667,0.584330141544342,176.3579950650533,4.2952246421683755,0.3657056037835642,0.0,0,0.59425354032802
918528,299,0,0,-0.0028702538344077765,82.5875789642334,3.761493901411692,0.005767014808959157,8e-05,0.010066048,0,0,0,272.8406733009488,0.12890625,0.5569815635681152,216.75929431915284,0,0,0,0,0
921600,300,324.23907648439183,631.1,0.005389189837166132,51.87878603812976,3.975619536179763,0.010697138057697675,8e-05,0.010039424,0.2,0.1,0.7,267.4204560876598,0.177734375,0.5649712085723877,141.23783451471573,4.861001734804445,0.33052058766732506,0.0,0,0.919751621024474
924672,301,0,0,0.008479315415024757,26.368366241455078,3.9924210786819456,0.033515816833835574,8e-05,0.0100128,0,0,0,253.88046763384597,0.40205078125,0.7943412065505981,218.69778537750244,0,0,0,0,0
927744,302,404.2431451420585,581.2,0.028581875915590086,35.683289879246765,3.7562167268050346,0.05706369164891085,8e-05,0.009986176,0.2,0.2,0.6,277.84441995638076,0.474609375,0.5640810132026672,138.63403511047363,5.993631336709324,0.3126986819371015,0.0,0,0.9212555263180041
930816,303,0,0,0.0012494380585849284,40.426208305358884,3.9470266342163085,0.006339537421209573,8e-05,0.009959552,0,0,0,239.6877292118561,0.11832682291666667,0.7073426246643066,126.14722369511922,0,0,0,0,0
933888,304,368.98739988139306,512.1,0.002838538377545774,40.288397852579756,3.6320966720581054,0.006818876901529064,8e-05,0.009932928,0.4,0.0,0.6,264.57113007413716,0.14954427083333333,0.4481779932975769,153.60399435361225,5.929629032930129,0.2983933199542454,0.0,0,0.8411012229371932
936960,305,0,0,0.009974463034029069,32.81450447283293,3.8428765096162496,0.015882662276123706,8e-05,0.009906304,0,0,0,239.44097026196695,0.21982935855263158,0.7193771600723267,79.6615067783155,0,0,0,0,0
940032,306,401.7709377828104,565.2,0.034072447671658464,45.992072847154404,3.8057375881406994,0.04453449028855602,8e-05,0.00987968,0.3,0.0,0.7,245.20027768643357,0.4468315972222222,0.6766207218170166,125.16313944922553,5.461016243410637,0.4069788962385381,0.0,0,0.8053576192422061
943104,307,0,0,0.014987974007043147,45.115284212173954,3.7735502412242274,0.043187340965356764,8e-05,0.009853056,0,0,0,270.34796509205245,0.2897555443548387,0.5992786884307861,131.49580789381457,0,0,0,0,0
946176,308,344.1779133801894,588.5,0.09926988286050883,41.35196928544478,3.883631099354137,0.273207128047973,8e-05,0.009826432,0.2,0.1,0.6,265.3401088485515,0.7723721590909091,0.5494176745414734,105.67418358542703,4.6607413165196885,0.42351308958935335,0.0,0,0.8181016520159986
949248,309,0,0,0.2167829539288174,77.30533946644177,3.8172741586511787,1.1328081014481641,8e-05,0.009799808,0,0,0,271.88211692467564,0.8071732954545454,0.576496422290802,340.42303986982864,0,0,0,0,0
952320,310,82.05306706584027,323.5,0.004396914477603367,70.05660086411696,3.9775253259218655,0.012771135080798211,8e-05,0.009773184,0.9,0.0,0.1,263.52258253361066,0.2827899639423077,0.5681537389755249,264.67386729900653,4.3518639614254555,0.9718623551477295,0.0,0,0.45585509057904783
955392,311,0,0,0.0005183540028976459,66.54903105193493,4.128586226818609,0.008415008674828512,8e-05,0.00974656,0,0,0,282.47483796486347,0.17972579656862744,0.6773947477340698,249.31901482974783,0,0,0,0,0
958464,312,43.09314535010749,356.2,-0.0005173504313764472,43.01653569539388,4.039883216222127,0.005520319178082487,8e-05,0.009719936,0.8,0.1,0.0,230.46730679649775,0.12213541666666666,0.7371924519538879,244.58830200831096,4.800601550488738,1.2609702375901173,0.0,0,0.43241827700595836
961536,313,0,0,0.007982459540168444,38.06785597624602,4.097073113476789,0.022571433492925654,8e-05,0.009693312,0,0,0,227.2969401788531,0.3550347222222222,0.7439851760864258,261.5876461311623,0,0,0,0,0
964608,314,62.25178724765427,265.3,0.014119675010442733,37.463128153483076,4.211931912104289,0.024274139191650633,8e-05,0.009666688000000001,0.7,0.3,0.0,280.66364962018633,0.3921875,0.7090935707092285,162.4185061454773,4.849294467946267,1.043949093300499,0.0,0,0.3904134024692858
967680,315,0,0,0.003274331878249844,45.70414924621582,3.8551170190175372,0.02442532737429591,8e-05,0.009640064,0,0,0,263.566487939885,0.3810546875,0.6687666177749634,102.17977434794108,0,0,0,0,0
970752,316,47.08188234022534,220.7,0.004121950268745423,35.858358993530274,3.7034820747375488,0.02668324963656335,8e-05,0.00961344,0.8,0.1,0.1,251.62476211172842,0.369609375,0.6930352449417114,73.8902165222168,5.0104170439657585,0.9984525176864179,0.0,0,0.3478337989030281
973824,317,0,0,0.02322253119200468,34.4144570350647,3.7500850319862367,0.036472624354080135,8e-05,0.009586816,0,0,0,271.53509129391176,0.44931640625,0.6793336868286133,108.04048914909363,0,0,0,0,0
976896,318,53.88703023121908,304.3,0.0025794766015476652,24.02452735900879,3.907783275180393,0.012988815326639517,8e-05,0.009560192,0.8,0.2,0.0,253.8289984847958,0.21783854166666666,0.7108484506607056,91.23466720581055,5.204321567884563,1.004768770678305,0.0,0,0.49794914593808076
979968,319,0,0,0.007502074176002117,35.25842003595261,3.955960160210019,0.027134768265706197,8e-05,0.009533568000000001,0,0,0,254.75736332484675,0.37779017857142855,0.6452624797821045,85.32176562717983,0,0,0,0,0
983040,320,205.80117992657284,464.0,0.01907746195245315,27.028000607210046,3.830323163200827,0.017985460656592744,8e-05,0.009506944,0.8,0.2,0.0,260.96046634527136,0.2649931066176471,0.7128301858901978,103.34806913488052,5.344014212209677,0.8815092993510287,0.0,0,0.6247620533540426
986112,321,0,0,0.05897876170153419,40.51075681050619,3.890772759914398,0.10472810516757142,8e-05,0.009480319999999999,0,0,0,233.05311799410947,0.61474609375,0.7315851449966431,545.1017643610636,0,0,0,0,0
989184,322,202.1688345148603,385.0,0.03440603003319767,46.520737965901695,3.698073625564575,0.043950809463351,8e-05,0.009453696000000001,0.5,0.3,0.2,242.1905934374477,0.4837239583333333,0.6160162687301636,505.09890789455835,4.983467296155498,0.6913382445069066,0.0,0,0.5287114775877015
992256,323,0,0,-0.0010663934284821154,47.87452271779378,3.7230929454167683,0.004850984849329379,8e-05,0.009427072000000002,0,0,0,249.64091710304592,0.11539713541666667,0.6893011927604675,212.394593334198,0,0,0,0,0
995328,324,319.04900524325575,522.9,-0.0030785600499560434,52.19954897562663,3.9163504163424174,0.00359772690269017,8e-05,0.009400448,0.3,0.0,0.6,214.4903793465616,0.0814453125,0.7895652651786804,177.9242774327596,5.3687967068125015,0.62662343759805,0.0,0,0.7469676492286066
998400,325,0,0,0.0016365003121911355,47.84701890765496,3.6367068560618274,0.008365978534065246,8e-05,0.009373824,0,0,0,225.53446409023772,0.14309404481132076,0.6998422741889954,220.95282345897746,0,0,0,0,0
1001472,326,324.34122654255,498.9,0.017776032843227898,58.44127682277134,3.6968572991234914,0.05299108069657368,8e-05,0.0093472,0.4,0.2,0.4,228.44353573005552,0.5318080357142857,0.6384079456329346,351.66877610342846,5.799679085347131,0.6907483943213337,0.0,0,0.75674806856714
1004544,327,0,0,0.0009828878100961447,65.7534189860026,3.7550169507662456,0.007981463601275452,8e-05,0.009320576,0,0,0,216.8125649601304,0.16253255208333334,0.6692651510238647,153.942026869456,0,0,0,0,0
1007616,328,366.9668218370936,548.7,-0.0005064856493845582,47.57628320058187,3.8068722168604534,0.003075192614298729,8e-05,0.009293952,0.1,0.1,0.8,236.27544414345456,0.0763671875,0.7548354268074036,192.4413908958435,5.754100365755421,0.5388193505448867,0.0,0,0.8872597005871968
1010688,329,0,0,-0.00028013100381940603,57.9002108891805,3.807622782389323,0.0022375296173217764,8e-05,0.009267328,0,0,0,225.42054746066762,0.049641927083333336,0.7749900221824646,208.3836134592692,0,0,0,0,0
1013760,330,245.176077442923,392.4,0.004372706350225668,53.614411280705376,3.715078124633202,0.00928066461473358,8e-05,0.009240703999999999,0.7,0.0,0.3,227.97865785031598,0.20060847355769232,0.730635404586792,169.70147015498236,5.392055878272257,0.5503154389024691,0.0,0,0.6245293546287207
1016832,331,0,0,0.00047388208993509704,40.68547106724159,3.831763033773385,0.00697009650050288,8e-05,0.00921408,0,0,0,212.02054381996956,0.1341528799019608,0.8478884100914001,123.10314803029976,0,0,0,0,0
1019904,332,388.2145231723162,542.5,0.0003386897639044233,67.01146491798195,3.627051108592265,0.017159327801727724,8e-05,0.009187456000000002,0.4,0.0,0.6,227.44993892874095,0.30078125,0.7375177145004272,135.53473111745473,6.0439275883371995,0.39841620382459275,0.0,0,0.8335994357691447
1022976,333,0,0,0.0014479825900786598,44.80016973744268,3.613042862518974,0.010378991073993366,8e-05,0.009160832,0,0,0,257.23772114751534,0.18189538043478262,0.6139065027236938,192.39617107225502,0,0,0,0,0
1026048,334,398.1515372334626,494.4,0.00438050736556761,75.6993019580841,3.7610345110297203,0.016868257454925227,8e-05,0.009134208,0.3,0.0,0.7,240.17276107746812,0.25823974609375,0.7420812845230103,196.97677600383759,6.255730154440605,0.37853030387897824,0.0,0,0.8683320268872403
1029120,335,0,0,0.0012746681459248066,64.91879679361979,3.6807385285695395,0.006028836408713338,8e-05,0.009107583999999998,0,0,0,234.3609124419145,0.10530598958333333,0.7001332640647888,140.6871437072754,0,0,0,0,0
1032192,336,296.3161011714277,349.7,-0.0012689120679472883,91.30729268391927,3.531904741128286,0.004463719774507489,8e-05,0.00908096,0.5,0.1,0.4,261.92360411900313,0.08395182291666667,0.6009446382522583,167.9699962615967,6.859730704007251,0.35699028615612455,0.0,0,0.6785285967242412
1035264,337,0,0,0.003467621025154177,65.15433478841976,3.6998254766269607,0.007459640638949758,8e-05,0.009054336000000001,0,0,0,218.08974319936078,0.14261798469387754,0.7555007934570312,178.0175042055091,0,0,0,0,0
1038336,338,205.432004968091,349.0,0.027476649607221286,70.10159734090169,3.666727097829183,0.05823722611339244,8e-05,0.009027712,0.6,0.3,0.1,235.72411831922392,0.5205729166666667,0.6839820146560669,175.77754961649578,7.083859921413693,0.4492999698287516,0.0,0,0.6669045598236765
1041408,339,0,0,0.041465354268439114,160.58246040344238,3.61887826025486,0.0651359193143589,8e-05,0.009001088,0,0,0,239.15918762768595,0.501953125,0.34609872102737427,465.85733127593994,0,0,0,0,0
1044480,340,192.5487114236676,300.8,-0.002593370464940866,95.3010695139567,3.637256685892741,0.008047070513327962,8e-05,0.008974464000000001,0.7,0.2,0.1,232.75175157639256,0.17177734375,0.4790247678756714,218.41094614664715,6.503902589690983,0.3864671189544948,0.0,0,0.5508119539178227
1047552,341,0,0,0.006878155368295583,109.18010480476148,3.7370132171746455,0.017765452448559423,8e-05,0.00894784,0,0,0,225.76278155601625,0.22928503787878787,0.45268845558166504,273.3620423981638,0,0,0,0,0
1050624,342,266.15333981740315,353.3,-0.0025998911707951077,99.7521305741935,3.584203683096787,0.007273398018605814,8e-05,0.008921216000000001,0.5,0.1,0.4,229.67215521642288,0.16143588362068967,0.5243313312530518,273.7358115623737,6.943570873599624,0.3742066028623909,0.0,0,0.6824296337022022
1053696,343,0,0,-0.0007685219092915456,61.934189796447754,3.612284743785858,0.005024083214878148,8e-05,0.008894592,0,0,0,234.57748501054843,0.1078125,0.49485957622528076,195.6925340016683,0,0,0,0,0
1056768,344,297.9885308255092,422.9,0.01593332952170661,66.81388681585139,3.6447467876203135,0.020889883162459346,8e-05,0.008867968,0.6,0.0,0.4,235.19122959476945,0.34351325757575757,0.5370368957519531,126.36613608851577,6.556033399236798,0.4036375426025569,0.0,0,0.7873423682013737
1059840,345,0,0,0.0028228759262207393,99.93910011085305,3.4999703587712467,0.011645411687116686,8e-05,0.008841344000000001,0,0,0,227.1267219346486,0.20249155405405406,0.2826271057128906,386.3550425349055,0,0,0,0,0
1062912,346,134.94798269639722,280.1,-0.0009414522089706413,78.87832450866699,3.6727213160745027,0.006205652499225362,8e-05,0.008814720000000002,0.7,0.3,0.0,247.53093243854462,0.1398504849137931,0.5391772985458374,223.2804227368585,6.21492872896993,0.5049592809556527,0.0,0,0.528058595485184
1065984,347,0,0,-0.00021668740858634314,118.89365374247232,3.661087695757548,0.006871882180473615,8e-05,0.008788096,0,0,0,245.30993509946407,0.16497395833333334,0.3070216774940491,285.5044671376546,0,0,0,0,0
1069056,348,143.156543589264,304.8,-0.0007516578072682023,195.31793975830078,3.6649815837542215,0.007150570856666503,8e-05,0.008761472,0.6,0.2,0.2,246.90457465060007,0.17281901041666667,0.437183678150177,617.0033934275309,6.492821000788392,0.5082157016071512,0.0,0,0.5579462173120598
1072128,349,0,0,0.0010664365254342556,164.03568101965863,3.628250101338262,0.027363548677872555,8e-05,0.008734848,0,0,0,240.102299228553,0.2845618206521739,0.5386141538619995,644.2641213458518,0,0,0,0,0
1075200,350,132.70869612116485,270.4,-0.0042832916757712764,113.94866422017415,3.673884630203247,0.005480335089188284,8e-05,0.008708224,0.7,0.1,0.2,246.815885861811,0.1375,0.5154232978820801,393.4199764251709,5.440270645640348,0.36191244136163747,0.0,0,0.489198164111506
1078272,351,0,0,-0.0032574050926736423,110.3091066632952,3.653166764123099,0.011993363554532108,8e-05,0.008681600000000001,0,0,0,250.92909982760057,0.216015625,0.49522846937179565,460.9074665614537,0,0,0,0,0
1081344,352,373.4680800920371,545.7,-0.00506013361737132,92.7420113881429,3.6536423643430074,0.005868211309043205,8e-05,0.008654976000000002,0.2,0.2,0.6,233.3174851519044,0.14759114583333333,0.5979305505752563,297.89699668884276,6.618981402533895,0.3726649708585262,0.0,0,0.9157908315949765
1084416,353,0,0,-0.0020398492730843523,72.08939940134684,3.6392203251520794,0.005445475201247635,8e-05,0.008628351999999999,0,0,0,230.31713110435535,0.12887369791666667,0.5613293647766113,273.2547824859619,0,0,0,0,0
1087488,354,334.01505379160466,438.1,0.005002000937011183,87.57784587580983,3.603303973267718,0.015453618363391397,8e-05,0.008601728,0.5,0.0,0.5,250.3692491290348,0.22989710365853658,0.5595940351486206,251.3619698315132,6.32929394717808,0.300764593725325,0.0,0,0.828014599246951
1090560,355,0,0,0.0010658440061230609,85.63864606492062,3.6684206394439047,0.011173739305458966,8e-05,0.008575104,0,0,0,226.1777762080864,0.18139128989361702,0.5794625282287598,205.6937202291286,0,0,0,0,0
1093632,356,262.17168796230266,385.0,0.0038232417006430954,83.88703260750606,3.583781702765103,0.023014448398476182,8e-05,0.00854848,0.4,0.1,0.5,225.65247139235518,0.32037984913793105,0.5920232534408569,435.19478449328193,6.281142684954089,0.3174592531359336,0.0,0,0.6335258989873214
1096704,357,0,0,0.03100586516250457,81.39513669695172,3.611850585256304,0.10059063781852769,8e-05,0.008521856000000001,0,0,0,223.87932018704882,0.5899832589285714,0.5709319114685059,367.1076872689383,0,0,0,0,0
1099776,358,258.821751843292,380.3,-0.00017015212991585335,104.55692240397136,3.702112905184428,0.004189310396526103,8e-05,0.008495232000000002,0.6,0.2,0.2,218.67210405456808,0.09293619791666667,0.5897960662841797,194.71476351420085,6.602154896792024,0.38088534312629735,0.0,0,0.6761505047569693
1102848,359,0,0,0.021535197998780536,120.50762827256146,3.6035064458847046,0.04758732969469502,8e-05,0.008468607999999999,0,0,0,224.63223557969488,0.2760799632352941,0.5126993656158447,411.93543198529414,0,0,0,0,0
1105920,360,309.36693894060613,394.3,0.0278632916804207,55.42298045911287,3.581417773899279,0.05860031387573976,8e-05,0.008441984,0.4,0.1,0.5,104.26749586701862,0.46268503289473684,0.6220320463180542,271.1664844312166,6.644960098479999,0.4178489297533744,0.0,0,0.6633181109402823
1108992,361,0,0,0.008945709901551406,74.43336486816406,3.640793874528673,0.015337123170811016,8e-05,0.00841536,0,0,0,244.65492584972046,0.2802951388888889,0.7041729688644409,175.38983306884765,0,0,0,0,0
1112064,362,359.38428428437476,439.9,0.017039842424256837,75.20158700382008,3.6632655999239754,0.02673317307799053,8e-05,0.008388736,0.4,0.1,0.5,239.04109983564013,0.34168198529411764,0.7037264108657837,192.5333360784194,6.867204934601832,0.40464780742999873,0.0,0,0.8248089356747098
1115136,363,0,0,0.009334827181757302,71.70759489729598,3.7567368391397835,0.017512772748305764,8e-05,0.008362112000000001,0,0,0,235.4437572658524,0.27739653716216217,0.679523229598999,180.4002375731597,0,0,0,0,0
1118208,364,375.08935209471247,439.4,0.012582653230338386,95.24884264396898,3.5673921324990014,0.022543439761546005,8e-05,0.008335488,0.3,0.1,0.6,234.88936012552028,0.26402698863636365,0.7138917446136475,281.08604592987984,7.265141502765732,0.48065714260444825,0.0,0,0.8926216467703689
1121280,365,0,0,0.01027484018355608,86.10562133789062,3.5926982498168947,0.04050418873085571,8e-05,0.008308864000000001,0,0,0,227.65103348525733,0.314296875,0.6511140465736389,249.4234049987793,0,0,0,0,0
1124352,366,308.78713266821245,389.7,0.0264234481040727,88.82794744318181,3.5623249899257314,0.05467348933136937,8e-05,0.00828224,0.6,0.0,0.4,226.28795290139982,0.42737926136363635,0.753933310508728,256.4425551674583,7.465975488803181,0.4926742203782027,0.0,0,0.789642870537544
1127424,367,0,0,3.0553084798157215e-05,104.4657958984375,3.659394419193268,0.0065496269506836536,8e-05,0.008255616,0,0,0,215.13445585119334,0.13837890625,0.830040454864502,279.03399594624835,0,0,0,0,0
1130496,368,277.42422783144906,331.8,0.008725274899383871,76.46084557510004,3.5975671803079,0.01319051955304873,8e-05,0.008228992000000001,0.6,0.0,0.4,211.111321362949,0.23566120426829268,0.7995380163192749,371.1429390325779,7.110824281630988,0.5146678987969832,0.0,0,0.7488382171949747
1133568,369,0,0,0.03511746082222089,128.2937297821045,3.397658348083496,0.061697965997171464,8e-05,0.008202368,0,0,0,232.4724184395387,0.4808349609375,0.7242169380187988,279.6807372570038,0,0,0,0,0
1136640,370,231.68744661283273,290.1,0.05121408853059014,99.46708552042644,3.6427805622418723,0.10763801929232474,8e-05,0.008175744,0.6,0.3,0.1,221.31797114407354,0.6056315104166666,0.7291210889816284,287.4317798614502,7.166685511742521,0.5664378636238927,0.0,0,0.5343481052479712
1139712,371,0,0,0.008370603689746488,85.29527064732143,3.6557280336107527,0.012667398287234111,8e-05,0.00814912,0,0,0,227.7644340997967,0.2376767113095238,0.7772911787033081,258.9372311546689,0,0,0,0,0
1142784,372,299.73607045205983,359.8,0.015074037238955498,101.48126098632812,3.5345330238342285,0.031224257415175174,8e-05,0.008122496,0.2,0.2,0.6,210.38269594456304,0.372109375,0.6683335304260254,295.2097569274902,7.120129775142194,0.4099983815233026,0.0,0,0.7006922850241261
1145856,373,0,0,0.00436148198787123,98.573570728302,3.639222614467144,0.017360134505009006,8e-05,0.008095872,0,0,0,226.27866574756612,0.28472900390625,0.7248963117599487,258.648162484169,0,0,0,0,0
1148928,374,263.65903590553097,318.3,0.0004931534739567879,67.28740416181849,3.6127809717300092,0.011089063345827897,8e-05,0.008069248,0.5,0.1,0.4,242.79569448821877,0.12898936170212766,0.7666685581207275,194.4168246654754,6.676633699629226,0.34562449515061056,0.0,0,0.6214812016345614
1152000,375,0,0,0.00444015153750245,90.47289385114398,3.6044537169592723,0.021317926850847244,8e-05,0.008042624000000002,0,0,0,203.56278324531408,0.2890625,0.6516357064247131,343.68079839433943,0,0,0,0,0
1155072,376,225.6669359157974,244.8,0.011945203319191933,93.05057700020926,3.5421183041163853,0.017936754777168728,8e-05,0.008016000000000002,0.8,0.0,0.2,248.19766169247285,0.22907366071428573,0.6660469770431519,245.28095245361328,7.476386907834609,0.31192092570875757,0.0,0,0.49920972639520944
1158144,377,0,0,-0.0011980557046307805,103.6102100840786,3.5439812425981487,0.00716208760717014,8e-05,0.007989376,0,0,0,209.61116885787789,0.15285773026315788,0.7129405736923218,322.4377484907184,0,0,0,0,0
1161216,378,289.2834534083498,350.2,0.005005703041596072,82.68230129423596,3.509181187266395,0.01141643464992707,8e-05,0.007962752,0.4,0.1,0.5,235.07552144608397,0.20038132440476192,0.6984289884567261,353.75444484892347,7.487251037713422,0.5825836327322523,0.0,0,0.7341968892975508
1164288,379,0,0,0.016469144412586765,92.3127197757844,3.6721838674237652,0.024703945271262094,8e-05,0.007936127999999999,0,0,0,195.42504570379754,0.234375,0.7857688665390015,341.4142057357296,0,0,0,0,0
1167360,380,287.58295055257014,349.1,0.006403329019020829,70.09875975714789,3.568581951989068,0.021741888946665098,8e-05,0.007909504000000001,0.4,0.3,0.3,198.68115551866208,0.2873263888888889,0.8279244899749756,256.12096140119763,7.181232405610554,0.6295320363178851,0.0,0,0.6530189690560798
1170432,381,0,0,-0.0004655464552342892,86.63502209981283,3.6985888838768006,0.004246605406913146,8e-05,0.007882880000000002,0,0,0,228.8595347524651,0.09645182291666667,0.7378893494606018,298.1057011286418,0,0,0,0,0
1173504,382,250.16815820957305,330.1,0.02366827637888491,89.03139919704861,3.610164827770657,0.030919304605870508,8e-05,0.007856256,0.4,0.4,0.2,241.28657430454632,0.3685980902777778,0.7138690948486328,357.9511964586046,6.563764251995896,0.6262094003787666,0.0,0,0.6126684341266769
1176576,383,0,0,0.027773737022653223,73.1047119140625,3.641782021522522,0.08485410742434059,8e-05,0.007829632,0,0,0,213.76508460110045,0.472265625,0.7651827335357666,429.2857789993286,0,0,0,0,0
1179648,384,330.6604247761195,424.5,0.012109527364373207,103.76271263328758,3.8873703286454484,0.01435709302628861,8e-05,0.007803008,0.4,0.1,0.5,202.02910084762712,0.24429898648648649,0.8330937623977661,561.2611985077729,6.26593404431645,0.4462777877006219,0.0,0,0.7155149305315153
1182720,385,0,0,0.004619437156290543,66.39500092297065,3.8326796903842832,0.011150293972170053,8e-05,0.007776384000000001,0,0,0,240.4160654757662,0.16363376524390244,0.8240317106246948,339.03935855772437,0,0,0,0,0
1185792,386,314.5747880552477,445.3,0.019190672660867374,48.54101295471192,3.958578332265218,0.03133824759862141,8e-05,0.007749760000000001,0.4,0.0,0.6,239.74818690564882,0.27890625,0.8366389870643616,175.8035500208537,5.88125673531475,0.6096696045257802,0.0,0,0.7791000573176698
1188864,387,0,0,0.00809996554673445,105.07525839456697,3.761337233752739,0.013777958348451776,8e-05,0.007723136,0,0,0,231.6903926747805,0.25814596036585363,0.6661669015884399,274.54714900691334,0,0,0,0,0
1191936,388,335.66433787508726,428.1,-0.0011582650477066636,109.76562856038412,3.8368263681729635,0.00368854420764369,8e-05,0.007696512000000001,0.3,0.3,0.4,198.56913073955843,0.07223307291666667,0.7947781682014465,368.74309933980305,6.413368505958647,0.613275984384891,0.0,0,0.730615154029731
1195008,389,0,0,-0.001585621624162384,127.78197090298522,3.5828645369585823,0.007522108541488471,8e-05,0.007669888,0,0,0,224.7294734137602,0.1321997549019608,0.7575919032096863,394.74987202064665,0,0,0,0,0
1198080,390,329.67397584836425,390.3,0.002015338600452604,75.4409636135759,3.7360402551190606,0.006188123855004213,8e-05,0.007643264,0.4,0.2,0.4,229.31993437395485,0.14126481681034483,0.8223795890808105,267.53138844720246,6.8339122991999535,0.495257713418359,0.0,0,0.7223840049242135
1201152,391,0,0,0.018190136551856993,72.1759326171875,3.6384509086608885,0.01958031035960718,8e-05,0.007616640000000001,0,0,0,227.10736997316658,0.33921875,0.6779564619064331,445.50462219238284,0,0,0,0,0
1204224,392,348.02110361094674,439.6,0.0197746520059119,78.79110244224812,3.59280199018018,0.0257143163210671,8e-05,0.007590016,0.1,0.1,0.8,245.08703533921368,0.30845905172413796,0.7375202775001526,224.03605441389413,6.359822321588685,0.3168159283600459,0.0,0,0.8617421979560602
1207296,393,0,0,0.0034105233110797903,82.8971692721049,3.653233766555786,0.026614390022601336,8e-05,0.007563392,0,0,0,213.65299438485476,0.3856608072916667,0.772283673286438,276.5478518803914,0,0,0,0,0
1210368,394,352.74852682920255,423.2,0.00036719275328020255,110.5967788696289,3.6706671953201293,0.007606954861454993,8e-05,0.007536768000000001,0.3,0.1,0.6,210.94854168697447,0.14446614583333334,0.6605193614959717,283.53585859934486,6.913200474248875,0.3360084961157033,0.0,0,0.8294321272073727
1213440,395,0,0,-0.0008679195617636045,126.23981628417968,3.6255144755045574,0.0041055701469349965,8e-05,0.007510144,0,0,0,241.4028029879768,0.08723958333333333,0.6154876351356506,392.5038225809733,0,0,0,0,0
1216512,396,194.79206801765838,316.3,0.010948758186506374,106.46528908865793,3.7776676041739328,0.016669135906607208,8e-05,0.0074835200000000004,0.7,0.1,0.2,215.43938663262415,0.2642299107142857,0.7000623941421509,309.0456806727818,6.6222466445823285,0.3235143167594959,0.0,0,0.6153262035677677
1219584,397,0,0,-0.0015362027101218701,117.0898333231608,3.619604233900706,0.0037179305063020796,8e-05,0.007456895999999999,0,0,0,204.81616338493356,0.08974609375,0.6503075361251831,395.7859047571818,0,0,0,0,0
1222656,398,349.8294923860088,415.4,-0.0025798006138453883,121.58391176859537,3.7024343252182006,0.0036433082546911562,8e-05,0.007430272,0.2,0.2,0.6,216.14154112692378,0.08157552083333333,0.6633508205413818,328.4527447382609,7.178101099174375,0.39245179104279987,0.0,0,0.8511996586730094
1225728,399,0,0,0.004315562163376146,64.63234498765733,3.7748202906714545,0.009039974802814998,8e-05,0.0074036480000000005,0,0,0,215.7713439339691,0.15911458333333334,0.7169068455696106,231.57855996025933,0,0,0,0,0
1228800,400,349.95365673448765,455.8,0.011534615306917465,61.26738947088068,3.7429408593611284,0.023989121484318157,8e-05,0.007377024000000001,0.2,0.1,0.7,222.5751263794991,0.27172111742424243,0.7049106955528259,265.5621289339933,6.196147692078607,0.38824817483864493,0.0,0,0.8319986757090672
1231872,401,0,0,0.020487306492501182,87.36731117650082,3.6035861718027213,0.04494522640629987,8e-05,0.007350400000000002,0,0,0,233.10911487460416,0.42012746710526316,0.679689884185791,209.84732597752622,0,0,0,0,0
1234944,402,246.9317022192009,357.3,0.0025017098165475405,55.69459401644193,3.6415630212196937,0.012197724431580568,8e-05,0.007323775999999999,0.7,0.0,0.3,207.97606783328706,0.19456129807692307,0.7296503782272339,233.6700581770677,6.46570444275058,0.37274135390770496,0.0,0,0.5945063020777037
1238016,403,0,0,0.06415099992106359,108.58593686421712,3.6899931828180947,0.1423171112935636,8e-05,0.0072971519999999995,0,0,0,213.28138698281393,0.623046875,0.5952416658401489,312.306183497111,0,0,0,0,0
1241088,404,325.22927050394367,413.4,-0.00011748837617536386,65.80725765228271,3.6472013115882875,0.005186022098262347,8e-05,0.007270528000000002,0.6,0.1,0.3,214.57102185044062,0.10849609375,0.7902207374572754,283.27394212086995,6.752132795179866,0.36929066029659285,0.0,0,0.6992602079816849
1244160,405,0,0,0.0014159641957477384,96.49639262323794,3.7257512652355693,0.007460672629789174,8e-05,0.007243904000000001,0,0,0,221.03945341544753,0.109375,0.7340071201324463,530.5620901688286,0,0,0,0,0
1247232,406,410.5850861905371,481.9,0.0063565919295914715,82.43757826282132,3.5336229108995005,0.022284998261802674,8e-05,0.007217280000000001,0.0,0.1,0.9,253.85001674221084,0.25951360887096775,0.667153000831604,314.3410345508206,6.6185836895933905,0.2775372427782242,0.0,0,0.944858286394442
1250304,407,0,0,0.026421873896781887,69.39076205662319,3.7873135805130005,0.10087512852627681,8e-05,0.007190656000000002,0,0,0,217.66071229026474,0.5192522321428571,0.8030496835708618,201.38773645673479,0,0,0,0,0
1253376,408,281.14440377107593,389.6,0.021649375732522458,103.17216873168945,3.704575836658478,0.042733285925367924,8e-05,0.007164032000000001,0.6,0.2,0.2,236.23786417049928,0.4761962890625,0.8210450410842896,291.0426540374756,6.528829274869655,0.5087516419858984,0.0,0,0.6686873691212997
1256448,409,0,0,0.006453829579228579,64.48784468894782,3.6559898576071097,0.014738758162299748,8e-05,0.007137408000000001,0,0,0,252.65123832011,0.2699400436046512,0.7365916967391968,307.2900586682697,0,0,0,0,0
1259520,410,418.73739629277634,507.6,0.025058415966729322,83.36435190836589,3.6058327833811443,0.04905800124011186,8e-05,0.007110784,0.1,0.0,0.9,244.97868560833092,0.495703125,0.7091819047927856,251.44436950683593,6.65052072281605,0.46391755308914273,0.0,0,0.975954217004533
1262592,411,0,0,0.004671381236985326,126.7443637084961,3.7333219146728513,0.011856289160211902,8e-05,0.007084160000000001,0,0,0,210.2949864265263,0.2428125,0.6923799514770508,368.36477798461914,0,0,0,0,0
1265664,412,438.92094062183514,626.8,0.0011996880436883025,80.15190224025561,3.603049822475599,0.008056684364899099,8e-05,0.007057536000000001,0.2,0.1,0.7,223.95841186639254,0.15850033967391305,0.7454860210418701,352.39580054905105,5.6629170418433725,0.3918255501612725,0.0,0,0.878000365142387
1268736,413,0,0,0.0002903249114751816,54.28579932764957,3.763518262327763,0.0068942495589135976,8e-05,0.007030912,0,0,0,212.7362099945768,0.13291529605263158,0.8004056811332703,283.79697893376937,0,0,0,0,0
1271808,414,344.73330580169903,468.1,0.021971950874380444,64.91835370271102,3.853838194971499,0.02858905994547075,8e-05,0.007004288000000001,0.3,0.1,0.6,264.5683649347269,0.3454483695652174,0.8145422339439392,288.8145891272503,6.217468639818516,0.2570395810691831,0.0,0,0.7903032636883699
1274880,415,0,0,0.05584387163348172,40.189813033394195,3.8326737362405527,0.12887927907034014,8e-05,0.006977664,0,0,0,219.8088105637592,0.4358016304347826,0.7976404428482056,312.91852967635447,0,0,0,0,0
1277952,416,468.3460103400501,691.3,0.06127948517149145,101.74264110218395,4.0563036745244805,0.1519190147519309,8e-05,0.00695104,0.1,0.0,0.9,247.8543963116369,0.6837713068181818,0.7523530721664429,784.7189677845348,5.400071918252115,0.2839008115062848,0.0,0,0.9560737922042033
1281024,417,0,0,0.00990887954165893,90.31360489981515,4.178153361592974,0.02289889249370163,8e-05,0.006924416000000001,0,0,0,189.91666019112498,0.33363560267857145,0.7012362480163574,643.0970241001675,0,0,0,0,0
1284096,418,444.28589591199113,697.2,0.05082735379359552,57.8195550101144,4.035639524459839,0.05279401204151175,8e-05,0.006897792,0.3,0.0,0.5,254.24689046877683,0.5655691964285714,0.7406111359596252,491.12760162353516,5.2852514084501205,0.4548885475253896,0.0,0,0.8884616731467065
1287168,419,0,0,-0.000439756375271827,62.5943696975708,3.92711820602417,0.004369346232854733,8e-05,0.006871168000000002,0,0,0,226.3752663575208,0.07060546875,0.7308635711669922,358.23021876017253,0,0,0,0,0
1290240,420,471.4669431309341,581.0,0.015600803010165691,37.47407135009766,3.966455364227295,0.028612884953628365,8e-05,0.006844543999999999,0.2,0.0,0.8,242.22836087642102,0.40265625,0.7911090850830078,208.2595184326172,6.26573666155025,0.31034926137796315,0.0,0,0.8977449668819366
1293312,421,0,0,0.0029296824173565875,52.180899843256526,3.7439849985406752,0.009714767978372608,8e-05,0.00681792,0,0,0,244.94958283257063,0.19240359042553193,0.728104829788208,211.04070671568525,0,0,0,0,0
1296384,422,406.513065247021,524.8,0.002206016813094417,81.28350321451823,3.979893676439921,0.005997814137182145,8e-05,0.0067912960000000005,0.1,0.0,0.9,208.95123564825712,0.13694661458333332,0.687364935874939,308.06372655232747,6.032711565400989,0.31081230990100794,0.0,0,0.9125871541600066
1299456,423,0,0,0.0013576243987439998,49.15273169108799,3.8626027362687245,0.006767642114681582,8e-05,0.006764672000000001,0,0,0,244.97634744386292,0.11812918526785714,0.8078797459602356,281.49918345042636,0,0,0,0,0
1302528,424,370.87951476288464,469.2,0.003941465862729448,69.8046814938809,3.8105264724569117,0.012002871503089502,8e-05,0.006738048000000002,0.1,0.2,0.7,195.31509548889028,0.21438663563829788,0.7468588352203369,375.9717064715446,5.832339655956277,0.45586623558537226,0.0,0,0.8091883951121375
1305600,425,0,0,0.009808337861864731,72.73820390372441,3.8498743813613365,0.028469821092973024,8e-05,0.006711424000000002,0,0,0,212.35908792651188,0.3486664870689655,0.7294248342514038,432.8214453335466,0,0,0,0,0
1308672,426,405.10815027139404,467.8,0.006530484331673698,66.96663806312962,3.7463683705580864,0.03769044908558074,8e-05,0.006684799999999999,0.3,0.1,0.6,251.11748400232048,0.4349300986842105,0.7892576456069946,252.71861889487818,6.884892129829902,0.30117618175316735,0.0,0,0.8570386415851287
1311744,427,0,0,0.0020549894709672245,57.57518586658296,3.759484132130941,0.011375359958043634,8e-05,0.006658176,0,0,0,197.35529164187773,0.18601190476190477,0.7756267786026001,368.802459807623,0,0,0,0,0
1314816,428,361.4368242268405,498.5,0.0007046489045023918,69.89161904652913,3.7482976357142133,0.006476971793264916,8e-05,0.006631552000000001,0.3,0.0,0.7,269.338367988955,0.13056640625,0.5897276997566223,343.16866772969564,5.956687047456052,0.274438839511146,0.0,0,0.861000561140823
1317888,429,0,0,0.00291602508869113,44.69827884581031,3.8477877116784818,0.011734946584050986,8e-05,0.006604928000000001,0,0,0,232.6976366192043,0.20984184451219512,0.7583408951759338,203.12566915372523,0,0,0,0,0
1320960,430,354.38650523849844,466.0,0.005475681224787557,51.23154088613149,3.7991671948819548,0.016760919469642446,8e-05,0.006578304000000002,0.2,0.1,0.7,220.14168942990642,0.24588260135135134,0.7999612092971802,240.87272870862807,6.310506387984697,0.35731719555146446,0.0,0,0.7866847882969517
1324032,431,0,0,0.0016232023660380107,84.81379127502441,3.9291645196767955,0.008635692917433251,8e-05,0.006551680000000001,0,0,0,207.47259815992223,0.14152644230769232,0.7597272992134094,317.76098508101245,0,0,0,0,0
1327104,432,441.81670201075497,586.0,0.00012781984276241727,75.23576032850477,3.7996891445583767,0.0066405679616727735,8e-05,0.0065250559999999996,0.2,0.1,0.7,229.14712210897628,0.12552083333333333,0.7137633562088013,728.2241962009006,6.51156013034736,0.431125825867629,0.0,0,0.8896037896095977
1330176,433,0,0,0.014519874627391497,46.3240348815918,3.693558621406555,0.02714135615000523,8e-05,0.006498432,0,0,0,199.352469903079,0.2763671875,0.671711802482605,394.18787994384763,0,0,0,0,0
1333248,434,351.39540298251876,478.4,0.002103782391973904,66.20554055972976,3.66726422796444,0.009545799708878273,8e-05,0.006471808000000001,0.4,0.0,0.6,206.39006921271994,0.18941326530612246,0.7229264974594116,318.4292121420101,6.319650169590144,0.3468571627614148,0.0,0,0.7648741907193413
1336320,435,0,0,0.007679182691904513,73.95842029737389,3.6592308282852173,0.012067649194610392,8e-05,0.006445184000000001,0,0,0,239.33628261281203,0.21042798913043478,0.6419240236282349,351.1013635552448,0,0,0,0,0
1339392,436,290.31808894907886,377.9,0.005249318309388188,61.03579774013785,3.705567725869112,0.01215940561189562,8e-05,0.00641856,0.5,0.1,0.4,217.88341297003123,0.21434411337209303,0.7600181102752686,201.76519393920898,6.687162948847785,0.48101094722189935,0.0,0,0.7517450477947287
1342464,437,0,0,0.0010941612999886274,66.94653288523357,3.908574471871058,0.010953351750993386,8e-05,0.006391936000000001,0,0,0,218.18069254651996,0.20662434895833334,0.855247437953949,254.10687335332236,0,0,0,0,0
1345536,438,366.517303955845,442.3,0.015858508613226668,59.49762943812779,3.722993697438921,0.02923430056295472,8e-05,0.006365312,0.5,0.1,0.4,200.90542830018913,0.2762974330357143,0.8450409770011902,259.99696608952115,6.611306293455303,0.490743432368029,0.0,0,0.7185108893843355
1348608,439,0,0,0.19578466361219232,103.25956934148616,3.8749703710729424,1.124363408847311,8e-05,0.006338688,0,0,0,223.9108801149602,0.8252840909090909,0.7880265116691589,304.47871884432703,0,0,0,0,0
1351680,440,308.747933593661,625.4,0.03210825240239501,188.36230850219727,3.979901611804962,0.08372362586671063,8e-05,0.006312064000000001,0.5,0.0,0.5,227.99926806103716,0.67138671875,0.5849934816360474,1587.2946268717449,4.69462054226293,0.7744452385265042,0.0,0,0.8033295189210958
1354752,441,0,0,-0.0013631819662722675,87.76625282981179,3.8711823680184105,0.008105822064684414,8e-05,0.00628544,0,0,0,225.553900317896,0.15944602272727273,0.5431044101715088,548.3640858043324,0,0,0,0,0
1357824,442,371.44587198638425,521.4,0.006553290626750543,38.309349549122345,3.8972623470502024,0.0149876234682843,8e-05,0.006258816,0.2,0.0,0.8,234.494544625325,0.2555088141025641,0.8303968906402588,179.97650831173627,5.615023953219448,0.60374515700468,0.0,0,0.9140029713829227
1360896,443,0,0,0.0005600063751141231,58.561455408732094,3.7828448891639708,0.0067616876923010955,8e-05,0.006232192000000003,0,0,0,240.8773777685219,0.14908854166666666,0.7385289669036865,354.3876946767171,0,0,0,0,0
1363968,444,228.84937071394535,350.0,0.011318965307013555,58.61402338201349,3.9087809071396338,0.018728529662253465,8e-05,0.006205568,0.6,0.2,0.2,214.0038312043181,0.2685842803030303,0.8614675998687744,282.89943302038944,5.619059834418551,0.6969357064039305,0.0,0,0.590774657490753
1367040,445,0,0,0.0027150531338217356,82.86558437347412,3.677400996287664,0.015180715384010229,8e-05,0.0061789440000000004,0,0,0,222.40225692456468,0.24580891927083334,0.7801303267478943,366.12290930747986,0,0,0,0,0
1370112,446,378.92355169691183,511.9,-0.0002650809163848559,76.60716908772787,3.7904586752255756,0.004562308888615474,8e-05,0.006152319999999999,0.3,0.2,0.5,191.82587312589274,0.09674479166666666,0.7248472571372986,499.5937271118164,5.917717183430414,0.5656886564088716,0.0,0,0.7932079703485014
1373184,447,0,0,0.00023902527367075283,62.687654707166885,3.7459341049194337,0.009451095539978612,8e-05,0.006125696000000002,0,0,0,247.39915245416356,0.1361111111111111,0.7641721963882446,326.3566281636556,0,0,0,0,0
1376256,448,425.1543785164441,606.5,0.02096046610368472,59.03724589492335,3.7924797029206245,0.03479568208356796,8e-05,0.006099072000000002,0.0,0.0,1.0,251.22699316454597,0.2401751893939394,0.805181086063385,254.40708761504203,5.433819920246987,0.3853974719554887,0.0,0,1.0
1379328,449,0,0,0.015419867933925354,45.54360511086204,3.672018130620321,0.019950172659297324,8e-05,0.006072448000000001,0,0,0,234.45028936408028,0.3270004734848485,0.8387776017189026,325.3596859556256,0,0,0,0,0
1382400,450,289.37463713234723,475.0,-0.0012843831811614078,46.9117379024111,3.6576262301412124,0.008024835700156196,8e-05,0.006045824,0.4,0.1,0.5,232.58805886159942,0.14032192887931033,0.7828823328018188,252.94899785929712,5.485358859081955,0.562991514179692,0.0,0,0.7956542063369871
1385472,451,0,0,-0.00107486288373669,66.34237823486328,3.687155067920685,0.004633905461139713,8e-05,0.006019199999999999,0,0,0,218.74203659605055,0.10022786458333334,0.5416876077651978,313.823485883077,0,0,0,0,0
1388544,452,374.91815435685714,574.0,0.004026471071091353,80.11696759392234,3.776546828887042,0.009525274323747569,8e-05,0.005992576000000001,0.2,0.0,0.8,217.29018188970943,0.18290441176470587,0.7048045992851257,264.0210186079437,5.357155765666368,0.4826571667914511,0.0,0,0.9145233787744932
1391616,453,0,0,0.005274882009770308,29.99530177646213,3.6066658165719776,0.01525793644315556,8e-05,0.005965952000000002,0,0,0,247.31616990191694,0.24641927083333334,0.7866718173027039,132.6075168715583,0,0,0,0,0
1394688,454,370.7549684713473,594.5,0.013451645926882824,34.3583314259847,3.832688895861308,0.022794540723169946,8e-05,0.005939328000000001,0.2,0.0,0.8,252.16715962443658,0.36302083333333335,0.7591660022735596,196.42308464050294,5.319179868470939,0.3312555382842553,0.0,0,0.8998456645121209
1397760,455,0,0,0.04040715196991668,69.53982431748334,3.6484685925876392,0.03235438197633007,8e-05,0.005912704000000001,0,0,0,272.77670868440856,0.45369944852941174,0.601414680480957,616.3747307272519,0,0,0,0,0
1400832,456,375.10327687456027,552.6,0.0002561637860101958,72.63505689303081,3.7485466450452805,0.011799109577022612,8e-05,0.005886080000000002,0.2,0.1,0.7,222.5213738803925,0.2281494140625,0.6321704387664795,308.16511074701947,5.787501825033658,0.3245304845990758,0.0,0,0.8423379744964684
1403904,457,0,0,-0.003146855812519789,72.93860721588135,3.4819321354230244,0.008754159347157299,8e-05,0.005859456000000001,0,0,0,220.7312144699912,0.19244791666666666,0.6411874294281006,348.9995476404826,0,0,0,0,0
1406976,458,381.62821414281456,532.3,0.017762432657182217,46.64043304443359,3.7182662105560302,0.039236623233895124,8e-05,0.005832832000000001,0.2,0.0,0.8,239.5403030976636,0.350234375,0.7247132062911987,180.85322647094728,5.882632613138172,0.4494677902103211,0.0,0,0.8992610266311798
1410048,459,0,0,-0.00037243262864649295,49.62020736694336,3.5962794399261475,0.009698511768077834,8e-05,0.005806208,0,0,0,181.62768980534128,0.1780078125,0.7321556806564331,194.78962181091308,0,0,0,0,0
1413120,460,397.65494339590805,575.8,0.010950210814674696,46.20733358921149,3.6531924651219296,0.020700149966457793,8e-05,0.005779584000000001,0.0,0.2,0.7,233.5187836618032,0.30639022435897434,0.7709415555000305,224.5836457961645,5.463908590083235,0.37160582460271674,0.0,0,0.8765110992194785
1416192,461,0,0,0.022879010592789753,37.96758104407269,3.9731852386308755,0.06456067473071912,8e-05,0.005752960000000001,0,0,0,82.49972159253322,0.3702445652173913,0.8390986919403076,242.55686527749768,0,0,0,0,0
1419264,462,273.26472723186566,425.9,-0.0017595680042480429,109.44210268656413,3.795902359485626,0.005850264730789817,8e-05,0.005726336000000002,0.3,0.0,0.7,209.95290400317978,0.13763020833333334,0.5547541975975037,399.98533261617024,5.485217095234324,0.29752987893802085,0.0,0,0.7662083465161839
1422336,463,0,0,-0.002843477576971054,98.28000704447429,3.791780948638916,0.0055476856747851576,8e-05,0.005699712000000001,0,0,0,231.7467243875383,0.13134765625,0.6430391073226929,551.9235951741537,0,0,0,0,0
1425408,464,239.23449905910812,364.1,-0.0010764957810549633,55.45815078071926,4.248226559680441,0.010683443502158878,8e-05,0.005673088,0.5,0.1,0.4,208.76030170265292,0.1734884510869565,0.8049935102462769,279.98276287576425,5.909411686994554,0.4864556057723637,0.0,0,0.6274028550072148
1428480,465,0,0,0.0012716603465378284,75.45419243706597,3.9532242563035753,0.013062420874491715,8e-05,0.005646464,0,0,0,219.12507780189938,0.24522569444444445,0.6615691184997559,351.50613674587674,0,0,0,0,0
1431552,466,325.90075536982545,533.2,0.009947890415787697,81.27319975822202,3.938345278463056,0.024429356453538224,8e-05,0.005619840000000001,0.3,0.0,0.7,224.15144702124988,0.28030493951612906,0.6494477987289429,397.8715534825479,4.946129694630052,0.30652301719494907,0.0,0,0.7918650547919508
1434624,467,0,0,0.0023699444718658924,66.14361847278684,3.936031846112983,0.013995777349926032,8e-05,0.0055932160000000015,0,0,0,208.5550244209515,0.2662609011627907,0.768662691116333,284.2286212832429,0,0,0,0,0
1437696,468,365.4011605595474,564.4,0.005627394011565323,51.210247960583914,4.048435540034853,0.018702524792459773,8e-05,0.005566592000000002,0.4,0.0,0.5,254.13406669140113,0.2846174568965517,0.7366476058959961,312.87144917455214,5.798248004052566,0.3035044900398786,0.0,0,0.7751588124796269
1440768,469,0,0,0.003711851006373763,63.26519287109375,3.925912866592407,0.008541303454556625,8e-05,0.005539967999999999,0,0,0,185.05039754183414,0.17546875,0.7565838694572449,350.3383497619629,0,0,0,0,0
1443840,470,369.97932071115497,521.4,0.004189290831653545,59.08786678314209,3.858428900058453,0.010477402394131244,8e-05,0.005513344,0.2,0.0,0.8,237.22240418719417,0.171875,0.6900547742843628,335.82292520082916,5.6412867298943254,0.30734368253285277,0.0,0,0.9005577991802985
1446912,471,0,0,0.0017285067510480682,42.9380703608195,4.134260797500611,0.0056866512973442526,8e-05,0.0054867200000000005,0,0,0,205.2673433228319,0.10091145833333333,0.8348225951194763,269.0160022099813,0,0,0,0,0
1449984,472,436.96696040334143,680.1,0.008662915224895665,51.287424288297956,3.879050148160834,0.015001092210269658,8e-05,0.005460096000000001,0.1,0.1,0.7,258.67350070462714,0.22491776315789475,0.8350915908813477,540.2625016664203,5.151852949151747,0.3301430074254813,0.0,0,0.8930877669078704
1453056,473,0,0,0.0013348728841678663,54.91448440551758,4.0624346039511945,0.007536450523716997,8e-05,0.005433472000000002,0,0,0,206.6567540384181,0.14637784090909092,0.734362006187439,260.9965859153054,0,0,0,0,0
1456128,474,409.5111490736778,665.4,0.0018341937199390184,29.38687026500702,4.179334074258804,0.012078667089256116,8e-05,0.005406848000000002,0.2,0.0,0.8,234.24158230057492,0.21883138020833334,0.8067703247070312,385.153627594312,4.654775658714585,0.32141276274756037,0.0,0,0.8683912820549246
1459200,475,0,0,0.070940056392415,42.0697565945712,4.481041778217662,0.32040711695499263,8e-05,0.005380223999999999,0,0,0,245.40055461519015,0.6999289772727273,0.8564711213111877,512.2356678355824,0,0,0,0,0
1462272,476,411.20910747578745,673.1,0.0025099271305781953,41.23869660321404,4.340303042355706,0.01527325585417129,8e-05,0.005353600000000002,0.3,0.0,0.6,226.34105174786072,0.23592601102941177,0.8706740736961365,350.9158041336957,4.5178472962429606,0.5839777596879444,0.0,0,0.8293644227345138
1465344,477,0,0,0.01809238855327879,34.095599401564826,4.192547798156738,0.04240960895273086,8e-05,0.005326976000000001,0,0,0,273.31678560297485,0.37732514880952384,0.8363867402076721,203.54554276239304,0,0,0,0,0
1468416,478,316.855250649073,645.2,0.014236533977091313,41.61569107055664,4.243795757293701,0.0247164598712763,8e-05,0.005300352000000001,0.3,0.0,0.5,264.75394212066954,0.374296875,0.7628366947174072,450.49978302001955,4.151218715811225,0.6858266971571656,0.0,0,0.7752141997717981
1471488,479,0,0,-0.0032788333960641655,32.227226110605095,4.141964643429487,0.03322038802808475,8e-05,0.005273728000000002,0,0,0,240.37922425628975,0.21198918269230768,0.8324929475784302,234.6113823621701,0,0,0,0,0
1474560,480,377.7228184507927,627.3,0.005169274285435677,36.74637794494629,4.1167179605235225,0.011674156294805664,8e-05,0.005247104000000001,0.2,0.2,0.6,237.66286348469237,0.22826086956521738,0.7873129844665527,360.6725527721903,4.888000146282386,0.6991865106382689,0.0,0,0.8731282011627277
1477632,481,0,0,0.006505142387357496,57.67237245468866,4.076783452715192,0.01409530527876406,8e-05,0.005220480000000001,0,0,0,251.2212475092886,0.21363467261904762,0.7894712686538696,274.5236523037865,0,0,0,0,0
1480704,482,450.46777712444356,795.4,0.021136570293456315,46.30778091430664,4.170877475738525,0.028474261006347656,8e-05,0.005193856,0.0,0.0,0.8,263.3265479243252,0.323671875,0.844472348690033,427.5193778991699,4.474031867793732,0.326203458520863,0.0,0,0.9498876099510805
1483776,483,0,0,0.019321279642595487,40.82003974914551,4.2310967662117696,0.025177748418762257,8e-05,0.005167232000000001,0,0,0,233.8300038028289,0.2919034090909091,0.835386335849762,187.00295014814898,0,0,0,0,0
1486848,484,433.48886502034037,619.1,0.029736753281516332,27.202180067698162,4.112133204936981,0.15948016962891834,8e-05,0.005140608000000001,0.1,0.0,0.9,271.50368520858154,0.40234375,0.7927190661430359,254.49106709162393,5.560960056135202,0.29246638732688346,0.0,0,0.9644387172205
1489920,485,0,0,0.05617038905620575,38.34899462186373,4.222316411825327,0.13455089167335343,8e-05,0.005113984,0,0,0,224.59696022215485,0.6277043269230769,0.7485802173614502,183.38849786611704,0,0,0,0,0
1492992,486,299.3466593833449,504.4,-0.0022049941450219463,93.79251352945964,3.973840082133258,0.011451872956031197,8e-05,0.005087360000000003,0.4,0.0,0.6,211.73770170901645,0.20207609953703703,0.6187086701393127,318.60106263337315,5.892750485070768,0.525594170405945,0.0,0,0.7697161688305644
1496064,487,0,0,0.012224705889821053,73.85225652879284,4.209363137522051,0.018805477018066855,8e-05,0.005060736,0,0,0,211.06941435433325,0.26953125,0.7502038478851318,395.9714639725224,0,0,0,0,0
1499136,488,-44.52986312767219,48.4,0.2184458855031566,209.18416942249644,3.953001867641102,0.7831227061423554,8e-05,0.005034112,1.0,0.0,0.0,241.15297129767433,0.8073508522727273,0.43527698516845703,1128.7120527787642,2.5956794576710758,0.6570535399024191,0.0,0,0.047770465539477794
1502208,489,0,0,0.001804197319196882,189.45975819340458,4.019996347250761,0.010546246406639363,8e-05,0.005007488000000001,0,0,0,216.03204521534,0.20384837962962962,0.4235626459121704,3582.2049840291343,0,0,0,0,0
1505280,490,-116.48812241263788,114.0,0.001970112578150023,81.16688685946994,4.133332720509282,0.009068685211088733,8e-05,0.005,1.0,0.0,0.0,210.1524463814825,0.15523726851851852,0.3880246877670288,697.4917453483299,2.8012636852689132,0.5675733026500612,0.0,0,0.09407284327935547
1508352,491,0,0,0.004361135020319905,114.06534031459263,4.0704231602805,0.01678426904947947,8e-05,0.005,0,0,0,226.09729199360143,0.22735305059523808,0.3632504343986511,389.23325139000303,0,0,0,0,0
1511424,492,-28.479407995865916,41.4,0.020153205072426277,75.60216820758322,4.043521818907364,0.027850479469642083,8e-05,0.005,1.0,0.0,0.0,193.49288443082827,0.27700407608695654,0.026327192783355713,257.01070205025053,2.338695640828681,0.5328231611002836,0.0,0,0.03250892106807467
1514496,493,0,0,0.024230907387707546,41.53850621762483,4.014468628427257,0.038301077934567405,8e-05,0.005,0,0,0,212.06295155989412,0.3674422554347826,0.13049465417861938,88.29450035095215,0,0,0,0,0
1517568,494,-21.756672389456092,37.4,0.01666954696049978,22.831497587006666,3.7412407973716997,0.04126828127733869,8e-05,0.005,1.0,0.0,0.0,204.29218999993768,0.3250942887931034,0.16445684432983398,83.21812616545579,2.097592608181418,0.5030114392799934,0.0,0,0.02578056200765832
1520640,495,0,0,0.010175772983094921,30.211073170537535,4.099977617678435,0.03129240398741599,8e-05,0.005,0,0,0,235.08531742625286,0.3745754076086957,0.32044583559036255,38.54191452523936,0,0,0,0,0
1523712,496,-17.25237570275192,33.8,0.029296911200103554,30.375188495801844,4.105959291043489,0.06820714239883575,8e-05,0.005,1.0,0.0,0.0,231.84098433899976,0.4665421195652174,0.3994402289390564,50.17121692325758,2.6830230958231622,0.4586504995190574,0.0,0,0.03637877498076851
1526784,497,0,0,0.0031397538259625435,44.61624787648519,4.136061076323191,0.011956634694558207,8e-05,0.005,0,0,0,217.7452654704246,0.20611979166666666,0.45064061880111694,88.69343957901,0,0,0,0,0
1529856,498,-42.57122038320566,39.6,0.0011657981312502238,38.43046547194659,4.001483868744414,0.006637103718480048,8e-05,0.005,1.0,0.0,0.0,212.602567090357,0.1400291313559322,0.4928908348083496,108.8576322005967,2.4623030641429793,0.7405163064348069,0.0,0,0.032683100284172026
1532928,499,0,0,0.009689095481816266,29.447983264923096,3.9584679206212363,0.019175924441603407,8e-05,0.005,0,0,0,206.85715727842685,0.2393120659722222,0.5367429256439209,134.93215152952405,0,0,0,0,0
1536000,500,-20.89215778282027,36.2,0.05062215741385113,39.38203395496715,4.125728607177734,0.09632611782716483,8e-05,0.005,1.0,0.0,0.0,238.738155352112,0.6716974431818182,0.4788792133331299,114.36434451016513,2.814506459652572,0.6055215522653328,0.0,0,0.039231695894600585
1539072,501,0,0,0.07850192216309634,30.78748911077326,3.401174610311335,0.5155261507766011,8e-05,0.005,0,0,0,233.22638182072217,0.7631392045454546,0.4949606657028198,230.80686916004527,0,0,0,0,0
1542144,502,-18.622201992902813,26.8,0.0059035909702865085,14.40893610512338,3.3328994250879056,0.013350616058729087,8e-05,0.005,1.0,0.0,0.0,254.33387709415737,0.17878239329268292,0.510527491569519,248.43081851121855,2.733024024529611,0.495463503131905,0.0,0,0.026347586107974063
1545216,503,0,0,0.02500753303023952,10.02063367984913,3.2674669689602323,0.11474013240595635,8e-05,0.005,0,0,0,254.58682886740638,0.3563368055555556,0.5598085522651672,174.6051352818807,0,0,0,0,0
1548288,504,-14.373125235702616,29.2,0.06718061190958206,3.854858948634221,3.3003285297980676,0.14093748938580675,8e-05,0.005,1.0,0.0,0.0,263.2831366571872,0.611328125,0.6739534139633179,45.289808346674995,3.011468298598713,0.4982853906827601,0.0,0,0.027962825049737593
1551360,505,0,0,0.018812383428729814,3.7609151725111336,3.1479515536078093,0.027663710495015533,8e-05,0.005,0,0,0,253.45615499698565,0.4059132543103448,0.7306278944015503,53.79454550249823,0,0,0,0,0
1554432,506,-12.881044455385453,29.2,0.016395673395267554,4.8608784743717735,3.2084022181374685,0.023187673434490418,8e-05,0.005,1.0,0.0,0.0,261.0883271271784,0.30379464285714286,0.7281765937805176,38.229571860177174,3.063178241621087,0.4949443001171687,0.0,0,0.027326413699826246
1557504,507,0,0,0.02378063148353249,3.769009900093079,3.0631208658218383,0.04419953841718743,8e-05,0.005,0,0,0,261.3511518909006,0.40498046875,0.7564935088157654,43.7041678905487,0,0,0,0,0
1560576,508,-14.996073817453913,31.7,0.05311719497496432,3.4456170905720103,2.924677762118253,0.15260286222807512,8e-05,0.005,1.0,0.0,0.0,274.67971564069546,0.6867897727272727,0.8081109523773193,63.28503548015248,2.971943450336415,0.5235800195932372,0.0,0,0.033635944557187644
1563648,509,0,0,0.020208623976661608,9.204054557360136,3.360870755635775,0.03024089472064723,8e-05,0.005,0,0,0,283.1583884932345,0.3934795673076923,0.668377161026001,60.34794073838454,0,0,0,0,0
1566720,510,-15.31315137733807,36.1,0.015982181299477816,4.94712207867549,3.3139675763937144,0.032369012890679685,8e-05,0.005,1.0,0.0,0.0,277.7288057251411,0.3718449519230769,0.7933974862098694,61.53708665187542,3.02525005950923,0.49629743472296156,0.0,0,0.03585962708130242
1569792,511,0,0,0.0037972783181993734,4.70596920876276,3.291975185984657,0.015712753257030903,8e-05,0.005,0,0,0,256.430103726319,0.20675223214285715,0.7551372051239014,65.29185274669102,0,0,0,0,0
1572864,512,-14.542267099458646,33.8,0.002474832481571606,5.562395082201276,3.446657950537545,0.013935249558257194,8e-05,0.005,1.0,0.0,0.0,265.5389461116909,0.20189732142857142,0.7539340257644653,43.128141157967704,2.758274975032255,0.45018591691580057,0.0,0,0.037024518213206514
1575936,513,0,0,0.011366775569816431,5.34211590795806,3.431531638810129,0.02867620001251519,8e-05,0.005,0,0,0,269.89278143270985,0.3293678977272727,0.7829799652099609,28.57400587833289,0,0,0,0,0
1579008,514,-17.282572240837386,30.3,0.008654234659237167,4.519362241029739,3.3697035710016885,0.02489382310888015,8e-05,0.005,1.0,0.0,0.0,259.7456857293968,0.3213704427083333,0.8010212779045105,43.64686862627665,2.511387531494499,0.5414465640368091,0.0,0,0.030033203608381548
1582080,515,0,0,-0.001075592419753472,4.861914086341858,3.472416015466054,0.004785517537193081,8e-05,0.005,0,0,0,143.3188161964732,0.0994140625,0.8113623261451721,62.585601385434465,0,0,0,0,0
1585152,516,-15.535914282789804,33.0,0.0009846582284404172,4.3644256106129395,3.4697971829661616,0.007751545328511648,8e-05,0.005,1.0,0.0,0.0,262.26828289479954,0.14286747685185186,0.8302459120750427,45.72539442556876,2.753202612306074,0.46125487203321625,0.0,0,0.030786299558413686
1588224,517,0,0,0.002613413380458951,3.416295365492503,3.4493935823440554,0.009141967319497664,8e-05,0.005,0,0,0,268.7461601544085,0.17649739583333332,0.8269222378730774,70.0368336280187,0,0,0,0,0
1591296,518,-14.045795421611459,31.3,0.004801596540750729,3.6180654764175415,3.214143024550544,0.014247998297738172,8e-05,0.005,1.0,0.0,0.0,257.6353241693907,0.2099609375,0.8398839831352234,40.16701199611028,2.695843101082463,0.48959746166804863,0.0,0,0.028845901765606745
1594368,519,0,0,-0.0006465816327060263,3.245629620552063,3.217551561196645,0.007260936532599318,8e-05,0.005,0,0,0,270.6188597011047,0.1701171875,0.8713558316230774,56.75150256156921,0,0,0,0,0
1597440,520,-10.821146303157288,36.4,0.009993871782234934,3.3215212655621906,3.2525803710139076,0.015337748103783612,8e-05,0.005,1.0,0.0,0.0,268.9571432054375,0.26744186046511625,0.8624263405799866,38.65200433065725,3.0377219464188987,0.46963231044912723,0.0,0,0.032515433046710764
1600512,521,0,0,0.023570607917813156,3.3885803130956798,3.363265092556293,0.0285708879505789,8e-05,0.005,0,0,0,273.61875865497126,0.4113581730769231,0.8592025637626648,38.860851948077865,0,0,0,0,0
1603584,522,-7.549852129666126,42.9,-0.0009530393280467745,5.54575909598399,3.420285972498231,0.010981572197036556,8e-05,0.005,1.0,0.0,0.0,261.58935733106256,0.2204051906779661,0.8294183015823364,43.05576371338408,3.1241868155603987,0.46198547213609675,0.0,0,0.05401189761352593
1606656,523,0,0,-0.0002199022988365455,9.16391798582944,3.503648416562514,0.011584150591678806,8e-05,0.005,0,0,0,278.36998190808185,0.2137784090909091,0.8116962909698486,84.14897255464034,0,0,0,0,0
1609728,524,-13.464807265938177,37.8,-0.005307708176163336,13.053455702463786,3.336478118101756,0.00755684721468347,8e-05,0.005,1.0,0.0,0.0,259.3132168072631,0.19449869791666666,0.7053453326225281,96.60989689826965,3.1413852417201715,0.49536500727459315,0.0,0,0.034478484092992645
1612800,525,0,0,-0.0036374992225319145,8.069800726572673,3.2924831032752992,0.004929011326873771,8e-05,0.005,0,0,0,264.54693027444534,0.13489583333333333,0.8282400369644165,63.63536073366801,0,0,0,0,0
1615872,526,4.8075526299187485,55.3,-0.007313616212685497,8.507714028261146,3.272632340995633,0.013342233607548987,8e-05,0.005,1.0,0.0,0.0,267.35100235706403,0.2538265306122449,0.867937445640564,54.27176888135015,3.6489159882867384,0.4444289038842812,0.0,0,0.06493492998957703
1618944,527,0,0,0.0024883117188106885,15.328837871551514,3.2872819846326653,0.02109214176149216,8e-05,0.005,0,0,0,250.8313099194036,0.29771839488636365,0.8176965713500977,76.95613728870045,0,0,0,0,0
1622016,528,-4.507959258415496,43.0,-0.001980012781651957,6.238841272535778,3.1312910488673618,0.01450116065375593,8e-05,0.005,1.0,0.0,0.0,272.6452405163011,0.29013206845238093,0.8812304735183716,50.697195677530196,3.4689909669072363,0.5310371813974013,0.0,0,0.05656827975514781
1625088,529,0,0,-0.006309192291357451,12.471967299779257,3.2468368543518915,0.012959181192053353,8e-05,0.005,0,0,0,266.58867406825357,0.2507052951388889,0.8509912490844727,54.79082742002275,0,0,0,0,0
1628160,530,6.354473337189511,58.4,0.003976114304556,30.103939302505985,3.4301216217779342,0.015792277810592205,8e-05,0.005,1.0,0.0,0.0,268.92400126897195,0.2593876008064516,0.6003847718238831,149.45681916513752,4.273504731034165,0.7301707544546615,0.0,0,0.09224820714270476
1631232,531,0,0,-0.0036201566302527985,32.741812006632486,3.317819865544637,0.004149563400039379,8e-05,0.005,0,0,0,264.09994724929766,0.10904947916666667,0.7045570611953735,115.1074659983317,0,0,0,0,0
1634304,532,30.685235556921903,97.6,-0.004107716904642681,61.09202289581299,3.3986377437909443,0.006883334511928168,8e-05,0.005,1.0,0.0,0.0,279.54743752197373,0.15130208333333334,0.6185246706008911,163.81955795288087,5.1395950261401735,0.7384329558928918,0.0,0,0.15101556340450353
1637376,533,0,0,-0.0007181040787448485,51.06524219512939,3.5257424116134644,0.0032977014367770777,8e-05,0.005,0,0,0,266.1707807287417,0.06311848958333334,0.7150038480758667,176.77984453837078,0,0,0,0,0
1640448,534,21.543233727250346,89.8,-0.0009782065792630116,50.254160181681314,3.6396049936612447,0.0034657122830478505,8e-05,0.005,0.9,0.1,0.0,262.8562660392504,0.06083984375,0.7594413161277771,125.75785013834636,5.307732452136884,0.9666760111499345,0.0,0,0.1521515478398988
1643520,535,0,0,-0.002083359798416495,69.47412656148275,3.502290491263072,0.0016373840149175756,8e-05,0.005,0,0,0,246.5112959854684,0.029654947916666667,0.6782094240188599,139.03166929880777,0,0,0,0,0
1646592,536,18.77908421349302,74.9,-0.003558721005295714,70.92916405995688,3.490508472919464,0.002844995347097965,8e-05,0.005,1.0,0.0,0.0,258.3738870061529,0.06116536458333333,0.7099206447601318,159.13441127141317,5.094102262927874,0.7337455219175668,0.0,0,0.12040483185904269
1649664,537,0,0,-0.002603051842500766,81.61111920674642,3.4849475344022114,0.0024630754996936943,8e-05,0.005,0,0,0,222.19822312151442,0.05234375,0.6142846345901489,142.35754194259644,0,0,0,0,0
1652736,538,39.61904938064753,104.1,-0.0032394347557177148,63.77630221048991,3.3258105834325153,0.003742252603665175,8e-05,0.005,0.8,0.2,0.0,195.5309507441265,0.07200520833333333,0.5991815328598022,191.1000145594279,5.649768710812912,0.6380710326820396,0.0,0,0.1699967182483997
1655808,539,0,0,-0.0031080421060323713,67.90873641967774,3.386055076122284,0.0040880380698013,8e-05,0.005,0,0,0,219.90157871079828,0.09716796875,0.6952589154243469,174.5136520385742,0,0,0,0,0
1658880,540,87.77729372040818,186.4,-0.003067504319672783,64.01819871266683,3.391474489370982,0.004249890567465068,8e-05,0.005,0.7,0.3,0.0,252.18541094429602,0.09521484375,0.7096669673919678,148.16077944437663,6.153638982848268,0.6095662483015075,0.0,0,0.29575400299460053
1661952,541,0,0,-0.0027699873161812624,83.94038823445638,3.3951699256896974,0.0035236354697821704,8e-05,0.005,0,0,0,264.4085414561788,0.06979166666666667,0.6427136063575745,179.6525934537252,0,0,0,0,0
1665024,542,72.36771263150514,128.2,-0.0032500596613519723,78.92713377210829,3.4264097107781306,0.00819220172755953,8e-05,0.005,0.9,0.1,0.0,259.4199584880612,0.12230902777777777,0.6940051317214966,131.69784800211588,7.2260122680089065,0.5631589542606302,0.0,0,0.28603962835164487
1668096,543,0,0,0.00020258778240531684,56.61238098144531,3.508636216322581,0.005627468129389825,8e-05,0.005,0,0,0,237.18310780272466,0.12223307291666667,0.7412198781967163,200.6759104092916,0,0,0,0,0
1671168,544,65.53061981835978,167.6,-0.0024956231160710254,73.4049659093221,3.523910137017568,0.006289930069278571,8e-05,0.005,0.7,0.3,0.0,239.26062811323203,0.10416666666666667,0.7010073661804199,155.47364139556885,7.364459150312773,0.9293223734848122,0.0,0,0.38087849302244015
1674240,545,0,0,-0.0030055129745354256,46.5711940129598,3.6123319427172342,0.0034212491547833245,8e-05,0.005,0,0,0,249.112071357222,0.08343098958333334,0.8124450445175171,206.58922430674235,0,0,0,0,0
1677312,546,114.19553389996877,181.0,-0.0022083889848242204,70.04403705596924,3.6465899268786113,0.0030977719933945047,8e-05,0.005,0.8,0.2,0.0,247.08690069320627,0.07054036458333333,0.7352862358093262,195.0178771018982,7.213911023308758,0.6540024509437901,0.0,0,0.3531740837458014
1680384,547,0,0,-0.002019712996358673,67.3762368520101,3.7100329836209616,0.0020838658907484566,8e-05,0.005,0,0,0,239.2993137935459,0.04091796875,0.7457188367843628,266.3649733861287,0,0,0,0,0
1683456,548,191.56823008170514,259.6,-0.002283928046623866,78.1210947672526,3.7102388302485148,0.003185669504700645,8e-05,0.005,0.9,0.1,0.0,217.5087428798684,0.07333984375,0.7631531357765198,306.41579291025795,7.665565386408629,0.5853234591745854,0.0,0,0.5431345297178779
1686528,549,0,0,-0.0031483036931604148,71.41795597076415,3.7090480804443358,0.003782090348495302,8e-05,0.005,0,0,0,236.84470032649156,0.08590494791666667,0.7367822527885437,252.6188579559326,0,0,0,0,0
1689600,550,178.04336968337495,255.7,-0.0019457800313830375,85.81708717346191,3.571785271167755,0.005128129992593062,8e-05,0.005,0.5,0.3,0.2,245.05701661493518,0.11435546875,0.7874983549118042,332.55421562194823,7.335757254442543,0.5250130474883552,0.0,0,0.5378727720190397
1692672,551,0,0,-0.0011733362451195716,77.29151515960693,3.6704532146453857,0.0020933467934844668,8e-05,0.005,0,0,0,225.93189177343368,0.04189453125,0.7466170787811279,255.27727216084799,0,0,0,0,0
1695744,552,134.89611446988204,175.1,-0.0017945354649176201,72.7499402364095,3.70475656191508,0.0030560049766820514,8e-05,0.005,0.9,0.1,0.0,218.28746677507314,0.0671875,0.7786133289337158,275.09865417480466,7.906795138538227,0.6240972699947454,0.0,0,0.4126628949174388
1698816,553,0,0,-0.00048087479857107006,95.10863876342773,3.714403001467387,0.004055130149940036,8e-05,0.005,0,0,0,203.5754164657822,0.08258463541666666,0.6725891828536987,298.204577700297,0,0,0,0,0
1701888,554,115.43333665987356,168.6,-0.0008469864881287018,106.77533721923828,3.6234631021817525,0.0020165028719962034,8e-05,0.005,0.7,0.3,0.0,192.59884877477649,0.04375,0.6931335926055908,351.4096144358317,7.503919120253667,0.5580117603861926,0.0,0,0.36218087587583014
1704960,555,0,0,-5.724037376542886e-05,122.55282440185547,3.5484076857566835,0.005010636588124998,8e-05,0.005,0,0,0,243.9565230381344,0.10244140625,0.6832448244094849,315.6388359069824,0,0,0,0,0
1708032,556,162.57964998580974,272.1,-0.0026953891074905792,87.95492922465006,3.673117132981618,0.0029803633995501675,8e-05,0.005,0.7,0.2,0.1,229.42551818778634,0.06282552083333333,0.7702115774154663,293.0514753977458,7.313510832500526,0.6514971459753154,0.0,0,0.48825173274282496
1711104,557,0,0,-0.001626764020572106,83.6679318745931,3.6913039644559222,0.0022531723083857895,8e-05,0.005,0,0,0,234.66780080283772,0.04375,0.8175402879714966,378.93727531433103,0,0,0,0,0
1714176,558,113.3393845553539,177.4,-0.0014892112696543336,101.1829439798991,3.602738539377848,0.0026760419481473077,8e-05,0.005,0.9,0.1,0.0,237.08225182860625,0.05120442708333333,0.6523241996765137,469.5513568878174,7.936080969088832,0.7006567431867976,0.0,0,0.3608862264603035
1717248,559,0,0,-0.0029420392820611596,75.7362185796102,3.66610058148702,0.0033089822012739834,8e-05,0.005,0,0,0,249.1049001771935,0.080078125,0.8549257516860962,360.857900428772,0,0,0,0,0
1720320,560,196.9257544809834,245.4,0.0010832059507568678,105.60728530883789,3.6343312581380207,0.0061460852804923576,8e-05,0.005,0.6,0.2,0.2,234.5664160703959,0.12194010416666666,0.7708192467689514,338.1777733484904,7.838769213767511,0.5184682225289478,0.0,0,0.568153413461405
1723392,561,0,0,0.00033632603008300067,86.00719909667968,3.6552881399790444,0.006861061779641928,8e-05,0.005,0,0,0,229.81159974722493,0.11884765625,0.8205732107162476,372.48319409688315,0,0,0,0,0
1726464,562,168.87144128722338,231.8,-0.0011674503485361734,94.22639312744141,3.80289413134257,0.0031513011679672968,8e-05,0.005,0.8,0.2,0.0,217.21411792265795,0.06529947916666666,0.7599882483482361,287.4569818496704,7.710221261262925,0.4807424650936457,0.0,0,0.4314802535732019
1729536,563,0,0,-0.0008371335842336218,115.0009874979655,3.5303162574768066,0.002166124457778271,8e-05,0.005,0,0,0,244.11309519005442,0.045084635416666664,0.7803196310997009,633.2983587900798,0,0,0,0,0
1732608,564,172.7569010103551,247.3,-0.0012648934837092053,94.66823647238992,3.6550737597725607,0.007617497693128104,8e-05,0.005,0.8,0.1,0.1,132.15648197402118,0.1298650568181818,0.657673716545105,384.5847410722212,7.935941157216741,0.5344479452923996,0.0,0,0.4585218724732848
1735680,565,0,0,0.003172364534001868,149.96388230233822,3.3485377374685035,0.007866413764146781,8e-05,0.005,0,0,0,249.38315449931474,0.16970076650943397,0.7219088673591614,617.3432641659143,0,0,0,0,0
1738752,566,185.69532938262495,235.0,0.0003240034294625123,122.31790313720703,3.4824464758237204,0.003583526494918459,8e-05,0.005,0.6,0.4,0.0,226.14539147987196,0.07669270833333333,0.7090053558349609,449.8513594309489,8.453346885694872,0.4228654120646095,0.0,0,0.5530988811148669
1741824,567,0,0,-0.00022090044803917407,119.93149248758952,3.657093795140584,0.003939962894465813,8e-05,0.005,0,0,0,223.92845746737228,0.07757161458333334,0.7184933423995972,394.16194642384846,0,0,0,0,0
1744896,568,179.0190558960318,209.8,5.0464916663865246e-05,119.0680419921875,3.643730342388153,0.005568718368894441,8e-05,0.005,1.0,0.0,0.0,240.72235955219284,0.10081380208333333,0.6325335502624512,350.81454327901207,7.710374265691482,0.33038714266758157,0.0,0,0.4363266287357711
1747968,569,0,0,0.004790992540275228,138.5250717689251,3.4779894598599137,0.052196507999765246,8e-05,0.005,0,0,0,234.2657299408464,0.28596443965517243,0.7697757482528687,322.36329335179823,0,0,0,0,0
1751040,570,185.4853114477716,260.0,0.0609099380671978,143.2867196890024,3.5380285519819994,0.23240293082425298,8e-05,0.005,0.7,0.1,0.2,250.29368964496138,0.6159855769230769,0.6643081903457642,445.0079674353966,8.52716228759798,0.6495646380714856,0.0,0,0.5818010280072997
1754112,571,0,0,0.05078682090554919,90.9301528930664,3.882077387401036,0.08970999644539798,8e-05,0.005,0,0,0,227.21369433446935,0.5749162946428571,0.7189110517501831,746.00193132673,0,0,0,0,0
1757184,572,189.4915876686967,230.7,0.014654051154278792,94.5111592610677,3.649038009154491,0.0191843381109938,8e-05,0.005,0.6,0.2,0.2,249.84302308287891,0.2731370192307692,0.8270947337150574,344.41064247718225,7.8865187320867465,0.5607473590004893,0.0,0,0.4498728169943874
1760256,573,0,0,-1.1719025981922945e-05,112.24019635518393,3.631399428844452,0.004072838972210304,8e-05,0.005,0,0,0,250.92801985846032,0.08916015625,0.7016636729240417,471.68020451863606,0,0,0,0,0
1763328,574,219.0399534294364,252.4,-0.0006618358272438248,100.39130579630533,3.4692359447479246,0.0030144764012269556,8e-05,0.005,0.5,0.3,0.2,254.96354355681146,0.0521484375,0.7764672636985779,463.3431687672933,8.00719017984984,0.4913763844049872,0.0,0,0.5507883078243082
1766400,575,0,0,0.004928567380245242,109.07117189679828,3.627770721912384,0.015848333551350034,8e-05,0.005,0,0,0,231.60297400974235,0.22453962053571427,0.784105658531189,262.03102929251537,0,0,0,0,0
1769472,576,243.60313537959937,313.2,0.08986923797056079,117.55478986104329,3.5700496832529702,0.35669340115663956,8e-05,0.005,0.5,0.1,0.4,227.1493968286988,0.65771484375,0.753804624080658,438.71519724527997,7.76213436168752,0.503078141804923,0.0,0,0.6481705462317311
1772544,577,0,0,0.0009159587323665618,159.6135114034017,3.4952245712280274,0.005896219262775698,8e-05,0.005,0,0,0,261.2541032109377,0.10930989583333334,0.6302727460861206,310.7810216267904,0,0,0,0,0
1775616,578,227.26355992883992,295.9,0.00119236766671141,117.29039891560872,3.7055118441581727,0.006310937954317658,8e-05,0.005,0.7,0.2,0.1,251.89853250441502,0.12779947916666667,0.7492585182189941,336.15760180155434,7.860307951745149,0.48809716397941233,0.0,0,0.5365222025815781
1778688,579,0,0,0.0027103683862246966,88.85173744067811,3.852573131260119,0.0077405124458560905,8e-05,0.005,0,0,0,221.0676536853528,0.13233278508771928,0.8192927837371826,393.60398771051774,0,0,0,0,0
1781760,580,146.996596572551,173.5,0.006335745146498084,149.09094772338867,3.573479247093201,0.01562510750228246,8e-05,0.005,0.6,0.3,0.1,248.28035665238994,0.222265625,0.7225474119186401,373.2402280807495,7.756358232031539,0.44357435031884035,0.0,0,0.3754977076556935
1784832,581,0,0,0.0004618536060055097,111.40725669860839,3.717587463061015,0.005435645581265964,8e-05,0.005,0,0,0,220.37964883377228,0.10960286458333333,0.6784856915473938,471.9806749343872,0,0,0,0,0
1787904,582,288.91204034745317,343.8,0.002725623395978188,105.54741995675224,3.7246749206465117,0.012264050101416988,8e-05,0.005,0.5,0.0,0.5,226.9370277448084,0.19052933673469388,0.7253379821777344,452.26577525236166,8.167411459083848,0.4405007836901199,0.0,0,0.7367819202258625
1790976,583,0,0,0.004480751268075485,142.11048869082802,3.6224539028970817,0.010615457865319665,8e-05,0.005,0,0,0,229.8218719422065,0.17742598684210525,0.6288227438926697,518.4325188084653,0,0,0,0,0
1794048,584,186.36145655676788,195.4,-0.00028677682081858317,99.59998486836751,3.537170100212097,0.00557604264541123,8e-05,0.005,0.9,0.1,0.0,210.31841745717858,0.11129557291666667,0.7090349793434143,347.7770286560059,8.523801483012997,0.32996129987720735,0.0,0,0.4135145467889375
1797120,585,0,0,-0.0019633148175974688,106.99324417114258,3.58880641857783,0.0035235100336087617,8e-05,0.005,0,0,0,156.1092992951972,0.06848958333333334,0.7150689363479614,353.19525820414225,0,0,0,0,0
1800192,586,157.7398327982409,185.2,0.007544349524236861,141.0284778050014,3.3476306824457076,0.013524738856926248,8e-05,0.005,0.9,0.0,0.1,243.62637333714517,0.21754092261904762,0.7046884298324585,399.1953228541783,7.927044866290456,0.4241628428306691,0.0,0,0.4442360105259976
1803264,587,0,0,0.03328280920456899,144.45599847090872,3.593506097793579,0.049728307309330505,8e-05,0.005,0,0,0,201.32555706080822,0.43081825657894735,0.7594606876373291,473.85456968608656,0,0,0,0,0
1806336,588,172.83967498042244,195.0,0.006509665050543845,158.59203386306763,3.5458837300539017,0.023345062252709534,8e-05,0.005,0.8,0.1,0.1,189.85747125339287,0.258056640625,0.6573700904846191,491.65144968032837,9.433672237306794,0.5422359916481186,0.0,0,0.5123960363505099
1809408,589,0,0,0.07565054913552907,159.77440819373498,3.4752949384542613,0.14180315536664342,8e-05,0.005,0,0,0,218.3826895189748,0.6030649038461539,0.7429851293563843,752.5858717698318,0,0,0,0,0
1812480,590,202.94365754300668,280.0,0.0011762993410229683,135.82623748779298,3.558501091003418,0.008378497938401164,8e-05,0.005,0.9,0.1,0.0,235.05562748253743,0.159921875,0.7825785875320435,537.1986734008789,8.20013323185008,0.4995745395873895,0.0,0,0.5719345169534108
1815552,591,0,0,0.004565175986144601,159.04532344166824,3.3473589478469474,0.012551377513949118,8e-05,0.005,0,0,0,233.7569374135662,0.16539634146341464,0.7328425645828247,573.0966648008765,0,0,0,0,0
1818624,592,198.33724939573048,206.9,-0.0012030000255132715,97.07870521545411,3.757968580722809,0.005322741263629999,8e-05,0.005,0.4,0.4,0.2,207.41991498761234,0.10615234375,0.8023415803909302,366.2172445933024,8.182239905812455,0.35994540260223784,0.0,0,0.45982706807370477
1821696,593,0,0,0.0034376351371863665,96.45160410355548,3.7405624681589553,0.010323254576872071,8e-05,0.005,0,0,0,233.82517061019706,0.15971779336734693,0.8302923440933228,431.93327705227597,0,0,0,0,0
1824768,594,277.30359821891795,288.0,0.0010805575332293908,108.9781379699707,3.643237511316935,0.004380840955619464,8e-05,0.005,0.5,0.1,0.4,270.0274987536412,0.09440104166666667,0.8011305928230286,539.5813575744629,8.229206452772235,0.4178116681485974,0.0,0,0.6142206049776464
1827840,595,0,0,0.0053603945908924705,91.57721152672401,3.8881532412308912,0.012072744836380963,8e-05,0.005,0,0,0,225.0157195764119,0.19681490384615385,0.6855770945549011,268.5647040147048,0,0,0,0,0
1830912,596,213.8034702353847,257.4,0.0036278558533866796,90.97126053790657,3.678211362994447,0.009460724328356429,8e-05,0.005,0.7,0.2,0.1,230.16199111841252,0.15553252551020408,0.8141622543334961,401.03184727260043,8.179091563134282,0.468702806218649,0.0,0,0.48099316466636416
1833984,597,0,0,0.011771853530296573,118.70974222819011,3.652356421505963,0.03902267990634842,8e-05,0.005,0,0,0,246.32635215366386,0.34946469907407407,0.8127334117889404,442.7201936509874,0,0,0,0,0
1837056,598,290.66946786534305,347.8,0.008128132879862497,127.07785744502627,3.537238622533864,0.025945261554352547,8e-05,0.005,0.6,0.0,0.4,288.6848067109994,0.29465247844827586,0.8177785873413086,631.8209991455078,7.941564997539887,0.5451617384737016,0.0,0,0.6789603079091691
1840128,599,0,0,0.022796143946999855,109.88680614124645,3.462394887750799,0.04638233675294722,8e-05,0.005,0,0,0,296.07658627829335,0.40571732954545453,0.8405737280845642,524.7181510925293,0,0,0,0,0
1843200,600,190.56068975747846,249.4,0.005466960860710395,109.88897343685753,3.8123480520750346,0.015381126817764977,8e-05,0.005,0.4,0.3,0.3,274.12218934858373,0.2148951480263158,0.8362860679626465,591.7552219190096,7.852182844315434,0.6921928509040793,0.0,0,0.5614628637871422
1846272,601,0,0,0.0037505963658232516,97.04001803514434,3.6480115390405423,0.010398069902035604,8e-05,0.005,0,0,0,265.7487636813445,0.18292682926829268,0.8170529007911682,383.13650494087034,0,0,0,0,0
1849344,602,258.16069387655057,301.4,0.010653686029120134,115.43613844651442,3.4781773823958178,0.025170963157941675,8e-05,0.005,0.6,0.0,0.4,265.2838015365577,0.3043870192307692,0.8521146178245544,445.55176602877106,8.027972694090874,0.6446449876811775,0.0,0,0.657609488938683
1852416,603,0,0,0.0014258100566538897,150.1819854736328,3.6530155875466086,0.00792271387023063,8e-05,0.005,0,0,0,246.69318314055508,0.14350142045454545,0.7565948367118835,364.7508814031427,0,0,0,0,0
1855488,604,191.22596249297465,248.7,0.042255410877987745,88.66821556091308,3.610116350650787,0.07633324733471089,8e-05,0.005,0.8,0.2,0.0,285.116159066421,0.4009765625,0.8061060905456543,485.0299579620361,7.666097265898732,0.3974891490385207,0.0,0,0.5139155283629232
1858560,605,0,0,0.030875312040249507,120.49083201090495,3.6589539845784507,0.06941899394928684,8e-05,0.005,0,0,0,270.80307601009474,0.43502604166666664,0.8066891431808472,491.67388203938805,0,0,0,0,0
1861632,606,63.8784442369096,155.2,0.011357623462875685,313.3793347676595,3.443159580230713,0.030438941476569392,8e-05,0.005,0.9,0.1,0.0,277.1633351996739,0.3535970052083333,0.4936066269874573,1445.4867369333904,8.167978821231069,0.6530611471459109,0.0,0,0.35598710324079963
1864704,607,0,0,0.06182066637736101,225.62209730881912,3.4357971228086033,0.0946083461794328,8e-05,0.005,0,0,0,273.0680208400488,0.5737680288461539,0.603408932685852,1177.5430626502405,0,0,0,0,0
1867776,608,115.20946216768557,264.4,0.0037195683495762446,191.229341506958,3.810088058312734,0.01154446274813923,8e-05,0.005,0.7,0.1,0.2,241.3911438769429,0.21870930989583334,0.513043224811554,583.6601295471191,6.863570469209931,0.5817947876529843,0.0,0,0.533011534937806
1870848,609,0,0,-0.0007311388927822312,235.90065790812176,3.4353193680445355,0.008631749297891721,8e-05,0.005,0,0,0,293.4847526050472,0.19599609375,0.4837237596511841,1034.1674973805746,0,0,0,0,0
1873920,610,127.78874413321235,222.4,0.016542558651417495,122.8392318725586,3.7680571556091307,0.034415068861580855,8e-05,0.005,0.5,0.5,0.0,274.16533442435724,0.40458984375,0.5645518898963928,406.07568016052244,7.117849513707395,0.5488543576613948,0.0,0,0.3999670924453263
1876992,611,0,0,0.0192190421075793,173.80907440185547,3.685563452541828,0.05347782779427649,8e-05,0.005,0,0,0,256.802444371304,0.333740234375,0.5073399543762207,587.4516546726227,0,0,0,0,0
1880064,612,291.3900539511214,338.7,0.08564112956325214,122.22194290161133,3.8229035139083862,0.14118221636942088,8e-05,0.005,0.4,0.1,0.5,271.45580334053926,0.59130859375,0.6472172737121582,430.04783630371094,7.915611057309171,0.3996191168259081,0.0,0,0.7446795206088928
1883136,613,0,0,0.03522156400140375,83.04162502288818,3.7633769661188126,0.09124942430936787,8e-05,0.005,0,0,0,274.9110839467069,0.5091552734375,0.6930277943611145,537.6695756912231,0,0,0,0,0
1886208,614,93.07492617392242,153.0,-0.0007154602184891701,141.17469329833983,3.705107078552246,0.007177173001703582,8e-05,0.005,0.9,0.0,0.1,251.6036587141145,0.140703125,0.567339301109314,367.69017562866213,6.7598342965209355,0.5706189602663334,0.0,0,0.3245171993846633
1889280,615,0,0,0.00021245370485952923,143.82935457813497,3.811274445786768,0.00987136376694493,8e-05,0.005,0,0,0,245.01107051542658,0.1712372448979592,0.6851596832275391,492.7406890246333,0,0,0,0,0
1892352,616,79.88403919985092,143.6,-0.0017445269285848266,169.31206017209772,3.7026389858178925,0.008002779134062978,8e-05,0.005,0.7,0.3,0.0,265.770733425758,0.16437088815789475,0.5016877055168152,617.5726453546893,7.024760660403885,0.5245204952234518,0.0,0,0.28873832020080864
1895424,617,0,0,0.00507389334961772,119.51942420005798,3.6845771595835686,0.02029864110773595,8e-05,0.005,0,0,0,278.7957741465701,0.257568359375,0.6865378618240356,350.1540448665619,0,0,0,0,0
1898496,618,151.06566579196007,177.2,0.0014458751962096853,127.04377469149503,3.576717447150837,0.013420749570127705,8e-05,0.005,0.6,0.4,0.0,292.7230403661899,0.19526811079545456,0.6013615131378174,330.1853916861794,7.9505998199155865,0.45214289197781277,0.0,0,0.4015097319030237
1901568,619,0,0,0.002952124900184572,97.21843757629395,3.717195995648702,0.00805943185309071,8e-05,0.005,0,0,0,290.7624569079875,0.14296875,0.7414013147354126,333.06327101389564,0,0,0,0,0
1904640,620,306.1823451845488,436.6,-0.0009726403554066502,68.89355495058257,3.8431119014476907,0.005427427329971219,8e-05,0.005,0.3,0.2,0.5,289.2672282901328,0.09711745689655173,0.6451458930969238,410.5290695716595,7.215390968517485,0.43177655431965667,0.0,0,0.8013056749015511
1907712,621,0,0,0.002627492021277266,102.03213184284714,3.770705852868422,0.009574484466668398,8e-05,0.005,0,0,0,292.33903200262137,0.17603920990566038,0.6669729351997375,374.3448243051205,0,0,0,0,0
1910784,622,258.0566966980567,296.5,0.002850153662550908,87.64073577293983,3.734984576702118,0.00947295824125625,8e-05,0.005,0.7,0.0,0.3,320.8531718389123,0.1463341346153846,0.7449195384979248,338.7478297306941,7.439533859115498,0.4576881998881923,0.0,0,0.5834317979406565
1913856,623,0,0,0.010113364217155005,108.96124101721722,3.850141281666963,0.012807519717966166,8e-05,0.005,0,0,0,284.5123855135303,0.20626698369565216,0.7000786662101746,327.9497489929199,0,0,0,0,0
1916928,624,226.6437204563165,300.3,0.00774507781135894,91.35417411440895,3.7431392612911405,0.013272222300577815,8e-05,0.005,0.7,0.0,0.3,263.4711113637581,0.21456473214285715,0.8247883319854736,493.2252420697893,6.93148602887897,0.5984721596247726,0.0,0,0.5890459691947927
1920000,625,0,0,0.006231142294614814,142.67071675145348,3.648733848749205,0.013489856376583077,8e-05,0.005,0,0,0,302.5134939536871,0.19513081395348839,0.6344467401504517,752.7980284579965,0,0,0,0,0
1923072,626,243.27539660637058,293.3,0.009097749483771622,112.4222485224406,3.7563462356726327,0.020726363402613607,8e-05,0.005,0.4,0.1,0.5,305.3907528255792,0.3089192708333333,0.7811087369918823,457.62040789922077,7.469444831045368,0.6477423346533516,0.0,0,0.6757924921389287
1926144,627,0,0,0.003997734016073602,88.65595517839704,3.9830690877778188,0.018287027134139704,8e-05,0.005,0,0,0,244.1504931223789,0.26436941964285715,0.8091564178466797,329.2981466565813,0,0,0,0,0
1929216,628,283.50471564831156,368.1,0.056850999763066117,115.67689444802024,3.98881535096602,0.06567170132297656,8e-05,0.005,0.6,0.1,0.3,278.15775928650834,0.6166548295454546,0.8261820077896118,642.753977688876,6.824982535863112,0.6394680106453581,0.0,0,0.6471293899470141
1932288,629,0,0,0.10772285991432992,91.42478873512961,3.83400238643993,0.40666898475454116,8e-05,0.005,0,0,0,293.8427801218737,0.7194602272727273,0.8529772162437439,500.8988279862837,0,0,0,0,0
1935360,630,212.68670468454224,278.9,0.023503018881786953,122.49254192005505,3.8520648912949995,0.05714723908090846,8e-05,0.005,0.7,0.1,0.2,298.81526990355604,0.5799005681818182,0.7792654633522034,538.5077556263317,7.588120120089547,0.5920698840759024,0.0,0,0.5711151446019661
1938432,631,0,0,0.0024437655841833667,79.87471925166615,3.857286386322557,0.0074700600091867015,8e-05,0.005,0,0,0,308.44273410030235,0.14028234649122806,0.842488169670105,338.3388860602128,0,0,0,0,0
1941504,632,322.82071254558946,373.4,0.014336686643461386,81.50941950480143,4.075244363149007,0.021911491847526117,8e-05,0.005,0.3,0.1,0.6,267.4529675238013,0.3157552083333333,0.811614990234375,390.3578318277995,7.668604757697578,0.37938787999979307,0.0,0,0.8252557564573049
1944576,633,0,0,0.008752141256506245,114.61226298014323,3.8157073974609377,0.019538502616350054,8e-05,0.005,0,0,0,271.1077367204644,0.29661458333333335,0.7082489132881165,423.57653477986656,0,0,0,0,0
1947648,634,216.10848657983715,307.2,0.0006056307659794887,92.83311095061126,3.8200921526661626,0.008083602335940587,8e-05,0.005,0.7,0.1,0.2,301.41651372712954,0.16319444444444445,0.7338169813156128,471.19519933064777,7.517370316735703,0.393644098862522,0.0,0,0.578349009538055
1950720,635,0,0,-0.0020817091222852468,156.77489598592123,3.634393747647603,0.003980765488818197,8e-05,0.005,0,0,0,285.689779511663,0.08388671875,0.6323028802871704,603.7702690124512,0,0,0,0,0
1953792,636,191.03534064717724,244.1,0.009313792921602726,101.01883575439453,3.983620138168335,0.013708334763075803,8e-05,0.005,0.5,0.3,0.2,285.53310074045714,0.2480078125,0.7457103133201599,360.27422393798827,7.89413511257618,0.42188879816891756,0.0,0,0.46313640109773163
1956864,637,0,0,0.01159672173397506,126.7171168607824,3.835529797217425,0.030957996614134987,8e-05,0.005,0,0,0,291.09523712378365,0.27096737132352944,0.5955792665481567,363.91801878985234,0,0,0,0,0
1959936,638,252.75935469923448,302.8,0.0022047547500510262,124.0555169447413,3.6638810274735936,0.0072643165268002985,8e-05,0.005,0.5,0.2,0.3,284.2506154287776,0.12367334905660378,0.7128485441207886,374.6238599093455,7.128950808876877,0.42334246632274936,0.0,0,0.5972775650362172
1963008,639,0,0,0.002432144788683069,93.33902102100606,3.936705394667022,0.008372806480673659,8e-05,0.005,0,0,0,256.5698692564949,0.14576690051020408,0.7375849485397339,343.69251266790894,0,0,0,0,0
1966080,640,270.23775023084477,310.4,0.024298478087241,102.4347591978131,3.7989555922421543,0.031889237886813256,8e-05,0.005,0.7,0.0,0.3,298.10362975455485,0.3448153409090909,0.7884778380393982,319.515711813262,8.06831583523201,0.3293464200483537,0.0,0,0.6635142904446587
1969152,641,0,0,0.0011009258641438051,146.15464477539064,3.697286930951205,0.007765697408473956,8e-05,0.005,0,0,0,278.1801291041975,0.13167613636363637,0.7305326461791992,491.00478418523613,0,0,0,0,0
1972224,642,250.6379386538052,283.6,0.0015533560266097386,86.47880621517406,3.994332939970727,0.011259833236935935,8e-05,0.005,0.6,0.0,0.4,239.3786260959319,0.1780407475490196,0.6141445636749268,246.04337378109201,7.873745700031149,0.4131366028735897,0.0,0,0.6502623307248179
1975296,643,0,0,0.000991869784359421,106.75791495186942,3.6781504239354814,0.009864359861245942,8e-05,0.005,0,0,0,296.43710912882096,0.17501395089285715,0.7110484838485718,304.0536043984549,0,0,0,0,0
1978368,644,272.36572297376074,316.5,0.0016157691134139895,116.07176751356859,3.5996886675174418,0.010283686422146037,8e-05,0.005,0.8,0.0,0.2,309.61791555894615,0.1603064903846154,0.6679915189743042,339.17238866365875,7.902556779191919,0.4537664175668378,0.0,0,0.5995542530450892
1981440,645,0,0,0.012963958227863679,131.76980903821115,3.4260273529933047,0.018118013362175483,8e-05,0.005,0,0,0,316.1165229341646,0.18159054487179488,0.7640366554260254,525.9027040921725,0,0,0,0,0
1984512,646,390.04414029221095,431.6,0.00798507140756681,121.16581410375134,3.7297005242314833,0.020530244134824086,8e-05,0.005,0.2,0.1,0.7,270.1391278047904,0.31223060344827586,0.7090108394622803,432.7693878699993,7.563951899004623,0.4018280938193759,0.0,0,0.8589916889324268
1987584,647,0,0,0.028015265463008768,155.8308599562872,3.5547477858407155,0.03574289472976361,8e-05,0.005,0,0,0,270.18258039853964,0.39295014880952384,0.6944787502288818,428.6631847563244,0,0,0,0,0
1990656,648,317.7701923679187,351.0,0.039716085275778405,118.82107720008263,3.711601055585421,0.06610878908005807,8e-05,0.005,0.4,0.0,0.6,270.35126645583097,0.4885817307692308,0.7803856730461121,247.66396977351263,8.165798606956857,0.44504201207266786,0.0,0,0.791530836029134
1993728,649,0,0,0.04370237824817499,144.98716269599066,3.6391129891077676,0.05553069464968224,8e-05,0.005,0,0,0,273.63563327551014,0.4627821180555556,0.6690479516983032,455.57920413547095,0,0,0,0,0
1996800,650,324.7694733047972,383.7,0.014357953381381537,109.64350569875617,3.7374698739302787,0.0290039605767841,8e-05,0.005,0.7,0.1,0.2,279.7051190507641,0.3444695723684211,0.6535739302635193,584.3468117964895,7.8820882315270095,0.3250111459726588,0.0,0,0.7041230964387052
1999872,651,0,0,0.001976660080254078,104.7830564880371,3.7627655601501466,0.008216114768299098,8e-05,0.005,0,0,0,242.0354539839198,0.151875,0.8370469808578491,446.7738204956055,0,0,0,0,0
2002944,652,324.7310218623372,312.6,0.013596700081093744,121.6438796303489,3.685135993090543,0.030782686789871453,8e-05,0.005,0.4,0.1,0.5,263.5401159892141,0.36772017045454547,0.7808166742324829,590.1406908902255,8.624633723939912,0.31320359950814425,0.0,0,0.7216665513142126
